"ko","mean_est","shape","rate","method","prop_positive"
"K00001",251.616026420342,5.60180535650827,0.0222633090435586,"gamma_mle",1
"K00002",79.6426973492886,2.91088489479367,0.0365493007102386,"gamma_mle",1
"K00003",582.88097695753,21.8518260133358,0.0374893449558022,"gamma_mle",1
"K00004",19.6273557736685,1.44138883295489,0.0550783119836476,"zero_inflated_gamma",0.75
"K00005",197.698642966421,3.70973637957757,0.0186443162323379,"zero_inflated_gamma",0.993589743589744
"K00006",0,-1,-1,"zero",0
"K00007",1.25223751304863,0.885596953963886,0.0498674879252965,"zero_inflated_gamma",0.0705128205128205
"K00008",402.550646303263,6.31380644303519,0.0156845020645642,"gamma_mle",1
"K00009",45.1623042945133,1.56655857242852,0.0335755313078208,"zero_inflated_gamma",0.967948717948718
"K00010",397.090568825026,5.63843354374926,0.0141993640403829,"gamma_mle",1
"K00011",19.7844511617276,1.28839359801162,0.0492585881641513,"zero_inflated_gamma",0.756410256410256
"K00012",456.332333925231,9.17741302707179,0.0201112486334915,"gamma_mle",1
"K00013",487.061027530048,21.7917838696524,0.0447413827794054,"gamma_mle",1
"K00014",683.578129131432,36.3230284485051,0.0531366158461767,"gamma_mle",1
"K00015",67.4304721679408,2.54197987326741,0.037697791392242,"gamma_mle",1
"K00016",419.059390267478,5.80181097913353,0.0138448418383617,"gamma_mle",1
"K00018",473.704857940611,13.7973347463885,0.0291264370949691,"gamma_mle",1
"K00019",20.4064482137889,1.65505418573813,0.0592686518262401,"zero_inflated_gamma",0.730769230769231
"K00020",71.5689330094927,1.7473912404897,0.0241024801705477,"zero_inflated_gamma",0.987179487179487
"K00021",0.168851844407794,7.09311066755374,0.807844147953749,"zero_inflated_gamma",0.0192307692307692
"K00022",0,-1,-1,"zero",0
"K00023",2.3558476344967,1.35976634339315,0.0850981906493828,"zero_inflated_gamma",0.147435897435897
"K00024",202.571963114953,2.68516320617895,0.0132553546151656,"gamma_mle",1
"K00025",0,-1,-1,"zero",0
"K00026",0,-1,-1,"zero",0
"K00027",434.863765119522,13.189264969575,0.0303296481047345,"gamma_mle",1
"K00029",178.440231413582,2.19081546979921,0.0122775870242032,"gamma_mle",1
"K00030",127.380142874546,3.57838042318041,0.0280921369879816,"gamma_mle",1
"K00031",435.776912043481,15.1326767341308,0.0347257422683762,"gamma_mle",1
"K00032",1.74963109882191,1.49999940465771,0.137391545074306,"zero_inflated_gamma",0.16025641025641
"K00033",205.808094871437,2.64021503682519,0.0128285286274792,"gamma_mle",1
"K00034",41.4653015003018,1.59341365170288,0.0362106601592366,"zero_inflated_gamma",0.942307692307692
"K00035",1.74947516567131,2.32811794944561,0.0767741661722083,"zero_inflated_gamma",0.0576923076923077
"K00036",134.646603454534,2.41966354767016,0.0179704759391663,"gamma_mle",1
"K00038",20.0990088632461,1.31721341193474,0.0499923860535997,"zero_inflated_gamma",0.762820512820513
"K00039",0.404856945346486,1.80959593499203,0.114608125913009,"zero_inflated_gamma",0.0256410256410256
"K00040",207.648231171799,4.40532067406157,0.021215305563652,"gamma_mle",1
"K00041",238.085453442505,5.95399114427636,0.0250077905146531,"gamma_mle",1
"K00042",91.3740663379063,2.07418071517495,0.0226998840951711,"gamma_mle",1
"K00043",1.3368441049134,4.0054800160015,0.211271974344606,"zero_inflated_gamma",0.0705128205128205
"K00044",2.66508287645065,1.3942122707783,0.127431612933876,"zero_inflated_gamma",0.243589743589744
"K00045",9.73200074708919,0.670504807239696,0.0269404595082974,"zero_inflated_gamma",0.391025641025641
"K00046",434.008207737468,5.09292281677884,0.0117346232766629,"gamma_mle",1
"K00048",473.543750140945,14.5161148939522,0.0306542212617771,"gamma_mle",1
"K00049",1.54025714624695,1.51994751596451,0.107537437258769,"zero_inflated_gamma",0.108974358974359
"K00050",0,-1,-1,"zero",0
"K00052",546.821759670329,26.1506400629144,0.0478229690030627,"gamma_mle",1
"K00053",696.841409126898,10.6991915105168,0.0153538400135007,"gamma_mle",1
"K00054",10.8541032072766,0.946512214092149,0.036334654431945,"zero_inflated_gamma",0.416666666666667
"K00055",2.29453720761428,2.54155627793719,0.177508860704135,"zero_inflated_gamma",0.16025641025641
"K00057",613.645044011226,45.8919817777276,0.0747858753616661,"gamma_mle",1
"K00058",858.829503787312,37.1064465843981,0.0432058358740171,"gamma_mle",1
"K00059",1776.68460265557,54.5610015216513,0.0307094469328435,"gamma_mle",1
"K00060",47.0001901096937,1.44639684419325,0.0299851924499668,"zero_inflated_gamma",0.974358974358974
"K00061",0.730984628526414,0.728557411375013,0.038333827833736,"zero_inflated_gamma",0.0384615384615385
"K00064",1.02414162834134,2.2199757521953,0.333483887048032,"zero_inflated_gamma",0.153846153846154
"K00065",122.694102412916,2.18462864191212,0.0178054902309808,"gamma_mle",1
"K00066",1.53044508740054,1.57910491690604,0.132281353959029,"zero_inflated_gamma",0.128205128205128
"K00067",721.511257121118,20.8384205794867,0.0288816291829367,"gamma_mle",1
"K00068",30.9686805829646,1.29837430242184,0.0344003277152057,"zero_inflated_gamma",0.82051282051282
"K00069",0.849353894676422,5.80349498364526,0.569402913204612,"zero_inflated_gamma",0.0833333333333333
"K00070",0,-1,-1,"zero",0
"K00071",1.30381075528106,1.8888710580662,0.21359495498766,"zero_inflated_gamma",0.147435897435897
"K00072",0,-1,-1,"zero",0
"K00073",12.3318108413715,1.41277065439918,0.0741722726911617,"zero_inflated_gamma",0.647435897435897
"K00074",283.371669953379,10.0358611137976,0.0354158943109898,"gamma_mle",1
"K00075",647.278982262119,35.3833323863134,0.0546647324506897,"gamma_mle",1
"K00076",20.1468511989478,1.00993101024532,0.0353470045281711,"zero_inflated_gamma",0.705128205128205
"K00077",634.527619455102,11.9653621966761,0.018857118003707,"gamma_mle",1
"K00078",364.499003231299,6.68402728956371,0.0183375735744392,"gamma_mle",1
"K00079",0.574121439497914,4.48866155698316,0.300704375829818,"zero_inflated_gamma",0.0384615384615385
"K00081",0.163195464982272,-1,-1,"mean_only",0.00641025641025641
"K00082",32.2818280062929,1.4534205657397,0.0386734914309387,"zero_inflated_gamma",0.858974358974359
"K00086",23.8135608119599,1.38341289027656,0.0499008195374695,"zero_inflated_gamma",0.858974358974359
"K00087",379.874523979591,6.898813827508,0.0181607699174863,"gamma_mle",1
"K00088",812.904895175659,42.8539674594942,0.0527170739330263,"gamma_mle",1
"K00090",6.60394237817005,0.955489001747547,0.0593577995459511,"zero_inflated_gamma",0.41025641025641
"K00091",102.927614597812,2.77140890184799,0.0265806025834889,"zero_inflated_gamma",0.987179487179487
"K00093",0,-1,-1,"zero",0
"K00094",1.05982131815958,1.0220456463781,0.148362548531791,"zero_inflated_gamma",0.153846153846154
"K00096",110.474787891154,2.82614565526964,0.0254178296294468,"zero_inflated_gamma",0.993589743589744
"K00097",144.079690530085,2.28455482163012,0.015652904645706,"zero_inflated_gamma",0.987179487179487
"K00098",3.45775703290845,2.31671808693797,0.300643734604501,"zero_inflated_gamma",0.448717948717949
"K00099",627.705889238717,44.4098305884738,0.0707494247701485,"gamma_mle",1
"K00100",26.3246178582561,1.30261388272661,0.0406012120179725,"zero_inflated_gamma",0.82051282051282
"K00101",12.5533174210427,0.937904284075964,0.0450197692187662,"zero_inflated_gamma",0.602564102564103
"K00102",38.3013965195015,1.24464104607374,0.0318710478538301,"zero_inflated_gamma",0.980769230769231
"K00103",0,-1,-1,"zero",0
"K00104",97.1479253986957,1.89878910260506,0.0194200480334054,"zero_inflated_gamma",0.993589743589744
"K00105",0.959810304651518,1.20112306171813,0.0401095235619549,"zero_inflated_gamma",0.032051282051282
"K00106",3.11125353409848,1.09177093472675,0.103473552246206,"zero_inflated_gamma",0.294871794871795
"K00108",4.33082233565754,1.04401085636283,0.0571757371534751,"zero_inflated_gamma",0.237179487179487
"K00111",433.166076245435,13.4662090407262,0.0310878662462389,"gamma_mle",1
"K00112",31.0195109293382,1.07209743023462,0.0294663505672737,"zero_inflated_gamma",0.852564102564103
"K00113",34.7073815351001,0.843447118281336,0.0205629463127136,"zero_inflated_gamma",0.846153846153846
"K00114",0.863396629418063,3.88439044367286,0.605629783294134,"zero_inflated_gamma",0.134615384615385
"K00116",7.37797393474857,0.52143274194092,0.0176685614015621,"zero_inflated_gamma",0.25
"K00117",8.49030698699345,0.69240260677976,0.0454809947648211,"zero_inflated_gamma",0.557692307692308
"K00118",12.4349888393347,1.59816632935503,0.0889765851578228,"zero_inflated_gamma",0.692307692307692
"K00121",5.76632402807207,0.585636867040867,0.0266924614317486,"zero_inflated_gamma",0.262820512820513
"K00122",0.738726671933385,1.52607138477278,0.0264847859118067,"zero_inflated_gamma",0.0128205128205128
"K00123",229.351371740246,4.1912969207065,0.0182745666132462,"gamma_mle",1
"K00124",43.0487731072984,1.3616585924818,0.0294002386873091,"zero_inflated_gamma",0.92948717948718
"K00125",44.8990688384122,2.29837151591458,0.0508615974507211,"zero_inflated_gamma",0.993589743589744
"K00127",23.3043153284808,1.40414397674168,0.0498242081487457,"zero_inflated_gamma",0.826923076923077
"K00128",214.683015289701,4.46192106691807,0.0207837637313646,"gamma_mle",1
"K00129",7.60016989215692,1.6961550469311,0.0786828966215547,"zero_inflated_gamma",0.352564102564103
"K00130",13.4455025334165,1.12332154361746,0.0615885942086223,"zero_inflated_gamma",0.737179487179487
"K00131",3.25248950306558,1.0400066290762,0.0655912011223285,"zero_inflated_gamma",0.205128205128205
"K00132",21.9981533341584,1.907588250002,0.0789336453073034,"zero_inflated_gamma",0.91025641025641
"K00133",626.387727714565,45.1271513620679,0.072043479406467,"gamma_mle",1
"K00134",683.250272082328,31.4756521043443,0.0460675295575319,"gamma_mle",1
"K00135",16.9334720426696,0.915920034387211,0.0336324634972124,"zero_inflated_gamma",0.621794871794872
"K00137",3.03921694183449,0.586871966649879,0.0334211068745072,"zero_inflated_gamma",0.173076923076923
"K00138",12.3157626428996,1.03938602864798,0.0454433408850964,"zero_inflated_gamma",0.538461538461538
"K00139",0,-1,-1,"zero",0
"K00140",24.362386263178,1.288121616966,0.0488061935269038,"zero_inflated_gamma",0.923076923076923
"K00141",0,-1,-1,"zero",0
"K00142",1.20139003887272,1.84288046590966,0.10816362323197,"zero_inflated_gamma",0.0705128205128205
"K00143",0.975143341052174,1.11547206101019,0.0439963744520093,"zero_inflated_gamma",0.0384615384615385
"K00145",596.562294056407,33.2792382401682,0.0557850178794932,"gamma_mle",1
"K00146",2.8094011978081,0.505800862687116,0.0253900692245113,"zero_inflated_gamma",0.141025641025641
"K00147",575.328680670578,35.0802586468484,0.0609742914362627,"gamma_mle",1
"K00148",1.63993881586568,0.704816166756554,0.0303051402773247,"zero_inflated_gamma",0.0705128205128205
"K00149",0.153097580742228,3.70098492164805,0.309923412286985,"zero_inflated_gamma",0.0128205128205128
"K00150",6.25166410380162,1.37660580610971,0.0790455434910703,"zero_inflated_gamma",0.358974358974359
"K00151",2.58493614564498,0.65686097501114,0.0342072638579234,"zero_inflated_gamma",0.134615384615385
"K00153",7.59936322012437,1.28277980163323,0.0779081350619695,"zero_inflated_gamma",0.461538461538462
"K00154",0,-1,-1,"zero",0
"K00156",31.0563353681311,1.19823864300412,0.0358621660745374,"zero_inflated_gamma",0.92948717948718
"K00157",1.87705656418908,1.90382128334097,0.292574676131623,"zero_inflated_gamma",0.288461538461538
"K00158",8.16599188353276,1.31498532754514,0.0485160262879425,"zero_inflated_gamma",0.301282051282051
"K00161",14.5339731999647,0.903206314189816,0.0414296582571568,"zero_inflated_gamma",0.666666666666667
"K00162",11.2651281803238,1.00428865465476,0.0520042949508426,"zero_inflated_gamma",0.583333333333333
"K00163",6.15182417164997,0.451546951739154,0.0239963163313569,"zero_inflated_gamma",0.326923076923077
"K00164",20.4710022160224,0.680499353265406,0.0245054032515091,"zero_inflated_gamma",0.737179487179487
"K00166",0.359676313629099,8.94385164594214,0.318799877408133,"zero_inflated_gamma",0.0128205128205128
"K00167",2.03390441637751,1.97752372850334,0.0498604912010568,"zero_inflated_gamma",0.0512820512820513
"K00169",66.2680416582951,1.90400106337176,0.0283634576530941,"zero_inflated_gamma",0.987179487179487
"K00170",54.3376424829509,1.72419883297189,0.0315277991106773,"zero_inflated_gamma",0.993589743589744
"K00171",40.8281447544451,1.55770072801572,0.0317938507326316,"zero_inflated_gamma",0.833333333333333
"K00172",45.6326514808199,1.96696673586825,0.0408938903678152,"zero_inflated_gamma",0.948717948717949
"K00174",399.201866639124,2.97271673869593,0.00744665039701142,"gamma_mle",1
"K00175",412.334744558987,3.27895533528433,0.00795216842274918,"gamma_mle",1
"K00176",275.594466472401,2.57061356563912,0.00926773061246305,"zero_inflated_gamma",0.993589743589744
"K00177",207.887075838245,2.46345820609824,0.0117740210519182,"zero_inflated_gamma",0.993589743589744
"K00179",315.38041133223,4.99333021625074,0.0158327214907163,"gamma_mle",1
"K00180",241.388732678118,4.49095993856076,0.0183661576905653,"zero_inflated_gamma",0.987179487179487
"K00183",83.12070754952,1.12877119656749,0.0134928529464311,"zero_inflated_gamma",0.993589743589744
"K00184",202.729635486268,1.32090516849119,0.00651559978057902,"gamma_mle",1
"K00185",60.4092631002918,1.2549871286459,0.0205084036204297,"zero_inflated_gamma",0.987179487179487
"K00186",0.312859940954488,1.23952070568857,0.0761904402817896,"zero_inflated_gamma",0.0192307692307692
"K00187",1.02808316807116,1.54539138366013,0.0578145153881752,"zero_inflated_gamma",0.0384615384615385
"K00188",0.905434122943744,1.95484084423463,0.0276796085662097,"zero_inflated_gamma",0.0128205128205128
"K00194",42.4280783433741,2.0118687375635,0.044986623394625,"zero_inflated_gamma",0.948717948717949
"K00196",50.6672367612671,2.17997678757342,0.0408189441217057,"zero_inflated_gamma",0.948717948717949
"K00197",42.447392870956,1.82426214262261,0.0424260253606143,"zero_inflated_gamma",0.987179487179487
"K00198",80.2045422885188,2.2606044938799,0.028185492110258,"gamma_mle",1
"K00200",0.212395262076069,1.68488431827137,0.355957956750936,"zero_inflated_gamma",0.0448717948717949
"K00201",0.249167155910698,3.93695746365072,0.607710275281678,"zero_inflated_gamma",0.0384615384615385
"K00202",0.062758173977881,11.0742593751574,2.26229788564164,"zero_inflated_gamma",0.0128205128205128
"K00203",0.625134883570589,2.28693107579553,0.117253211856458,"zero_inflated_gamma",0.032051282051282
"K00204",0.121052982682572,5.18050252520805,0.548658096391466,"zero_inflated_gamma",0.0128205128205128
"K00205",5.95422095377812,1.25888408554057,0.0474355830025925,"zero_inflated_gamma",0.224358974358974
"K00207",0.206091866046456,1.88020144278253,0.233926230712148,"zero_inflated_gamma",0.0256410256410256
"K00208",108.388350730669,2.01933297623552,0.0181528291034081,"zero_inflated_gamma",0.974358974358974
"K00209",23.7963022251993,1.15690490969615,0.0389559323296014,"zero_inflated_gamma",0.801282051282051
"K00210",73.8558794167259,1.69562598906616,0.0214868745445969,"zero_inflated_gamma",0.935897435897436
"K00212",0,-1,-1,"zero",0
"K00214",29.2700688503368,1.40395930823735,0.0396639432923325,"zero_inflated_gamma",0.826923076923077
"K00215",552.112363362135,36.5038247240853,0.0661166587572722,"gamma_mle",1
"K00216",4.49318590196002,1.01735090932785,0.058056624678309,"zero_inflated_gamma",0.256410256410256
"K00217",0,-1,-1,"zero",0
"K00218",0,-1,-1,"zero",0
"K00219",362.046169383155,7.68006825247277,0.0212129526616947,"gamma_mle",1
"K00220",8.79232666817669,0.82000247165072,0.0370662317859195,"zero_inflated_gamma",0.397435897435897
"K00222",0,-1,-1,"zero",0
"K00223",0,-1,-1,"zero",0
"K00226",162.955512057357,3.28523126883578,0.0201602954533961,"gamma_mle",1
"K00227",0,-1,-1,"zero",0
"K00228",3.2486133779472,0.813693689531651,0.0529849173236636,"zero_inflated_gamma",0.211538461538462
"K00230",16.5230260856447,1.31252751012364,0.0448102018406397,"zero_inflated_gamma",0.564102564102564
"K00231",12.6291314124736,1.43736890606184,0.0831715923691296,"zero_inflated_gamma",0.730769230769231
"K00232",0.355350409982188,-1,-1,"mean_only",0.00641025641025641
"K00234",0.202125921274272,-1,-1,"mean_only",0.00641025641025641
"K00235",0,-1,-1,"zero",0
"K00239",448.669131081813,9.8283160658393,0.0219054875519108,"gamma_mle",1
"K00240",277.32300611554,8.08277543961977,0.0291457082945808,"gamma_mle",1
"K00241",150.116956549971,2.19255843131105,0.0144184158643811,"zero_inflated_gamma",0.987179487179487
"K00242",2.76003872387206,1.41693842106527,0.0493631041369763,"zero_inflated_gamma",0.0961538461538462
"K00243",194.280861753588,3.74563624639282,0.0192794916214832,"gamma_mle",1
"K00244",885.535311595945,4.15483982429955,0.00469189626872309,"gamma_mle",1
"K00245",15.4587607416172,1.29961827399095,0.0603579607207839,"zero_inflated_gamma",0.717948717948718
"K00246",10.7753049783343,1.3822324971534,0.0666057846340115,"zero_inflated_gamma",0.519230769230769
"K00247",5.98748285810954,0.808094795748524,0.0155727723003774,"zero_inflated_gamma",0.115384615384615
"K00248",411.962954107694,7.07124938803696,0.0171647700783028,"gamma_mle",1
"K00249",134.62668875298,2.30638694857024,0.0171317215771542,"gamma_mle",1
"K00251",2.75515617708305,4.25101390278823,0.217592732359851,"zero_inflated_gamma",0.141025641025641
"K00252",0.464115810059196,4.13369338817364,0.285467915176117,"zero_inflated_gamma",0.032051282051282
"K00253",6.81492131355083,1.74007335551041,0.122756183104759,"zero_inflated_gamma",0.480769230769231
"K00254",61.2150808018467,1.91926386490407,0.0309508358577706,"zero_inflated_gamma",0.987179487179487
"K00255",1.2592368889936,2.8683955965117,0.160620027593253,"zero_inflated_gamma",0.0705128205128205
"K00256",0,-1,-1,"zero",0
"K00257",0,-1,-1,"zero",0
"K00259",135.059797383928,2.67960272785854,0.0198401210409147,"gamma_mle",1
"K00260",6.67623785561895,1.54616731533392,0.0994660546312221,"zero_inflated_gamma",0.429487179487179
"K00261",31.6753131394549,1.32871762358762,0.0344189129305553,"zero_inflated_gamma",0.82051282051282
"K00262",816.532649679378,48.0594283250682,0.0588579383126191,"gamma_mle",1
"K00263",0.787707973927211,6.84344957983289,0.389837193383684,"zero_inflated_gamma",0.0448717948717949
"K00264",3.53186072782851,2.05450137711476,0.201359455658348,"zero_inflated_gamma",0.346153846153846
"K00265",298.182594015444,3.78111013024587,0.0126805192728655,"gamma_mle",1
"K00266",1341.37431739155,29.8517223155356,0.0222545801932346,"gamma_mle",1
"K00273",0.205903975877529,-1,-1,"mean_only",0.00641025641025641
"K00274",0.0754418826848495,4.00297799574792,0.680261797403729,"zero_inflated_gamma",0.0128205128205128
"K00275",37.3997691019175,1.3114575360567,0.0287720418529939,"zero_inflated_gamma",0.82051282051282
"K00276",2.70886916562963,0.542667206478084,0.0295358032094293,"zero_inflated_gamma",0.147435897435897
"K00278",396.625587310256,9.75203535847606,0.0245875094055584,"gamma_mle",1
"K00281",151.275486674182,1.84607082219678,0.0122033705710223,"gamma_mle",1
"K00282",84.2160893728708,1.90916665306847,0.0220885780355814,"zero_inflated_gamma",0.974358974358974
"K00283",93.7179560136346,1.87787461356294,0.0200375114165927,"gamma_mle",1
"K00284",548.493451856561,7.4031809008769,0.0134973004250431,"gamma_mle",1
"K00285",11.9354394311106,0.891739385455696,0.0354410562528326,"zero_inflated_gamma",0.474358974358974
"K00286",605.401860564202,41.5861563912541,0.0686918212515865,"gamma_mle",1
"K00287",372.942743775158,10.7448282329568,0.0288109325420599,"gamma_mle",1
"K00288",0.514359348301067,-1,-1,"mean_only",0.00641025641025641
"K00289",3.70906658384574,1.76128992101266,0.103495278810199,"zero_inflated_gamma",0.217948717948718
"K00290",363.017528850534,8.70163255243614,0.0239702820411707,"gamma_mle",1
"K00293",0.716488078549154,2.76905044748674,0.421159132324388,"zero_inflated_gamma",0.108974358974359
"K00294",15.3348991815631,1.33110628661026,0.0651018114392277,"zero_inflated_gamma",0.75
"K00295",0.213900246785395,-1,-1,"mean_only",0.00641025641025641
"K00297",653.992972027365,25.9286139191029,0.0396466247010648,"gamma_mle",1
"K00298",3.53153358845162,1.65481747110635,0.0720897301046914,"zero_inflated_gamma",0.153846153846154
"K00299",47.3207259612481,2.32491411873738,0.0453516831694353,"zero_inflated_gamma",0.923076923076923
"K00301",0,-1,-1,"zero",0
"K00302",398.999023501634,10.4404852771517,0.0261666938067305,"gamma_mle",1
"K00303",30.5702522565171,1.24367219852691,0.0325981022988012,"zero_inflated_gamma",0.801282051282051
"K00305",0,-1,-1,"zero",0
"K00306",0,-1,-1,"zero",0
"K00311",0.975220124748765,1.51099835384365,0.0595920037198273,"zero_inflated_gamma",0.0384615384615385
"K00313",36.2073454548615,1.19873657471092,0.0292874499019107,"zero_inflated_gamma",0.884615384615385
"K00314",0,-1,-1,"zero",0
"K00315",2.07366765270463,1.38776452540983,0.107248700549147,"zero_inflated_gamma",0.16025641025641
"K00316",0,-1,-1,"zero",0
"K00317",2.52831093820903,1.33336903993729,0.111560184749725,"zero_inflated_gamma",0.211538461538462
"K00318",12.145110554081,1.20698522126387,0.0662535602778461,"zero_inflated_gamma",0.666666666666667
"K00319",0.0516077028633415,1.26200445597424,0.313510259315472,"zero_inflated_gamma",0.0128205128205128
"K00320",1.2049717985163,1.87229108161387,0.229086619470152,"zero_inflated_gamma",0.147435897435897
"K00322",7.49417924815324,0.911376356250776,0.0662625291697483,"zero_inflated_gamma",0.544871794871795
"K00323",0,-1,-1,"zero",0
"K00324",122.721033879975,1.34429909017271,0.0106732305076035,"zero_inflated_gamma",0.974358974358974
"K00325",80.6983458981679,1.38534465343915,0.0168368185863229,"zero_inflated_gamma",0.980769230769231
"K00326",1.99184137422811,1.57000598017436,0.136422411832995,"zero_inflated_gamma",0.173076923076923
"K00327",0,-1,-1,"zero",0
"K00329",3.00396036787541,1.38668327590869,0.09765003891656,"zero_inflated_gamma",0.211538461538462
"K00330",130.143716064624,2.58048927275566,0.0184298694424829,"zero_inflated_gamma",0.92948717948718
"K00331",137.307489050864,2.50370661368712,0.0176498720032702,"zero_inflated_gamma",0.967948717948718
"K00332",7.18604838817954,0.947129279120748,0.0413990720682867,"zero_inflated_gamma",0.314102564102564
"K00333",10.8870369757069,1.03616625557719,0.0469770643332904,"zero_inflated_gamma",0.493589743589744
"K00334",121.93176217417,2.67208664610132,0.0217741287274844,"zero_inflated_gamma",0.993589743589744
"K00335",362.76007473254,6.54720567482653,0.0180483083196345,"gamma_mle",1
"K00336",303.442313818612,5.07375907363019,0.0167206709235124,"gamma_mle",1
"K00337",135.274360134778,2.5103321757797,0.0180815099155231,"zero_inflated_gamma",0.974358974358974
"K00338",117.476817522073,2.51304887482313,0.0208433610633568,"zero_inflated_gamma",0.974358974358974
"K00339",120.88213525442,2.28856978807851,0.0184467994941343,"zero_inflated_gamma",0.974358974358974
"K00340",137.149930463161,2.24047647234128,0.015498223264221,"zero_inflated_gamma",0.948717948717949
"K00341",161.605300385512,2.06057583315199,0.012668934798702,"zero_inflated_gamma",0.993589743589744
"K00342",149.511213873988,2.53512196463751,0.0168473729665247,"zero_inflated_gamma",0.993589743589744
"K00343",121.182197707133,2.11688866910704,0.0174686439853404,"gamma_mle",1
"K00344",74.2099371658026,1.55364623319692,0.0201306006432196,"zero_inflated_gamma",0.961538461538462
"K00346",117.860030411589,2.10421891594835,0.01762464970614,"zero_inflated_gamma",0.987179487179487
"K00347",115.946398273822,2.27844072044047,0.0195248439357344,"zero_inflated_gamma",0.993589743589744
"K00348",123.228156281343,2.26102177077692,0.0181130220522105,"zero_inflated_gamma",0.987179487179487
"K00349",103.153249077888,1.92177732912072,0.0180331876943667,"zero_inflated_gamma",0.967948717948718
"K00350",219.963248037054,5.33994830942225,0.024276547819128,"gamma_mle",1
"K00351",135.989327855248,2.750817205938,0.0200985165925629,"zero_inflated_gamma",0.993589743589744
"K00354",87.8306619801633,1.748359971785,0.0195232237350388,"zero_inflated_gamma",0.980769230769231
"K00355",41.3515490093968,1.60471640456254,0.0360703132164335,"zero_inflated_gamma",0.92948717948718
"K00356",3.00396036787541,1.38668327590869,0.09765003891656,"zero_inflated_gamma",0.211538461538462
"K00360",0.140016390625709,-1,-1,"mean_only",0.00641025641025641
"K00362",26.3060890815023,0.917815538675594,0.029745834837934,"zero_inflated_gamma",0.852564102564103
"K00363",5.70762342582232,0.871276735778211,0.0234848315550526,"zero_inflated_gamma",0.153846153846154
"K00364",9.22828449112594,1.08908455823171,0.0537123774952417,"zero_inflated_gamma",0.455128205128205
"K00365",0,-1,-1,"zero",0
"K00366",45.4868411033017,1.27888658725514,0.0264934789826981,"zero_inflated_gamma",0.942307692307692
"K00367",11.4228375409391,1.66410206045607,0.0989890656665273,"zero_inflated_gamma",0.67948717948718
"K00368",3.49663934912662,0.650548012431724,0.0143115002166122,"zero_inflated_gamma",0.0769230769230769
"K00370",24.2028819325194,0.845115033506862,0.0304412901877649,"zero_inflated_gamma",0.871794871794872
"K00371",13.8086848689565,0.919384298942078,0.0512154993908082,"zero_inflated_gamma",0.769230769230769
"K00372",5.99514191081941,0.96973596746172,0.0549547589681471,"zero_inflated_gamma",0.33974358974359
"K00373",8.81814033279098,1.02780107720772,0.0485647123627718,"zero_inflated_gamma",0.416666666666667
"K00374",15.2171556805128,1.14481709068812,0.055459488852344,"zero_inflated_gamma",0.737179487179487
"K00375",431.319727343293,11.4445899387442,0.0265338893939236,"gamma_mle",1
"K00376",0.444369369632155,8.19752586292225,0.827774649008264,"zero_inflated_gamma",0.0448717948717949
"K00380",66.5197172761901,1.20559559420871,0.0171944534035247,"zero_inflated_gamma",0.948717948717949
"K00381",8.38877636257475,0.590225752051646,0.0270611463249895,"zero_inflated_gamma",0.384615384615385
"K00382",346.374274117796,5.05256151956759,0.0145869999509528,"gamma_mle",1
"K00383",13.0148626850009,0.693480589933412,0.024250934014954,"zero_inflated_gamma",0.455128205128205
"K00384",1024.5262013106,39.0225860083008,0.0380884217098421,"gamma_mle",1
"K00385",87.9549689766176,1.75687358149801,0.0194625222527435,"zero_inflated_gamma",0.974358974358974
"K00387",1.40843768056486,3.52683123179189,0.321035042209598,"zero_inflated_gamma",0.128205128205128
"K00389",4.25270028998772,1.27014735974531,0.0516926145481159,"zero_inflated_gamma",0.173076923076923
"K00390",121.903284319501,2.19691028168876,0.0179062240665457,"zero_inflated_gamma",0.993589743589744
"K00392",3.31570575480638,1.54451924396208,0.0746505051754091,"zero_inflated_gamma",0.16025641025641
"K00394",105.822804647034,2.09776055580247,0.0198233316797776,"gamma_mle",1
"K00395",145.796782953745,2.93792791849736,0.0201508418702862,"gamma_mle",1
"K00399",0.731310031833649,2.40523981945257,0.295161896043836,"zero_inflated_gamma",0.0897435897435897
"K00400",0.309794969239171,2.66688000050034,0.275914496942554,"zero_inflated_gamma",0.032051282051282
"K00401",0.797409659544713,2.54015777810905,0.306299199262581,"zero_inflated_gamma",0.0961538461538462
"K00402",0.574546366973086,5.34242317737251,0.655663925949508,"zero_inflated_gamma",0.0705128205128205
"K00404",1.02473141483236,-1,-1,"mean_only",0.00641025641025641
"K00405",1.05084846295419,0.684693430213466,0.0542968733005696,"zero_inflated_gamma",0.0833333333333333
"K00406",0,-1,-1,"zero",0
"K00407",0,-1,-1,"zero",0
"K00410",0,-1,-1,"zero",0
"K00411",0.202125921274272,-1,-1,"mean_only",0.00641025641025641
"K00412",2.40969512813694,1.13476868468707,0.141879125313867,"zero_inflated_gamma",0.301282051282051
"K00413",0,-1,-1,"zero",0
"K00414",1.64174970786786,2.73010091525973,0.0959377798451193,"zero_inflated_gamma",0.0576923076923077
"K00415",0,-1,-1,"zero",0
"K00423",0.839758748165909,0.670874958028375,0.0716952662107326,"zero_inflated_gamma",0.0897435897435897
"K00425",174.006740460084,3.14330223744686,0.0180642556094998,"gamma_mle",1
"K00426",173.06085718931,3.17454858869965,0.0182259522429668,"zero_inflated_gamma",0.993589743589744
"K00427",6.27765421914227,0.506629371780172,0.0237972189892295,"zero_inflated_gamma",0.294871794871795
"K00428",48.5819653841712,1.08989499589706,0.0212836787612201,"zero_inflated_gamma",0.948717948717949
"K00432",33.2943906325688,1.15956528598942,0.0274602601809887,"zero_inflated_gamma",0.788461538461538
"K00433",34.0942776550954,1.67279899136034,0.0434027005380859,"zero_inflated_gamma",0.884615384615385
"K00435",0.681942514825972,4.03610888456481,0.113818213209849,"zero_inflated_gamma",0.0192307692307692
"K00436",6.64793524272316,1.49183931155417,0.125149731155616,"zero_inflated_gamma",0.557692307692308
"K00437",4.57733155532999,1.27883681708407,0.152228892194045,"zero_inflated_gamma",0.544871794871795
"K00440",0.203541336993612,7.48027570290009,1.88464853314805,"zero_inflated_gamma",0.0512820512820513
"K00441",4.4173374018839,1.59525944738366,0.115748709779923,"zero_inflated_gamma",0.320512820512821
"K00442",0.203135902427045,62.2440229034907,5.89260896843008,"zero_inflated_gamma",0.0192307692307692
"K00443",1.85310050689007,2.12181619893129,0.154135786289131,"zero_inflated_gamma",0.134615384615385
"K00446",0.352507606702331,-1,-1,"mean_only",0.00641025641025641
"K00448",1.4064504486887,2.80079395320562,0.15318398803811,"zero_inflated_gamma",0.0769230769230769
"K00449",0.388217666296716,5556.47034681156,183.497057198964,"zero_inflated_gamma",0.0128205128205128
"K00450",1.34616774019311,1.04437012185451,0.0646508164542641,"zero_inflated_gamma",0.0833333333333333
"K00451",0.215997308028389,-1,-1,"mean_only",0.00641025641025641
"K00453",0,-1,-1,"zero",0
"K00455",2.02185500919546,1.12586108788678,0.0428342777668691,"zero_inflated_gamma",0.0769230769230769
"K00457",4.43916053266454,1.27591053435747,0.0865949632177103,"zero_inflated_gamma",0.301282051282051
"K00459",259.672404776845,6.27484406288141,0.0241644624051363,"gamma_mle",1
"K00466",0,-1,-1,"zero",0
"K00467",3.64585231739924,1.71298950085686,0.198781043276754,"zero_inflated_gamma",0.423076923076923
"K00471",0,-1,-1,"zero",0
"K00472",0,-1,-1,"zero",0
"K00479",0.202125921274272,-1,-1,"mean_only",0.00641025641025641
"K00480",0.587887726066833,2.08888824073036,0.0455539676769124,"zero_inflated_gamma",0.0128205128205128
"K00481",1.83753505944243,1.38497901110884,0.0434835976846746,"zero_inflated_gamma",0.0576923076923077
"K00483",4.50870734407198,1.37098476599635,0.0799171229736215,"zero_inflated_gamma",0.262820512820513
"K00484",2.45333996958624,0.830385075501935,0.0216968757661225,"zero_inflated_gamma",0.0641025641025641
"K00485",0.310223572645103,1.82404868437903,0.113072836522035,"zero_inflated_gamma",0.0192307692307692
"K00486",0,-1,-1,"zero",0
"K00491",0,-1,-1,"zero",0
"K00493",0,-1,-1,"zero",0
"K00494",0.662787124524158,4.25941634863039,0.123586970578351,"zero_inflated_gamma",0.0192307692307692
"K00496",0.0563184786207336,-1,-1,"mean_only",0.00641025641025641
"K00499",0,-1,-1,"zero",0
"K00500",0.56491603638194,-1,-1,"mean_only",0.00641025641025641
"K00504",0.266860319672831,4.25041892676286,0.510496937217202,"zero_inflated_gamma",0.032051282051282
"K00505",0,-1,-1,"zero",0
"K00507",0.145345471280179,1.8269764982748,0.161152428160326,"zero_inflated_gamma",0.0128205128205128
"K00508",0.0718060602414353,-1,-1,"mean_only",0.00641025641025641
"K00511",0,-1,-1,"zero",0
"K00518",0,-1,-1,"zero",0
"K00520",17.1771343477368,1.35595244549735,0.0450359319838397,"zero_inflated_gamma",0.57051282051282
"K00521",0.904810253049115,1.84873817787597,0.1964647126126,"zero_inflated_gamma",0.0961538461538462
"K00523",3.90304398489318,1.50585859587888,0.113766390721851,"zero_inflated_gamma",0.294871794871795
"K00525",415.468960437422,7.40933267475236,0.0178336611884352,"gamma_mle",1
"K00526",192.611863540633,3.78865490422716,0.0196698938195357,"gamma_mle",1
"K00527",0.324070133708696,1.89240943624376,0.112298189105099,"zero_inflated_gamma",0.0192307692307692
"K00528",555.142616078293,18.6115090219127,0.033525635544593,"gamma_mle",1
"K00529",12.8961662452268,1.31257892349024,0.0645915043687586,"zero_inflated_gamma",0.634615384615385
"K00532",0.102178521718064,28.0247773125017,3.51631645071477,"zero_inflated_gamma",0.0128205128205128
"K00533",474.050910106215,14.3430779018243,0.0302564083224956,"gamma_mle",1
"K00534",3.93272421259243,2.04710464121217,0.160163366941765,"zero_inflated_gamma",0.307692307692308
"K00537",497.223094030897,12.4271541440551,0.0249931153505169,"gamma_mle",1
"K00543",0,-1,-1,"zero",0
"K00544",0.103243737015819,-1,-1,"mean_only",0.00641025641025641
"K00547",146.175814333072,2.63840152931522,0.0180495079938699,"gamma_mle",1
"K00548",872.231748859399,30.3803699552684,0.0348306169719186,"gamma_mle",1
"K00549",294.726996401244,3.86484646958304,0.0131133100013729,"gamma_mle",1
"K00552",0,-1,-1,"zero",0
"K00554",664.631592316428,40.0433887157706,0.0602489998650352,"gamma_mle",1
"K00555",1.28807955699022,0.586928382993507,0.0116836305926223,"zero_inflated_gamma",0.0256410256410256
"K00556",89.5967677770883,1.95993784546272,0.0206130706949092,"zero_inflated_gamma",0.942307692307692
"K00557",6.97407248264177,0.711743916089902,0.0314017568031794,"zero_inflated_gamma",0.307692307692308
"K00558",1441.72809022304,11.7808437741753,0.00817133539539538,"gamma_mle",1
"K00559",224.351563642559,5.60829927172055,0.0249978167330975,"gamma_mle",1
"K00560",1000.28045706568,12.2946043578755,0.0122911572159889,"gamma_mle",1
"K00561",91.7803599161107,1.20058182575419,0.0126617681614399,"zero_inflated_gamma",0.967948717948718
"K00563",301.806629618264,7.74671784516468,0.0256678186790098,"gamma_mle",1
"K00564",87.4564418340992,1.67066749319803,0.0183681272352612,"zero_inflated_gamma",0.961538461538462
"K00565",10.9237621175507,1.47198540168802,0.076877044211855,"zero_inflated_gamma",0.57051282051282
"K00566",820.034054275979,25.4431102747731,0.0310268947272406,"gamma_mle",1
"K00567",495.657151604031,16.2344331393731,0.0327533519628149,"gamma_mle",1
"K00568",123.074016141846,3.67355333901723,0.0296569904403758,"zero_inflated_gamma",0.993589743589744
"K00569",0,-1,-1,"zero",0
"K00570",26.9249149890819,2.01597603409717,0.0628749599542386,"zero_inflated_gamma",0.83974358974359
"K00571",731.458138600327,7.03437819731638,0.00961692518833263,"gamma_mle",1
"K00573",29.8982092802366,1.48762036364996,0.0443340226733979,"zero_inflated_gamma",0.891025641025641
"K00574",93.6191879863992,4.00026137815842,0.0424551714504702,"zero_inflated_gamma",0.993589743589744
"K00575",18.572634479163,1.41279493872642,0.0536381395152114,"zero_inflated_gamma",0.705128205128205
"K00577",0.205171980163697,4.10535972287504,0.641325595701997,"zero_inflated_gamma",0.032051282051282
"K00578",0.240854825858174,9.45293229473887,0.754758219464756,"zero_inflated_gamma",0.0192307692307692
"K00579",0.193619108663721,3.65079503855812,0.725213512032901,"zero_inflated_gamma",0.0384615384615385
"K00580",0.508900474160056,2.53599699368135,0.351385604683607,"zero_inflated_gamma",0.0705128205128205
"K00581",0.569110966087049,2.64055136614463,0.386648580489771,"zero_inflated_gamma",0.0833333333333333
"K00582",0.0736387501524173,-1,-1,"mean_only",0.00641025641025641
"K00583",0.152024367642424,28.9422879440506,2.44075985577807,"zero_inflated_gamma",0.0128205128205128
"K00584",0.084480998265578,8.84168543236692,2.01267048983466,"zero_inflated_gamma",0.0192307692307692
"K00586",0,-1,-1,"zero",0
"K00587",8.31029700113217,1.34255227970229,0.0745628602232066,"zero_inflated_gamma",0.461538461538462
"K00588",210.883634460254,5.07821495147787,0.0239262866672732,"zero_inflated_gamma",0.993589743589744
"K00590",311.947739938001,3.4898713934607,0.0111873591203267,"gamma_mle",1
"K00591",1.54808190415843,3.11959946418906,0.322938864039325,"zero_inflated_gamma",0.16025641025641
"K00594",0,-1,-1,"zero",0
"K00595",313.709809710168,7.592677541851,0.0242028693615471,"gamma_mle",1
"K00596",0,-1,-1,"zero",0
"K00598",57.9324954127448,1.52721211544376,0.0256859784794462,"zero_inflated_gamma",0.974358974358974
"K00600",571.115421892234,24.9586823944486,0.0437016432015701,"gamma_mle",1
"K00601",0.203997457582367,-1,-1,"mean_only",0.00641025641025641
"K00602",714.545086056966,50.6492876615534,0.0708832635615039,"gamma_mle",1
"K00603",79.744030152446,1.69488165200505,0.0205728067542718,"zero_inflated_gamma",0.967948717948718
"K00604",612.147571819527,36.2645293378441,0.0592414819682329,"gamma_mle",1
"K00605",182.529323168103,2.43169363618196,0.01332220814703,"gamma_mle",1
"K00606",211.129382066437,4.63564619863297,0.0218156775375922,"zero_inflated_gamma",0.993589743589744
"K00609",633.488086297183,45.5146223978352,0.0718476375205,"gamma_mle",1
"K00610",383.024432102346,15.3331351572528,0.0400317417692971,"gamma_mle",1
"K00611",765.360302105605,17.632433524853,0.0230380821638434,"gamma_mle",1
"K00612",9.47440222871935,0.838215598162863,0.0374302956096642,"zero_inflated_gamma",0.423076923076923
"K00613",17.0667326224259,1.30208312739205,0.0601545995089491,"zero_inflated_gamma",0.788461538461538
"K00615",1588.47097550919,37.4873878017924,0.0235996680957773,"gamma_mle",1
"K00616",411.129710782623,6.00056958416911,0.0145953197416613,"gamma_mle",1
"K00619",14.2454856606186,1.69485032013507,0.0800790275410597,"zero_inflated_gamma",0.673076923076923
"K00620",532.80131438896,12.308197517362,0.0231009143276563,"gamma_mle",1
"K00621",103.889908073738,3.49791949647457,0.0328061629485337,"zero_inflated_gamma",0.974358974358974
"K00624",0,-1,-1,"zero",0
"K00625",455.387811365004,15.2453466003096,0.0334777221081355,"gamma_mle",1
"K00626",282.030743918513,6.68525800705659,0.0237040044435303,"gamma_mle",1
"K00627",172.795105413167,2.63583524648526,0.0151563255246033,"zero_inflated_gamma",0.993589743589744
"K00629",1.45627713519575,3.93192562496739,0.173075926504268,"zero_inflated_gamma",0.0641025641025641
"K00631",5.16651917665805,0.520685044273135,0.0348856018040598,"zero_inflated_gamma",0.346153846153846
"K00632",15.9146297663149,0.800035344411481,0.0328691298864915,"zero_inflated_gamma",0.653846153846154
"K00633",119.240930669063,2.74087194664456,0.0228386531319271,"zero_inflated_gamma",0.993589743589744
"K00634",267.871502763945,3.33254165001319,0.0123610730121473,"zero_inflated_gamma",0.993589743589744
"K00635",0.647991924085167,-1,-1,"mean_only",0.00641025641025641
"K00638",19.5023616533769,1.42285269694453,0.0519124010196201,"zero_inflated_gamma",0.711538461538462
"K00639",218.420013943663,2.58026391029605,0.0118133126342606,"gamma_mle",1
"K00640",738.243511330944,20.0173500108099,0.0271148336606733,"gamma_mle",1
"K00641",49.6579294137278,1.49468990903704,0.0260478370186274,"zero_inflated_gamma",0.865384615384615
"K00643",0.815989830329468,-1,-1,"mean_only",0.00641025641025641
"K00645",538.036556018213,21.4814518895732,0.0399256363704143,"gamma_mle",1
"K00647",116.31324518185,1.39887171491541,0.0114100049553187,"zero_inflated_gamma",0.948717948717949
"K00648",494.950490603781,10.3690737066963,0.0209497190194665,"gamma_mle",1
"K00651",516.843494439738,26.6091348034454,0.0514839309959583,"gamma_mle",1
"K00652",183.591561165355,2.65490883112304,0.014275555596239,"zero_inflated_gamma",0.987179487179487
"K00653",0,-1,-1,"zero",0
"K00654",0,-1,-1,"zero",0
"K00655",852.738556275639,26.5365582732263,0.0311192194582188,"gamma_mle",1
"K00656",880.220422298107,21.9965820727005,0.0249898565353336,"gamma_mle",1
"K00657",256.024027580244,7.1259789663909,0.0276548247481308,"zero_inflated_gamma",0.993589743589744
"K00658",29.3518605542674,1.14171713426524,0.0331627033372295,"zero_inflated_gamma",0.852564102564103
"K00661",691.654434041529,8.77169215422203,0.0126821888540012,"gamma_mle",1
"K00662",71.1134629713316,1.39082911725543,0.0185549190266787,"zero_inflated_gamma",0.948717948717949
"K00663",22.1486353191661,1.38403899146935,0.0444630994419399,"zero_inflated_gamma",0.711538461538462
"K00665",0,-1,-1,"zero",0
"K00666",196.408899490779,3.78721886601314,0.0192823180407411,"gamma_mle",1
"K00668",0,-1,-1,"zero",0
"K00669",0.606157824923704,1.02958477932516,0.0217761848818903,"zero_inflated_gamma",0.0128205128205128
"K00670",5.69727177828928,1.61299347973142,0.132484153867521,"zero_inflated_gamma",0.467948717948718
"K00672",0.2419007137664,49.4620118922701,3.93216093321808,"zero_inflated_gamma",0.0192307692307692
"K00673",2.64568854335629,0.735504911744873,0.0516797328720673,"zero_inflated_gamma",0.185897435897436
"K00674",136.871187465714,2.82051852066329,0.0204750051901024,"zero_inflated_gamma",0.993589743589744
"K00675",17.2300057610196,1.59203788310339,0.0752223847606069,"zero_inflated_gamma",0.814102564102564
"K00677",189.273102189505,2.15639454096886,0.011173935391324,"zero_inflated_gamma",0.980769230769231
"K00679",0.106691185295256,-1,-1,"mean_only",0.00641025641025641
"K00680",0.989942406198914,1.13635024001983,0.0662247291185127,"zero_inflated_gamma",0.0576923076923077
"K00681",40.8154105203369,1.37293210411521,0.0312657100054304,"zero_inflated_gamma",0.92948717948718
"K00682",61.8656233136856,1.67657507870271,0.0264053910171987,"zero_inflated_gamma",0.974358974358974
"K00683",56.0256552767573,1.4280000359557,0.0241812301558762,"zero_inflated_gamma",0.948717948717949
"K00684",51.9586224467491,1.68277746118917,0.0298955778261762,"zero_inflated_gamma",0.923076923076923
"K00687",5.88336056047819,0.974257625521801,0.0413988576557092,"zero_inflated_gamma",0.25
"K00688",1073.34325164391,34.7383044298808,0.0323645808334625,"gamma_mle",1
"K00689",28.9768419547693,0.680921636639886,0.0158165144690877,"zero_inflated_gamma",0.673076923076923
"K00690",147.885146294595,2.15694298940606,0.0145852578399545,"gamma_mle",1
"K00691",38.4739466309641,1.49823205716447,0.0374437216200253,"zero_inflated_gamma",0.961538461538462
"K00692",7.77007980563149,1.39621703243148,0.0806307860961279,"zero_inflated_gamma",0.448717948717949
"K00693",1.51698674698001,2.07617892200658,0.0877320732704284,"zero_inflated_gamma",0.0641025641025641
"K00694",15.4116382798342,0.916935206281613,0.043478053610719,"zero_inflated_gamma",0.730769230769231
"K00695",0.338211366698793,1.92133428335574,0.109247470240365,"zero_inflated_gamma",0.0192307692307692
"K00696",1.08113230451218,3.36407166441945,0.259301571323206,"zero_inflated_gamma",0.0833333333333333
"K00697",3.83367891686284,0.677465959782927,0.0260540342394149,"zero_inflated_gamma",0.147435897435897
"K00698",0.318930755916483,19.8366900667741,0.797403620064203,"zero_inflated_gamma",0.0128205128205128
"K00699",0,-1,-1,"zero",0
"K00700",932.477067171548,29.7972395038522,0.0319549301027157,"gamma_mle",1
"K00701",5.21307837339381,0.858246631345058,0.0707079193134771,"zero_inflated_gamma",0.429487179487179
"K00702",335.936752518395,5.36505139851998,0.0159704210935545,"gamma_mle",1
"K00703",545.904350891372,17.6373727271068,0.0323085403117008,"gamma_mle",1
"K00705",1413.61849529316,44.0833916826736,0.0311847870054441,"gamma_mle",1
"K00706",0.463825798292541,-1,-1,"mean_only",0.00641025641025641
"K00709",10.7116020706244,0.973292466955054,0.0471790674234903,"zero_inflated_gamma",0.519230769230769
"K00710",0,-1,-1,"zero",0
"K00712",47.5402498175922,1.2937831482353,0.0254699614681592,"zero_inflated_gamma",0.935897435897436
"K00713",33.0965252771361,0.957563617851941,0.0239249119535438,"zero_inflated_gamma",0.826923076923077
"K00718",0,-1,-1,"zero",0
"K00720",0,-1,-1,"zero",0
"K00721",566.097945738342,11.1192560469241,0.0196419296883715,"gamma_mle",1
"K00722",1.52683685092042,1.01767735486957,0.0555438822347042,"zero_inflated_gamma",0.0833333333333333
"K00725",1.34661056093329,0.939976207030914,0.0492201498306652,"zero_inflated_gamma",0.0705128205128205
"K00728",104.378078217908,1.9945464728999,0.0191088637284155,"gamma_mle",1
"K00729",5.45006460546833,1.2312388037401,0.079648707915716,"zero_inflated_gamma",0.352564102564103
"K00731",0.783266838818246,1.49517701038304,0.134601827810176,"zero_inflated_gamma",0.0705128205128205
"K00734",5.05216646538789,0.788483433959094,0.0530232315466763,"zero_inflated_gamma",0.33974358974359
"K00737",4.62450876437937,1.53001145867964,0.116645279385599,"zero_inflated_gamma",0.352564102564103
"K00742",0.23695586688472,3.07651688104627,0.166455148946225,"zero_inflated_gamma",0.0128205128205128
"K00743",0.73582006372613,2.31678769337839,0.181648795749454,"zero_inflated_gamma",0.0576923076923077
"K00745",87.4957996946305,1.85004728405845,0.0207377892196585,"zero_inflated_gamma",0.980769230769231
"K00748",160.276531473307,2.93499443658495,0.0181946810482945,"zero_inflated_gamma",0.993589743589744
"K00750",4.79735772616819,1.15658457028549,0.047908479301488,"zero_inflated_gamma",0.198717948717949
"K00752",27.4984346443636,1.47467553181794,0.0477835821579115,"zero_inflated_gamma",0.891025641025641
"K00753",5.53966906533118,0.79704209670789,0.0424258617027304,"zero_inflated_gamma",0.294871794871795
"K00754",142.608756948701,3.67853297176807,0.025629230002476,"zero_inflated_gamma",0.993589743589744
"K00756",220.003069430919,4.75877771524034,0.02163050600862,"gamma_mle",1
"K00757",353.965733737581,8.85036362871081,0.0250034474672404,"gamma_mle",1
"K00758",9.06556082103365,1.01380559726341,0.0451622904842912,"zero_inflated_gamma",0.403846153846154
"K00759",495.773704208675,21.1871276059142,0.0427354807769239,"gamma_mle",1
"K00760",643.063721058962,26.0683872524048,0.0405377980419682,"gamma_mle",1
"K00761",689.250215869013,32.3211549321891,0.0468932097343463,"gamma_mle",1
"K00762",872.481963970293,36.3421764701254,0.0416537853742531,"gamma_mle",1
"K00763",634.538925839627,25.7810371327644,0.0406295596423037,"gamma_mle",1
"K00764",994.407034521564,45.2999289592628,0.0455547149071182,"gamma_mle",1
"K00765",449.053556186075,15.878824489143,0.0353606474559647,"gamma_mle",1
"K00766",308.431390883107,7.43624506107712,0.0241098840159736,"gamma_mle",1
"K00767",320.198313189136,8.10169180499443,0.0253021064486648,"gamma_mle",1
"K00768",392.335042645122,14.1136683538799,0.0359735094237966,"gamma_mle",1
"K00769",9.02152972106923,1.58041377118326,0.0864682656049145,"zero_inflated_gamma",0.493589743589744
"K00771",3.0869924477479,2.6360171241051,0.0875806258854589,"zero_inflated_gamma",0.102564102564103
"K00772",15.4665068583,1.70213852240274,0.069841451787389,"zero_inflated_gamma",0.634615384615385
"K00773",659.841820435411,62.2433895771426,0.0943307739058884,"gamma_mle",1
"K00774",0.457732682987587,2.34029486535519,0.163871739118747,"zero_inflated_gamma",0.032051282051282
"K00779",0,-1,-1,"zero",0
"K00782",96.1784643058377,1.60397670926978,0.0159287570918233,"zero_inflated_gamma",0.955128205128205
"K00783",548.612164367826,20.2061963677453,0.0368314770982689,"gamma_mle",1
"K00784",772.760423813876,19.4167185533263,0.0251264401682182,"gamma_mle",1
"K00786",342.942142087336,6.03720435136254,0.0176041483692169,"gamma_mle",1
"K00788",654.816884783777,12.3294874347265,0.018828908846475,"gamma_mle",1
"K00789",1089.3001209542,22.3844189287315,0.0205493587103647,"gamma_mle",1
"K00790",1119.06065541837,44.559285714408,0.0398184723041212,"gamma_mle",1
"K00791",588.963204260021,26.0228505889816,0.0441841704214391,"gamma_mle",1
"K00793",337.934514028424,7.8225700487742,0.023148183224979,"gamma_mle",1
"K00794",282.60122552148,5.52573389168633,0.0195531136904653,"gamma_mle",1
"K00795",18.0103383117668,1.32671608417523,0.0524148688986936,"zero_inflated_gamma",0.711538461538462
"K00796",355.4149242478,9.93343904357595,0.0279488517951211,"gamma_mle",1
"K00797",296.97160682429,6.72558928874055,0.0226472468552184,"gamma_mle",1
"K00798",192.111437237892,3.44367070300322,0.0179253809794724,"gamma_mle",1
"K00799",16.1536684707502,0.579863330922168,0.0138064216466262,"zero_inflated_gamma",0.384615384615385
"K00800",793.075062489113,31.6715057501601,0.0399350669919657,"gamma_mle",1
"K00801",6.39024939507194,0.679512111183508,0.0272655829046053,"zero_inflated_gamma",0.256410256410256
"K00803",33.0181496650122,1.06511241129793,0.0291566234368841,"zero_inflated_gamma",0.903846153846154
"K00805",303.198399130478,9.35749327046936,0.0308626077753216,"gamma_mle",1
"K00806",560.13874213095,30.7849408656512,0.0549594922653186,"gamma_mle",1
"K00808",0,-1,-1,"zero",0
"K00809",7.78007506710592,1.24924019969677,0.0452887403881495,"zero_inflated_gamma",0.282051282051282
"K00812",436.085628326618,5.63612651248056,0.0129243573884972,"gamma_mle",1
"K00813",2.75195229375259,0.904284455152736,0.0610854199458433,"zero_inflated_gamma",0.185897435897436
"K00814",0.486895666836101,-1,-1,"mean_only",0.00641025641025641
"K00815",4.30943006941454,2.11335372019441,0.15718017247993,"zero_inflated_gamma",0.320512820512821
"K00816",0,-1,-1,"zero",0
"K00817",536.787769459168,20.3245274900405,0.0378632462332704,"gamma_mle",1
"K00818",0,-1,-1,"zero",0
"K00819",20.1455234788268,1.78007984016273,0.0787319715134146,"zero_inflated_gamma",0.891025641025641
"K00820",829.114619479147,42.8982317073891,0.0517398085856186,"gamma_mle",1
"K00821",783.620480793523,36.7947437149592,0.0469548009741903,"gamma_mle",1
"K00822",0,-1,-1,"zero",0
"K00823",10.9392800929947,1.27092093647015,0.0714951244529139,"zero_inflated_gamma",0.615384615384615
"K00824",98.8908763309398,1.81625789392417,0.0182485511512487,"zero_inflated_gamma",0.993589743589744
"K00825",1.90496672098258,2.30198235608667,0.426042268640511,"zero_inflated_gamma",0.352564102564103
"K00826",642.132855035471,51.2234171625427,0.0797707464442278,"gamma_mle",1
"K00827",0,-1,-1,"zero",0
"K00830",44.0331683827004,1.65871793519954,0.036945320382803,"zero_inflated_gamma",0.980769230769231
"K00831",606.632928126705,27.986437082417,0.0461340553484949,"gamma_mle",1
"K00832",20.7872860381265,1.35638102951506,0.0564667880833024,"zero_inflated_gamma",0.865384615384615
"K00833",130.172165073082,3.30615153166817,0.0253982987055029,"gamma_mle",1
"K00835",12.4942563317667,0.608720418953883,0.023110778740162,"zero_inflated_gamma",0.474358974358974
"K00836",16.0952689904431,1.08401741461598,0.0470586993460467,"zero_inflated_gamma",0.698717948717949
"K00838",0,-1,-1,"zero",0
"K00839",4.59680736054507,1.98134054622356,0.132623187611581,"zero_inflated_gamma",0.307692307692308
"K00840",4.60338684985672,0.784607856701735,0.0469806517247197,"zero_inflated_gamma",0.275641025641026
"K00841",72.5954165085402,1.22292327574027,0.0161978237978226,"zero_inflated_gamma",0.961538461538462
"K00842",0,-1,-1,"zero",0
"K00844",14.2134460653355,1.54527992615148,0.0745704830636415,"zero_inflated_gamma",0.685897435897436
"K00845",1672.17037619636,25.7765762170249,0.0154150417827986,"gamma_mle",1
"K00846",1.32064753622282,5.38214742415908,0.444112489794762,"zero_inflated_gamma",0.108974358974359
"K00847",904.517875159709,16.2729225453843,0.0179907141608572,"gamma_mle",1
"K00848",314.256806549574,7.63362305383152,0.0242910348948236,"gamma_mle",1
"K00849",621.045775035431,32.9843346832296,0.0531109557606247,"gamma_mle",1
"K00850",582.028906800418,17.3285316034842,0.0297726305360745,"gamma_mle",1
"K00851",94.594509116718,1.33874355802944,0.0132452366948488,"zero_inflated_gamma",0.935897435897436
"K00852",405.345714517306,7.04872402559328,0.0173894129705727,"gamma_mle",1
"K00853",403.86236295646,11.2852595577514,0.0279433306811212,"gamma_mle",1
"K00854",547.75907937981,12.2924329756365,0.0224413130487119,"gamma_mle",1
"K00855",3.36902718309565,0.78706642567639,0.0419314909427076,"zero_inflated_gamma",0.179487179487179
"K00856",36.9738742925213,2.26829535504723,0.0589890366573814,"zero_inflated_gamma",0.961538461538462
"K00857",361.063650809311,6.61646639090031,0.0183249307319353,"gamma_mle",1
"K00858",591.275554511969,44.2126594411014,0.0747750504882515,"gamma_mle",1
"K00859",467.04027709629,26.3656679135608,0.0564526641631059,"gamma_mle",1
"K00860",46.3709233737891,1.74992919754283,0.0341090204728637,"zero_inflated_gamma",0.903846153846154
"K00862",1.51224636031416,3.0179903932591,0.0383788503755347,"zero_inflated_gamma",0.0192307692307692
"K00863",5.58810881894752,0.670002403277676,0.0307430462766602,"zero_inflated_gamma",0.256410256410256
"K00864",625.916754446437,18.0103208655456,0.0287743070266174,"gamma_mle",1
"K00865",349.233338903532,8.37486084107831,0.0239807026080969,"gamma_mle",1
"K00866",0,-1,-1,"zero",0
"K00867",5.30347707037575,0.914285971645957,0.0497289484757044,"zero_inflated_gamma",0.288461538461538
"K00868",563.004016064731,23.2036591664001,0.0412140206895651,"gamma_mle",1
"K00869",7.88980763535138,0.997236076257854,0.03970114647215,"zero_inflated_gamma",0.314102564102564
"K00870",0.255772985646507,6.15056576546322,1.07903078456761,"zero_inflated_gamma",0.0448717948717949
"K00871",0,-1,-1,"zero",0
"K00872",319.930499387442,5.18894019469192,0.0162189606949853,"gamma_mle",1
"K00873",672.071886919376,46.595427777348,0.0693310175358336,"gamma_mle",1
"K00874",694.854106805342,12.0716541245144,0.0173729334061433,"gamma_mle",1
"K00875",3.41170657171733,1.88806553794208,0.0567597896860642,"zero_inflated_gamma",0.102564102564103
"K00876",887.739784023987,12.6378749561486,0.0142360128312185,"gamma_mle",1
"K00877",0,-1,-1,"zero",0
"K00878",445.568853551458,9.63419551311046,0.021622237363137,"gamma_mle",1
"K00879",18.9222710668991,0.993003941655529,0.0403677329844976,"zero_inflated_gamma",0.769230769230769
"K00880",25.0059044294095,0.982610251098586,0.0322421574820339,"zero_inflated_gamma",0.82051282051282
"K00881",9.87421361826916,1.11330299334682,0.0520377794769163,"zero_inflated_gamma",0.461538461538462
"K00882",398.021273128373,8.40696145360448,0.021121889761136,"gamma_mle",1
"K00883",10.6981026855673,0.773496751051059,0.0305894077728537,"zero_inflated_gamma",0.423076923076923
"K00884",4.39283762082063,0.883338399254006,0.0554275671844638,"zero_inflated_gamma",0.275641025641026
"K00885",3.81349703947233,1.04862165145182,0.0687440976482914,"zero_inflated_gamma",0.25
"K00886",64.1465826093331,1.20992505484448,0.0172900553985148,"zero_inflated_gamma",0.916666666666667
"K00887",59.7009607900576,1.32186269281327,0.0204382129041959,"zero_inflated_gamma",0.923076923076923
"K00888",0,-1,-1,"zero",0
"K00889",0,-1,-1,"zero",0
"K00891",470.573974217071,10.384222966852,0.0220671425446531,"gamma_mle",1
"K00892",3.60786839637155,0.717523924834399,0.0573685158385629,"zero_inflated_gamma",0.288461538461538
"K00894",0,-1,-1,"zero",0
"K00895",75.1742840604964,1.67149618710767,0.0210946928692598,"zero_inflated_gamma",0.948717948717949
"K00897",20.4657981568867,1.13705052119786,0.0334776010993288,"zero_inflated_gamma",0.602564102564103
"K00899",14.2298247424268,1.34522140719131,0.0702955137783535,"zero_inflated_gamma",0.743589743589744
"K00900",0,-1,-1,"zero",0
"K00901",173.612965071212,3.84070468349013,0.0221222227378858,"gamma_mle",1
"K00903",78.3880892623657,1.98979558551795,0.0253839021239322,"gamma_mle",1
"K00906",4.69620813201501,0.604037413909597,0.0362781039960088,"zero_inflated_gamma",0.282051282051282
"K00907",1.64459483656412,1.14243032242542,0.142493869196838,"zero_inflated_gamma",0.205128205128205
"K00909",0,-1,-1,"zero",0
"K00912",135.663087820419,2.14855063123475,0.0156343567317967,"zero_inflated_gamma",0.987179487179487
"K00917",71.4738413661717,1.08495951622296,0.0145959736334291,"zero_inflated_gamma",0.961538461538462
"K00918",1.56006738179748,3.75356251519932,0.169655671931906,"zero_inflated_gamma",0.0705128205128205
"K00919",613.91311832762,28.0938704868906,0.0457619647604566,"gamma_mle",1
"K00921",0,-1,-1,"zero",0
"K00924",0,-1,-1,"zero",0
"K00925",692.356062757358,42.273641164795,0.0610576601242389,"gamma_mle",1
"K00926",258.821814083032,4.64565464332459,0.0179492391697487,"gamma_mle",1
"K00927",590.200118915957,36.4185892506508,0.0617054929055964,"gamma_mle",1
"K00928",971.212199982934,43.6111392260891,0.0449038214582307,"gamma_mle",1
"K00929",271.382411550853,3.86239148836023,0.0142322837588775,"gamma_mle",1
"K00930",636.017332127637,39.8676040047894,0.0626832037287762,"gamma_mle",1
"K00931",574.679121692425,28.4556792988612,0.0495157701484952,"gamma_mle",1
"K00932",3.40397097004915,0.65072809240718,0.0428901094291468,"zero_inflated_gamma",0.224358974358974
"K00936",70.5798021723514,1.67779535334095,0.0231620790842333,"zero_inflated_gamma",0.974358974358974
"K00937",712.684625728469,21.733460660058,0.0304952006476121,"gamma_mle",1
"K00938",6.28577996916497,0.960352240641198,0.0421129084832033,"zero_inflated_gamma",0.275641025641026
"K00939",678.334076346938,30.0267344564761,0.0442654077150015,"gamma_mle",1
"K00940",116.922499681313,2.25040954919232,0.0188768838204186,"zero_inflated_gamma",0.980769230769231
"K00941",704.769548652707,21.421422062143,0.0303949313688338,"gamma_mle",1
"K00942",688.165916216806,25.3187393434826,0.0367916206642032,"gamma_mle",1
"K00943",465.355890214229,13.202834506309,0.0283714782254739,"gamma_mle",1
"K00944",0,-1,-1,"zero",0
"K00945",1303.66723962235,25.9182499741143,0.0198810318970832,"gamma_mle",1
"K00946",171.252746238212,2.25338778152272,0.0130739099794468,"zero_inflated_gamma",0.993589743589744
"K00948",778.935174353284,33.1117657731891,0.0425090134113925,"gamma_mle",1
"K00949",534.918339921195,16.4853706020677,0.0308184808254963,"gamma_mle",1
"K00950",232.925284338755,3.35930349730601,0.0143297860943002,"zero_inflated_gamma",0.993589743589744
"K00951",944.77247614351,27.4170459959124,0.0290197340504952,"gamma_mle",1
"K00952",2.35394516678975,2.66257622792162,0.152265111373966,"zero_inflated_gamma",0.134615384615385
"K00953",0,-1,-1,"zero",0
"K00954",589.702416573818,22.9390495962408,0.0388993650891192,"gamma_mle",1
"K00955",10.3390405774345,1.02055380942752,0.05188537051302,"zero_inflated_gamma",0.525641025641026
"K00956",145.734461719379,2.28513999252005,0.0156801621631556,"gamma_mle",1
"K00957",152.168153844266,3.05853338867285,0.0200996943933686,"gamma_mle",1
"K00958",2.43687975297371,1.21736993864281,0.0928670977122111,"zero_inflated_gamma",0.185897435897436
"K00960",4.19148705362075,2.44765956785746,0.0973266184747442,"zero_inflated_gamma",0.166666666666667
"K00962",849.600252140098,36.1333751677212,0.042529854571845,"gamma_mle",1
"K00963",289.490542172115,8.69708884367699,0.0300427391458827,"gamma_mle",1
"K00965",435.219102677828,13.7417274117047,0.0315742744910649,"gamma_mle",1
"K00966",68.3552834592226,2.17392596196504,0.0315994672221712,"zero_inflated_gamma",0.993589743589744
"K00967",0,-1,-1,"zero",0
"K00968",37.5551281101363,1.02630164911038,0.0252257259150151,"zero_inflated_gamma",0.923076923076923
"K00969",803.218066368719,29.556445162342,0.0367975353143688,"gamma_mle",1
"K00970",262.889099419117,5.13621113758853,0.019537558418883,"gamma_mle",1
"K00971",322.725721783139,6.47790008805334,0.0200724629331103,"gamma_mle",1
"K00972",30.0747246773818,1.2536364597632,0.0334006846219441,"zero_inflated_gamma",0.801282051282051
"K00973",633.742871389923,23.4641773974765,0.037024759499093,"gamma_mle",1
"K00974",571.166841243597,14.9676087825122,0.0262053181342308,"gamma_mle",1
"K00975",1035.71997368161,19.2810307214164,0.0186160653568158,"gamma_mle",1
"K00978",117.539353974445,2.24987556730693,0.0190187644600747,"zero_inflated_gamma",0.993589743589744
"K00979",177.876669988438,4.54218809904677,0.0253719136352261,"zero_inflated_gamma",0.993589743589744
"K00980",35.8897456287096,1.72778057764216,0.0413521797975998,"zero_inflated_gamma",0.858974358974359
"K00981",537.971898118862,61.2410108176872,0.113836821276037,"gamma_mle",1
"K00982",75.7607154060048,1.12321247192549,0.0143506046155699,"zero_inflated_gamma",0.967948717948718
"K00983",22.4036158912857,1.79959568158536,0.0623042390557576,"zero_inflated_gamma",0.775641025641026
"K00984",22.7005743570389,1.31744961201757,0.0461311472250413,"zero_inflated_gamma",0.794871794871795
"K00986",849.533748877716,4.26026986857044,0.0050148329883286,"gamma_mle",1
"K00989",161.930330890626,2.22250388020361,0.0137250623029034,"gamma_mle",1
"K00990",95.0824799910858,1.24404013091972,0.0125805767128581,"zero_inflated_gamma",0.961538461538462
"K00991",567.509802215645,18.3693293016675,0.0323683031199651,"gamma_mle",1
"K00992",85.5120992966121,2.28129956416985,0.0263360641638371,"zero_inflated_gamma",0.987179487179487
"K00995",559.983581271032,20.7889588612096,0.0371242292747647,"gamma_mle",1
"K00996",376.202533687039,5.65668037914303,0.0150362633757507,"gamma_mle",1
"K00997",357.484603589263,4.86282832394978,0.0136029028246962,"gamma_mle",1
"K00998",3.75958976187818,0.665301333718763,0.0397028224691808,"zero_inflated_gamma",0.224358974358974
"K01000",690.564729358884,46.7006777737783,0.0676267926645122,"gamma_mle",1
"K01001",1.8085129690825,1.13434933067491,0.112579320909875,"zero_inflated_gamma",0.179487179487179
"K01002",41.894463386794,2.11208641529352,0.0497681129145445,"zero_inflated_gamma",0.987179487179487
"K01003",0.309394418425419,8.05942629445391,0.333961997956765,"zero_inflated_gamma",0.0128205128205128
"K01004",0,-1,-1,"zero",0
"K01006",833.456904524284,18.636019922955,0.0223599082589543,"gamma_mle",1
"K01007",40.9871872526112,1.52059153494932,0.0361479307980024,"zero_inflated_gamma",0.974358974358974
"K01008",254.948236603609,6.7935679606621,0.0266468521263972,"gamma_mle",1
"K01011",13.2987953056305,1.23960709307661,0.0525811190873946,"zero_inflated_gamma",0.564102564102564
"K01012",367.832398119885,7.15927973938023,0.0194634289311483,"gamma_mle",1
"K01021",0.363200370764139,3.28439601560596,0.231870034367679,"zero_inflated_gamma",0.0256410256410256
"K01023",76.1740750718821,1.51017810238149,0.0191899272383023,"zero_inflated_gamma",0.967948717948718
"K01025",0.435210728247183,4.44698264539729,0.130999983037029,"zero_inflated_gamma",0.0128205128205128
"K01026",51.8561306996508,1.78517862225331,0.0342049270860563,"zero_inflated_gamma",0.993589743589744
"K01027",0,-1,-1,"zero",0
"K01028",24.4609973596142,1.36002794229238,0.040630664343007,"zero_inflated_gamma",0.730769230769231
"K01029",1.19205269128346,3.35190395102387,0.324447191825597,"zero_inflated_gamma",0.115384615384615
"K01031",2.45748563624304,1.73520023483558,0.113155070617604,"zero_inflated_gamma",0.16025641025641
"K01032",0.18997485325343,-1,-1,"mean_only",0.00641025641025641
"K01034",53.2120135483169,1.79800086715649,0.0329229841909366,"zero_inflated_gamma",0.974358974358974
"K01035",47.9101185161495,2.24567254950106,0.0441684258636466,"zero_inflated_gamma",0.942307692307692
"K01039",13.7234537371772,2.24120572215325,0.106780972885716,"zero_inflated_gamma",0.653846153846154
"K01040",12.6175018000999,1.99158763664186,0.109276104144574,"zero_inflated_gamma",0.692307692307692
"K01042",86.4674195016089,1.98041993983682,0.0229036549402283,"gamma_mle",1
"K01046",67.6333143271902,1.39417771366417,0.019160236692062,"zero_inflated_gamma",0.92948717948718
"K01048",330.85381309431,7.87182570829549,0.0237924587740859,"gamma_mle",1
"K01049",0.0770998386437218,-1,-1,"mean_only",0.00641025641025641
"K01051",375.88017084674,1.89532848885628,0.00504237423481717,"gamma_mle",1
"K01053",5.40983992107791,1.12279162368526,0.109094788249756,"zero_inflated_gamma",0.525641025641026
"K01054",93.662801672287,2.17608478976812,0.0230842499871001,"zero_inflated_gamma",0.993589743589744
"K01055",74.2832722481855,1.97624941060292,0.0262631521290503,"zero_inflated_gamma",0.987179487179487
"K01056",627.708559689346,42.9475772115358,0.0684196137659659,"gamma_mle",1
"K01057",141.884214123796,2.28124501788733,0.0160782158323611,"gamma_mle",1
"K01058",13.5772934364443,1.36671394239712,0.0619456843677897,"zero_inflated_gamma",0.615384615384615
"K01060",127.131549626125,2.3473195732835,0.0183453490482953,"zero_inflated_gamma",0.993589743589744
"K01061",23.286433165045,0.783023033411871,0.0247881895062727,"zero_inflated_gamma",0.737179487179487
"K01062",0,-1,-1,"zero",0
"K01063",0.965679454408585,0.91888544286374,0.0792952429046014,"zero_inflated_gamma",0.0833333333333333
"K01066",388.842558900665,7.18607681434204,0.0184806849195173,"gamma_mle",1
"K01067",98.9326108510349,1.45752782503407,0.0142603351663346,"zero_inflated_gamma",0.967948717948718
"K01069",600.428170556759,26.5056109445146,0.0441445159375796,"gamma_mle",1
"K01070",26.0549675774791,1.09955036045434,0.0346266087213289,"zero_inflated_gamma",0.82051282051282
"K01071",137.582864147623,2.86370494828242,0.0208144013138855,"gamma_mle",1
"K01073",18.943652560526,1.66693119458195,0.065431570580205,"zero_inflated_gamma",0.743589743589744
"K01075",0.220317254188957,-1,-1,"mean_only",0.00641025641025641
"K01077",413.354404788956,7.55381879854235,0.0182744364424979,"gamma_mle",1
"K01078",0.364160750725549,-1,-1,"mean_only",0.00641025641025641
"K01079",177.729988309501,4.18533063432191,0.0235488151106696,"gamma_mle",1
"K01081",115.435017169226,2.3134812568154,0.019912945873167,"zero_inflated_gamma",0.993589743589744
"K01082",86.5179738500571,2.2964562659136,0.0258625193395503,"zero_inflated_gamma",0.974358974358974
"K01083",4.28543035438036,1.31065816450733,0.150959734228727,"zero_inflated_gamma",0.493589743589744
"K01085",6.24426772537176,0.768343890301571,0.0307619693811186,"zero_inflated_gamma",0.25
"K01087",5.13953582847866,1.04982943586508,0.0877293783718554,"zero_inflated_gamma",0.429487179487179
"K01089",83.3033422352007,2.17901767918996,0.0256545948302736,"zero_inflated_gamma",0.980769230769231
"K01090",31.2165686887268,1.5590390172298,0.0428994792411183,"zero_inflated_gamma",0.858974358974359
"K01091",1400.28093752367,35.9813740342794,0.0256958250805804,"gamma_mle",1
"K01092",228.040264034226,5.52090908781936,0.0242102380963335,"gamma_mle",1
"K01093",9.56797958642622,1.49013863790367,0.103828164517803,"zero_inflated_gamma",0.666666666666667
"K01094",0,-1,-1,"zero",0
"K01095",45.4621179292048,1.93057374169055,0.0372934618437928,"zero_inflated_gamma",0.878205128205128
"K01096",82.9653576087834,2.11855310859597,0.0252080173169153,"zero_inflated_gamma",0.987179487179487
"K01097",0,-1,-1,"zero",0
"K01101",103.272746567748,2.55325135664997,0.0245648967911372,"zero_inflated_gamma",0.993589743589744
"K01102",0,-1,-1,"zero",0
"K01103",0.223315968016761,2.48723437334342,0.142791491599366,"zero_inflated_gamma",0.0128205128205128
"K01104",1311.32523439571,38.6860618390447,0.0295015003328844,"gamma_mle",1
"K01111",0,-1,-1,"zero",0
"K01113",37.0096118453624,0.925767747556441,0.0211659053197615,"zero_inflated_gamma",0.846153846153846
"K01114",3.72527161980056,1.20440975116454,0.109841787162014,"zero_inflated_gamma",0.33974358974359
"K01115",0,-1,-1,"zero",0
"K01118",50.5693330159517,1.94272120227281,0.0369394066447802,"zero_inflated_gamma",0.961538461538462
"K01119",229.699754660551,3.09179119413128,0.0134601414733782,"gamma_mle",1
"K01120",0,-1,-1,"zero",0
"K01121",7.70432001910158,0.697129576621499,0.0301618475043042,"zero_inflated_gamma",0.333333333333333
"K01125",40.9535616355562,1.7263847746602,0.0402631352519594,"zero_inflated_gamma",0.955128205128205
"K01126",782.373427567407,15.6639693165355,0.0200210906513513,"gamma_mle",1
"K01128",0,-1,-1,"zero",0
"K01129",560.1852758526,21.7653008830432,0.0388537539654474,"gamma_mle",1
"K01130",181.57931353072,1.73572707393565,0.00949778135405122,"zero_inflated_gamma",0.993589743589744
"K01131",2.94946403583398,1.60405185567318,0.181281733018275,"zero_inflated_gamma",0.333333333333333
"K01132",31.0450663742779,1.05530582651268,0.0302883730126483,"zero_inflated_gamma",0.891025641025641
"K01133",144.586245885189,1.44018896284735,0.00989690944360334,"zero_inflated_gamma",0.993589743589744
"K01134",142.484710569171,1.44742643395566,0.0100282316544323,"zero_inflated_gamma",0.987179487179487
"K01135",20.5762455563118,1.1224706761527,0.0437113565460777,"zero_inflated_gamma",0.801282051282051
"K01136",15.7571943139233,1.61763116981263,0.0697560504191599,"zero_inflated_gamma",0.67948717948718
"K01137",85.9115784964766,1.06590629939849,0.0120093548973559,"zero_inflated_gamma",0.967948717948718
"K01138",475.197648097613,4.63570121407327,0.00975531177949143,"gamma_mle",1
"K01139",14.945503489488,0.996427504300221,0.0423102657148753,"zero_inflated_gamma",0.634615384615385
"K01141",5.70240272882429,0.801969460129195,0.0522881576050333,"zero_inflated_gamma",0.371794871794872
"K01142",546.916674603399,29.9938165217499,0.0548416567176348,"gamma_mle",1
"K01143",2.52683524968058,0.859531947438097,0.0283467876647529,"zero_inflated_gamma",0.0833333333333333
"K01144",545.809910550436,5.8195387888291,0.0106622079891518,"gamma_mle",1
"K01146",3.35237868516324,0.591577603232454,0.0328043964907589,"zero_inflated_gamma",0.185897435897436
"K01147",8.49729665386732,1.22053566121736,0.110490856539005,"zero_inflated_gamma",0.769230769230769
"K01150",9.01875167064916,1.40567867686459,0.0679397496812184,"zero_inflated_gamma",0.435897435897436
"K01151",534.112446825624,26.1104066304588,0.0488855985020383,"gamma_mle",1
"K01152",0.920066652694784,2.45302695623879,0.307631594998804,"zero_inflated_gamma",0.115384615384615
"K01153",936.504498075806,9.77832481949368,0.0104413004311082,"gamma_mle",1
"K01154",779.255596104552,6.00340911780532,0.0077040308055739,"gamma_mle",1
"K01155",285.368368898906,3.03205830496549,0.0106250679311961,"gamma_mle",1
"K01156",250.276841295535,2.460422348077,0.00983080310323899,"gamma_mle",1
"K01159",517.223460621397,19.2969122064329,0.0373086560753633,"gamma_mle",1
"K01160",27.1833587751159,1.18940834561799,0.0274871265331343,"zero_inflated_gamma",0.628205128205128
"K01163",277.713249544223,3.29209808687076,0.0117783177409594,"zero_inflated_gamma",0.993589743589744
"K01165",0.13042490644337,5.4928275240844,1.07986837198103,"zero_inflated_gamma",0.0256410256410256
"K01166",0,-1,-1,"zero",0
"K01167",3.72073802291237,1.36740411877879,0.0777422548447542,"zero_inflated_gamma",0.211538461538462
"K01169",3.27485962170087,0.544216179903843,0.0330229492015423,"zero_inflated_gamma",0.198717948717949
"K01170",0.423279626333359,-1,-1,"mean_only",0.00641025641025641
"K01173",215.519689681586,1.82770807333748,0.0084261071395717,"zero_inflated_gamma",0.993589743589744
"K01174",29.7153428563348,1.12448467819744,0.0278962636380303,"zero_inflated_gamma",0.737179487179487
"K01175",22.1499629931697,1.19993670940183,0.042713567704072,"zero_inflated_gamma",0.788461538461538
"K01176",681.328232304125,3.26172766485759,0.00478730736553663,"gamma_mle",1
"K01178",17.6239532344702,1.3628333376766,0.0609705243650728,"zero_inflated_gamma",0.788461538461538
"K01179",489.221594693454,2.03884256428103,0.00416752364653602,"gamma_mle",1
"K01180",0.845341320896419,4.43821524461289,0.302896443327028,"zero_inflated_gamma",0.0576923076923077
"K01181",444.018122180814,11.0343830251177,0.0248511997008632,"gamma_mle",1
"K01182",373.85421303958,4.6825792379687,0.0125251477036931,"gamma_mle",1
"K01183",115.086728879374,2.23138243029021,0.0193887032155463,"gamma_mle",1
"K01184",17.8552977542194,1.32141308546419,0.0602491090276477,"zero_inflated_gamma",0.814102564102564
"K01185",386.175585954672,3.20312223002993,0.00829447108136428,"gamma_mle",1
"K01186",192.808337064902,2.0936910236603,0.010789315228908,"zero_inflated_gamma",0.993589743589744
"K01187",1281.90690091988,20.467655961402,0.0159665697615908,"gamma_mle",1
"K01188",5.88896060487464,2.05192675059531,0.0893426021256951,"zero_inflated_gamma",0.256410256410256
"K01189",1.18185341114611,1.30754563223986,0.170207967080591,"zero_inflated_gamma",0.153846153846154
"K01190",3065.89526013732,16.0989457289333,0.00525097707617455,"gamma_mle",1
"K01191",422.744018087264,5.56286349379718,0.0131589407674336,"gamma_mle",1
"K01192",228.058274550912,4.11612560250257,0.0180485694308088,"gamma_mle",1
"K01193",540.394713298668,5.42722668173526,0.0100430787869971,"gamma_mle",1
"K01194",20.8441435282783,1.05886070262474,0.0394017533164947,"zero_inflated_gamma",0.775641025641026
"K01195",238.0991291841,4.39183379220557,0.0184454004819554,"gamma_mle",1
"K01196",0.315002386531633,-1,-1,"mean_only",0.00641025641025641
"K01197",97.7801992963356,1.35372963340591,0.0136671241713802,"zero_inflated_gamma",0.987179487179487
"K01198",615.060792702236,6.46458766704798,0.0105104857011714,"gamma_mle",1
"K01200",588.486687169446,6.21384027717061,0.0105590158837041,"gamma_mle",1
"K01201",166.904336781581,3.43230702694124,0.0205645167353135,"gamma_mle",1
"K01202",3.92599421771686,1.41971634151157,0.162265191744194,"zero_inflated_gamma",0.448717948717949
"K01204",0.458353195000947,1.63564686419772,0.160126320430303,"zero_inflated_gamma",0.0448717948717949
"K01205",105.87736425361,1.61901821770552,0.0152914480740893,"gamma_mle",1
"K01206",655.947859463011,6.36129453470508,0.00969786613819082,"gamma_mle",1
"K01207",532.538026874517,6.80537034230061,0.0127791256189564,"gamma_mle",1
"K01208",105.032690496095,2.58630027264412,0.024465920206415,"zero_inflated_gamma",0.993589743589744
"K01209",1001.80602450997,8.44418301499832,0.00842896010645247,"gamma_mle",1
"K01210",142.833394381537,1.28276299600146,0.00898083393982035,"gamma_mle",1
"K01212",1.58123933481478,2.37424369667583,0.125125676444691,"zero_inflated_gamma",0.0833333333333333
"K01213",171.706172644433,4.05911036431101,0.0236398628063102,"gamma_mle",1
"K01214",279.118073499232,2.60456174582213,0.00933139768833095,"gamma_mle",1
"K01215",29.6563118113051,1.49777939395742,0.0462958594850485,"zero_inflated_gamma",0.916666666666667
"K01216",62.2754825232213,1.16843621697401,0.0175596625697428,"zero_inflated_gamma",0.935897435897436
"K01218",192.533391203802,2.45834357228124,0.0127684011428388,"gamma_mle",1
"K01219",10.3528540935194,1.02849189593009,0.0592241901564705,"zero_inflated_gamma",0.596153846153846
"K01220",80.4663272790769,1.0763286306763,0.0107180586240844,"zero_inflated_gamma",0.801282051282051
"K01222",49.1078793787185,1.62562228510777,0.0316176897686253,"zero_inflated_gamma",0.955128205128205
"K01223",549.265941173269,3.65375477535093,0.00665206870017513,"gamma_mle",1
"K01224",193.255607726222,2.33411199843084,0.0120778487408112,"gamma_mle",1
"K01226",54.2202271210243,1.33607402616142,0.0240097798722336,"zero_inflated_gamma",0.974358974358974
"K01227",50.9072721999459,1.93478296594857,0.0377623948006526,"zero_inflated_gamma",0.993589743589744
"K01228",4.97684702764384,1.69302602769791,0.128657988140585,"zero_inflated_gamma",0.378205128205128
"K01229",0,-1,-1,"zero",0
"K01230",0.272504854009848,1.09266788401684,0.102813307062004,"zero_inflated_gamma",0.0256410256410256
"K01232",117.340987327217,2.10000463620177,0.0175524339667942,"zero_inflated_gamma",0.980769230769231
"K01233",1.17966095047722,8.8177041841726,0.431237215004224,"zero_inflated_gamma",0.0576923076923077
"K01235",76.9503710616524,1.83775574283034,0.0234230746566948,"zero_inflated_gamma",0.980769230769231
"K01236",2.90465880956179,1.07246963904839,0.0591705070134595,"zero_inflated_gamma",0.16025641025641
"K01238",0,-1,-1,"zero",0
"K01239",282.485683809956,3.13976024784963,0.0111147588277851,"gamma_mle",1
"K01240",5.5402911324839,1.31922237253677,0.0534230731519455,"zero_inflated_gamma",0.224358974358974
"K01241",52.881330226768,1.52874688589968,0.0263146113492682,"zero_inflated_gamma",0.91025641025641
"K01243",589.60699024711,21.5925389140293,0.0366219181101969,"gamma_mle",1
"K01246",168.822904468773,3.5742537947975,0.0211716165294302,"gamma_mle",1
"K01247",119.715314010586,3.19117055715109,0.0264854531087854,"zero_inflated_gamma",0.993589743589744
"K01250",47.3929126352638,1.53187068511563,0.0308723987745443,"zero_inflated_gamma",0.955128205128205
"K01251",191.424525303105,3.13084464955736,0.0163555043148203,"gamma_mle",1
"K01252",3.55588317788499,0.764940021812456,0.0441270890677709,"zero_inflated_gamma",0.205128205128205
"K01253",0,-1,-1,"zero",0
"K01254",0,-1,-1,"zero",0
"K01255",460.069487881956,15.021088989087,0.0326496092106441,"gamma_mle",1
"K01256",113.708244725588,1.73440438421718,0.0152531101715871,"gamma_mle",1
"K01257",0.209825956370435,-1,-1,"mean_only",0.00641025641025641
"K01258",581.853077178733,23.558082801461,0.0404880264889008,"gamma_mle",1
"K01259",113.427007162208,1.75183505701077,0.0153455988009775,"zero_inflated_gamma",0.993589743589744
"K01261",34.3312034449943,1.74049106986411,0.0490721539189677,"zero_inflated_gamma",0.967948717948718
"K01262",799.822877536583,27.81158138088,0.0347721753928049,"gamma_mle",1
"K01264",0.511844700561145,2.59277994763418,0.259772298300403,"zero_inflated_gamma",0.0512820512820513
"K01265",855.556163262642,54.5733724700126,0.0637870134228224,"gamma_mle",1
"K01266",125.04511756223,3.42064497504175,0.0273552861697253,"gamma_mle",1
"K01267",374.604356024791,11.7215758713322,0.0312905487691565,"gamma_mle",1
"K01269",156.039419204927,4.14445003939943,0.0265602759899825,"gamma_mle",1
"K01270",474.758377872413,7.16090659105419,0.0150832653509879,"gamma_mle",1
"K01271",221.200148169069,5.49261063498675,0.0248309536880988,"gamma_mle",1
"K01273",369.921542811816,6.1168358977112,0.0165354952058656,"gamma_mle",1
"K01274",4.0002265557043,1.10708340678626,0.0461258627634295,"zero_inflated_gamma",0.166666666666667
"K01275",0,-1,-1,"zero",0
"K01276",1.7179404190961,3.43989077920642,0.372228785418625,"zero_inflated_gamma",0.185897435897436
"K01277",127.83372913069,2.05562973365327,0.0158743355145661,"zero_inflated_gamma",0.987179487179487
"K01278",411.231827217016,4.11936282001032,0.010017130356587,"gamma_mle",1
"K01279",0,-1,-1,"zero",0
"K01280",0,-1,-1,"zero",0
"K01281",24.6245955453975,1.15920053339262,0.0440572843071882,"zero_inflated_gamma",0.935897435897436
"K01283",0,-1,-1,"zero",0
"K01284",254.827512597215,2.21709948352396,0.00870039290862735,"gamma_mle",1
"K01286",90.3006557977511,3.37558056572431,0.0371419476318805,"zero_inflated_gamma",0.993589743589744
"K01288",0,-1,-1,"zero",0
"K01291",0,-1,-1,"zero",0
"K01293",1.24588989111901,2.61294506473013,0.16132707684905,"zero_inflated_gamma",0.0769230769230769
"K01294",2.21816146730004,2.05303891934614,0.272921191722856,"zero_inflated_gamma",0.294871794871795
"K01295",64.8729388409505,2.12261183719052,0.0316708236626765,"zero_inflated_gamma",0.967948717948718
"K01296",0.560321835351704,1.60766557316906,0.110353170935988,"zero_inflated_gamma",0.0384615384615385
"K01297",113.845361819217,3.19050982002758,0.0280249433885064,"gamma_mle",1
"K01299",175.02565546103,4.7788756668815,0.0273038581360751,"gamma_mle",1
"K01301",10.2838014769536,1.40370525862534,0.100622588351551,"zero_inflated_gamma",0.737179487179487
"K01302",15.3757950612962,1.41314627249408,0.0736435897767608,"zero_inflated_gamma",0.801282051282051
"K01303",94.4078310766907,2.31006708178876,0.0243121670447559,"zero_inflated_gamma",0.993589743589744
"K01304",229.061412023496,2.8898691448852,0.01261613258801,"gamma_mle",1
"K01305",83.9395462144109,2.57191605150974,0.0300508668583817,"zero_inflated_gamma",0.980769230769231
"K01308",153.096757005162,3.58813814259531,0.0234370617169528,"gamma_mle",1
"K01312",0.471764282639233,9.34538939181294,0.253967264838583,"zero_inflated_gamma",0.0128205128205128
"K01318",4.91634765150453,0.924751227192205,0.0144690153801973,"zero_inflated_gamma",0.0769230769230769
"K01322",67.6978780965782,1.24990524116166,0.0183446374243163,"zero_inflated_gamma",0.993589743589744
"K01336",0,-1,-1,"zero",0
"K01337",12.1609053203215,1.24297208119127,0.081899430401694,"zero_inflated_gamma",0.801282051282051
"K01338",751.628380340492,18.2866094378491,0.0243293227293589,"gamma_mle",1
"K01341",1.23467022453959,3.53808627822548,0.495971373120542,"zero_inflated_gamma",0.173076923076923
"K01342",10.9819320098586,1.53851119368898,0.112255421367827,"zero_inflated_gamma",0.801282051282051
"K01347",0,-1,-1,"zero",0
"K01352",0,-1,-1,"zero",0
"K01354",77.7639824399414,1.0514984695748,0.0129149230071349,"zero_inflated_gamma",0.955128205128205
"K01355",0,-1,-1,"zero",0
"K01356",1213.96604278222,13.2346932265273,0.010902029183778,"gamma_mle",1
"K01358",1019.6094607267,31.9730032989231,0.031358088101826,"gamma_mle",1
"K01360",0,-1,-1,"zero",0
"K01361",239.133046240304,1.60381864578529,0.0067068047306754,"gamma_mle",1
"K01363",0.225424655774575,3.62640258364401,0.30936505585113,"zero_inflated_gamma",0.0192307692307692
"K01364",20.1504780537693,0.943460799749733,0.0276122460887565,"zero_inflated_gamma",0.58974358974359
"K01365",13.3304657168816,1.16322552498842,0.0693610546342204,"zero_inflated_gamma",0.794871794871795
"K01366",4.16912173356612,1.30244741030991,0.140180970385666,"zero_inflated_gamma",0.448717948717949
"K01368",0.372038142225227,-1,-1,"mean_only",0.00641025641025641
"K01369",7.73605085878423,1.02850445144193,0.0613613290384401,"zero_inflated_gamma",0.461538461538462
"K01371",10.8929129678161,0.989658559510039,0.049503474160097,"zero_inflated_gamma",0.544871794871795
"K01372",460.711813652732,5.10566065330527,0.0110821135946684,"gamma_mle",1
"K01373",4.30624695435281,0.986160011579404,0.101291487365097,"zero_inflated_gamma",0.442307692307692
"K01379",0,-1,-1,"zero",0
"K01387",0.656870175523545,3.63300839772776,0.319083810074637,"zero_inflated_gamma",0.0576923076923077
"K01390",0,-1,-1,"zero",0
"K01392",0,-1,-1,"zero",0
"K01393",0,-1,-1,"zero",0
"K01394",0.314335069833202,1.6854892768043,0.206233783206941,"zero_inflated_gamma",0.0384615384615385
"K01395",0.245546362952113,3.02797168453375,0.237145539451253,"zero_inflated_gamma",0.0192307692307692
"K01397",0,-1,-1,"zero",0
"K01399",0,-1,-1,"zero",0
"K01400",49.7118547903394,1.64482979952759,0.0318146872934165,"zero_inflated_gamma",0.961538461538462
"K01401",0,-1,-1,"zero",0
"K01402",0,-1,-1,"zero",0
"K01404",0,-1,-1,"zero",0
"K01405",0.133055812035807,8.80069578307828,1.69597150834756,"zero_inflated_gamma",0.0256410256410256
"K01406",1.29264620861636,4.514521760801,0.470139531709339,"zero_inflated_gamma",0.134615384615385
"K01407",2.78187470239119,0.508691228490118,0.0492313081641017,"zero_inflated_gamma",0.269230769230769
"K01408",194.600128280491,5.40992317747129,0.0278002035521456,"gamma_mle",1
"K01409",933.474468445669,45.0319617554175,0.048241235596299,"gamma_mle",1
"K01412",2.09330669944949,1.37594029783068,0.0969103059204047,"zero_inflated_gamma",0.147435897435897
"K01414",23.9331444899879,0.639815651269606,0.0186791451327992,"zero_inflated_gamma",0.698717948717949
"K01415",0.331223092070926,-1,-1,"mean_only",0.00641025641025641
"K01417",0,-1,-1,"zero",0
"K01419",30.7304812185495,1.75120198959158,0.0456617230446151,"zero_inflated_gamma",0.801282051282051
"K01420",302.02275521842,6.49932615294177,0.0215193260793927,"gamma_mle",1
"K01421",866.218291834133,5.65421916474883,0.00652747606238674,"gamma_mle",1
"K01424",596.308990898709,25.9483619986219,0.0435149601878627,"gamma_mle",1
"K01425",125.425264800723,2.12699262026473,0.0167408335748268,"zero_inflated_gamma",0.987179487179487
"K01426",71.0003926621154,1.93032204757781,0.0266646478808835,"zero_inflated_gamma",0.980769230769231
"K01428",61.4851887148855,1.79349649691023,0.028795600844426,"zero_inflated_gamma",0.987179487179487
"K01429",13.2922842000942,1.68122670377918,0.0656730341838754,"zero_inflated_gamma",0.519230769230769
"K01430",34.3927392923779,1.95339243343891,0.0458742186535465,"zero_inflated_gamma",0.807692307692308
"K01431",28.745066030213,0.954072631534629,0.023616552897272,"zero_inflated_gamma",0.711538461538462
"K01432",43.656418951169,1.76799458735376,0.0379019086021626,"zero_inflated_gamma",0.935897435897436
"K01433",28.7872198933085,1.56768561416692,0.0429377972500008,"zero_inflated_gamma",0.788461538461538
"K01434",1.27636747710414,1.39567091110584,0.0210282898107594,"zero_inflated_gamma",0.0192307692307692
"K01436",505.65383931469,11.9693899133836,0.0236711144715239,"gamma_mle",1
"K01438",189.692521627253,3.23530716765351,0.0169462032112133,"zero_inflated_gamma",0.993589743589744
"K01439",588.102995519218,14.5349666044247,0.0247150018196936,"gamma_mle",1
"K01440",0.149221284631328,-1,-1,"mean_only",0.00641025641025641
"K01442",625.486822188894,15.616566292056,0.0249670588381156,"gamma_mle",1
"K01443",656.061671844027,19.815108334353,0.0302031183724811,"gamma_mle",1
"K01444",1.62779343121496,1.05104972474799,0.0289732632805546,"zero_inflated_gamma",0.0448717948717949
"K01446",1.98808173553706,0.991902859515562,0.0159911726713883,"zero_inflated_gamma",0.032051282051282
"K01447",794.599046270278,3.07255438725369,0.00386679848368277,"gamma_mle",1
"K01448",1193.34809990493,19.1443563810433,0.016042558229714,"gamma_mle",1
"K01449",435.721337945322,5.30496672510042,0.012175136407403,"gamma_mle",1
"K01451",55.1197623650297,2.00878489644571,0.0350423125212083,"zero_inflated_gamma",0.961538461538462
"K01452",35.1578835879617,1.5668542370432,0.0414237370634988,"zero_inflated_gamma",0.92948717948718
"K01453",0,-1,-1,"zero",0
"K01455",3.47159100034273,1.14093967478091,0.0653087278314187,"zero_inflated_gamma",0.198717948717949
"K01456",0,-1,-1,"zero",0
"K01457",7.90007896008779,0.999327755379406,0.0502740194494716,"zero_inflated_gamma",0.397435897435897
"K01458",0.497122068998884,3.06776148084887,0.276905759105523,"zero_inflated_gamma",0.0448717948717949
"K01459",0,-1,-1,"zero",0
"K01460",5.66269215929829,0.563629528658454,0.0293497237855955,"zero_inflated_gamma",0.294871794871795
"K01461",0,-1,-1,"zero",0
"K01462",1031.09982827897,24.4663073575206,0.0237283594531848,"gamma_mle",1
"K01463",20.3134765539367,1.35787888423805,0.0492776535260514,"zero_inflated_gamma",0.737179487179487
"K01464",136.922406390977,3.92637033135643,0.0286758788049986,"gamma_mle",1
"K01465",727.971935769937,35.1552111198542,0.0482919868094536,"gamma_mle",1
"K01466",41.1089996739172,0.893158763722647,0.0178269532754598,"zero_inflated_gamma",0.82051282051282
"K01467",18.44329987989,1.53315113670967,0.0676745636453616,"zero_inflated_gamma",0.814102564102564
"K01468",265.70604156766,5.58597658377325,0.0208883810425374,"zero_inflated_gamma",0.993589743589744
"K01469",2.15187838701127,2.69652321584539,0.249013868700711,"zero_inflated_gamma",0.198717948717949
"K01470",118.598372506902,3.42655581958186,0.0287068923983433,"zero_inflated_gamma",0.993589743589744
"K01473",29.5589574944123,1.4461656772495,0.0476703045533436,"zero_inflated_gamma",0.974358974358974
"K01474",4.54965614580072,1.35346347414223,0.0953483915391722,"zero_inflated_gamma",0.320512820512821
"K01476",29.1811467772118,1.75325499519872,0.0496830034244119,"zero_inflated_gamma",0.826923076923077
"K01477",0,-1,-1,"zero",0
"K01478",157.73147090346,1.93769078498014,0.0122059959193749,"zero_inflated_gamma",0.993589743589744
"K01479",13.1413931880855,1.62711278495977,0.0706385305540889,"zero_inflated_gamma",0.57051282051282
"K01480",253.490454748003,4.8193435927938,0.0190119332011328,"gamma_mle",1
"K01482",20.0631276081678,1.33331016292926,0.0536757968846057,"zero_inflated_gamma",0.807692307692308
"K01483",10.4787190703945,1.7714090085908,0.0975278303445332,"zero_inflated_gamma",0.576923076923077
"K01484",2.65724056238929,0.604944024372369,0.0437805259143621,"zero_inflated_gamma",0.192307692307692
"K01485",60.2378907934154,1.539712942676,0.024905140333981,"zero_inflated_gamma",0.974358974358974
"K01486",320.308572413291,10.1114443813533,0.0315678231936502,"gamma_mle",1
"K01487",158.323517148326,5.17095586486484,0.0326606934838392,"gamma_mle",1
"K01488",73.8683317433778,2.68782600037602,0.0361534677106996,"zero_inflated_gamma",0.993589743589744
"K01489",481.628588960176,14.7008360031271,0.0305231797698427,"gamma_mle",1
"K01491",566.838823782639,41.6250784317563,0.0734337111102995,"gamma_mle",1
"K01492",0.233556610780665,3.3923310661051,0.186213628374954,"zero_inflated_gamma",0.0128205128205128
"K01493",642.533459361196,19.9173098974418,0.0309980898383775,"gamma_mle",1
"K01494",129.641047364545,1.37701189768955,0.010349375661399,"zero_inflated_gamma",0.974358974358974
"K01495",366.619208560672,8.07327512444257,0.0220208732546716,"gamma_mle",1
"K01496",169.950902445353,2.08112613219975,0.0121669585175351,"zero_inflated_gamma",0.993589743589744
"K01497",3.07461841591794,1.04325068838234,0.0543767023095018,"zero_inflated_gamma",0.16025641025641
"K01499",0.408680048773394,1.08492319981581,0.0510519359860757,"zero_inflated_gamma",0.0192307692307692
"K01501",30.2657956885012,1.33886042718339,0.0377146647756521,"zero_inflated_gamma",0.852564102564103
"K01502",1.96940338552501,1.83463909887579,0.137347007729262,"zero_inflated_gamma",0.147435897435897
"K01505",0.216137588276069,8.08191904103312,0.719086028763077,"zero_inflated_gamma",0.0192307692307692
"K01507",197.59516115058,3.95695795279721,0.0198972121322295,"zero_inflated_gamma",0.993589743589744
"K01512",294.418526999776,4.2706699024277,0.0145054387233958,"gamma_mle",1
"K01513",2.86342310386747,2.85623832001868,0.198219333788676,"zero_inflated_gamma",0.198717948717949
"K01515",714.371742703597,31.0979335539355,0.0435318640071665,"gamma_mle",1
"K01517",1.358726791421,1.04671551035321,0.0790117907714382,"zero_inflated_gamma",0.102564102564103
"K01518",13.1413725474352,1.85662046737443,0.0724515690241075,"zero_inflated_gamma",0.512820512820513
"K01520",803.643228295891,11.7027067036796,0.0145620672104648,"gamma_mle",1
"K01521",2.9797690564546,0.680838875295168,0.0336872048425876,"zero_inflated_gamma",0.147435897435897
"K01522",0.66947345693632,1.28747683565903,0.073966098760133,"zero_inflated_gamma",0.0384615384615385
"K01523",165.719133699935,2.22725742240466,0.0133537997805516,"zero_inflated_gamma",0.993589743589744
"K01524",361.021123235221,5.95174094792001,0.0164858523916402,"gamma_mle",1
"K01525",11.8611734568315,1.22282176904517,0.054851561888759,"zero_inflated_gamma",0.532051282051282
"K01526",0,-1,-1,"zero",0
"K01528",0.300617764798563,-1,-1,"mean_only",0.00641025641025641
"K01530",0.215997308028389,-1,-1,"mean_only",0.00641025641025641
"K01531",154.193775775454,1.76992534691873,0.0114785784187307,"gamma_mle",1
"K01533",962.17290684838,23.2242223268375,0.0241372648944242,"gamma_mle",1
"K01534",1012.08199558637,31.3852677450538,0.0310105978388342,"gamma_mle",1
"K01535",0.828602803090494,0.675385956600575,0.0313496199256027,"zero_inflated_gamma",0.0384615384615385
"K01536",0.774844717115513,-1,-1,"mean_only",0.00641025641025641
"K01537",712.304496592269,12.8671937607362,0.0180641759560609,"gamma_mle",1
"K01539",12.4494747223578,0.95681689598516,0.0413840028859136,"zero_inflated_gamma",0.538461538461538
"K01541",97.4263245616218,4.08133760595918,0.0418915280271889,"gamma_mle",1
"K01544",0,-1,-1,"zero",0
"K01545",0,-1,-1,"zero",0
"K01546",135.743154333351,2.55881976309406,0.0188504516169578,"gamma_mle",1
"K01547",163.939972415894,2.98338599912437,0.0181980389233927,"gamma_mle",1
"K01548",132.457535525264,2.38091099169556,0.017744452835254,"zero_inflated_gamma",0.987179487179487
"K01551",10.4400590206435,0.863463853728111,0.0339309940984248,"zero_inflated_gamma",0.41025641025641
"K01555",0,-1,-1,"zero",0
"K01556",3.57983922244749,1.35871344493642,0.0559586963728115,"zero_inflated_gamma",0.147435897435897
"K01557",79.2316212640072,2.07942045094813,0.0250671776159048,"zero_inflated_gamma",0.955128205128205
"K01560",252.906010447304,6.97294451747046,0.027571288262931,"gamma_mle",1
"K01561",13.9830091442117,1.5166092043575,0.0709167164899776,"zero_inflated_gamma",0.653846153846154
"K01563",3.34657712176142,1.8210502962027,0.136038273581173,"zero_inflated_gamma",0.25
"K01565",6.25363133708991,2.10389344008147,0.144491290070619,"zero_inflated_gamma",0.429487179487179
"K01567",121.179460122685,3.40289177854989,0.0279014146975893,"zero_inflated_gamma",0.993589743589744
"K01569",3.0244323134283,3.20994364811225,0.238120609095139,"zero_inflated_gamma",0.224358974358974
"K01571",459.067015335924,13.7240030688029,0.0298954240020062,"gamma_mle",1
"K01572",845.119061534948,19.1670880700719,0.0226797488572317,"gamma_mle",1
"K01573",48.4033557913984,1.69748845870477,0.0283254817372799,"zero_inflated_gamma",0.807692307692308
"K01574",0.655335934385187,1.26883571178811,0.111701581516575,"zero_inflated_gamma",0.0576923076923077
"K01575",16.7116304646377,1.49419092702011,0.0584605429620534,"zero_inflated_gamma",0.653846153846154
"K01576",0.325118941032864,34.8309400154366,1.37349891581149,"zero_inflated_gamma",0.0128205128205128
"K01577",15.2550571324117,1.11346178951369,0.0561459102658425,"zero_inflated_gamma",0.769230769230769
"K01578",0.849327243201647,3.95939529471019,0.209183415347486,"zero_inflated_gamma",0.0448717948717949
"K01579",207.175289192886,4.7072354329037,0.0225753798390543,"zero_inflated_gamma",0.993589743589744
"K01580",139.642463299844,2.42616133843877,0.0172627219915952,"zero_inflated_gamma",0.993589743589744
"K01581",43.4890627889891,1.08044491264487,0.0229329790425113,"zero_inflated_gamma",0.923076923076923
"K01582",18.255968095354,1.13506292763145,0.0553994270484424,"zero_inflated_gamma",0.891025641025641
"K01583",2.85415837807398,1.16492500407726,0.107270216439645,"zero_inflated_gamma",0.262820512820513
"K01584",6.84862411268582,1.15517961635862,0.0951490069924953,"zero_inflated_gamma",0.564102564102564
"K01585",718.037519319432,15.4566634720202,0.0215262615896036,"gamma_mle",1
"K01586",607.356992020481,34.1783721918109,0.0562739420815926,"gamma_mle",1
"K01588",639.42254119278,32.6958103980923,0.051133340305929,"gamma_mle",1
"K01589",139.983817729275,1.89263182385456,0.0134336925444502,"zero_inflated_gamma",0.993589743589744
"K01590",9.44552611690311,1.35406806249178,0.0781103653155076,"zero_inflated_gamma",0.544871794871795
"K01591",693.680750562936,29.9266813013091,0.0431418650107027,"gamma_mle",1
"K01593",5.63205293857688,1.05195176786234,0.0478921674690371,"zero_inflated_gamma",0.256410256410256
"K01595",162.804795447249,1.20140471403971,0.00733211450246869,"zero_inflated_gamma",0.993589743589744
"K01596",95.2236032014974,2.07013733550132,0.0216003927096088,"zero_inflated_gamma",0.993589743589744
"K01597",7.59166844642259,0.849881447480223,0.0337282940700684,"zero_inflated_gamma",0.301282051282051
"K01598",13.6246472775458,0.974702288648681,0.026139481896118,"zero_inflated_gamma",0.365384615384615
"K01599",160.597540321003,1.57774058563118,0.00976121340834386,"zero_inflated_gamma",0.993589743589744
"K01601",10.2578331234416,1.21817417366216,0.0601390067680914,"zero_inflated_gamma",0.506410256410256
"K01607",728.652275215847,14.8968484447898,0.0204443860967523,"gamma_mle",1
"K01608",3.7706368868524,0.643019410012509,0.0513786430982651,"zero_inflated_gamma",0.301282051282051
"K01609",224.156451413302,5.0211909710165,0.0224003857098825,"gamma_mle",1
"K01610",498.256345980662,14.1709574975883,0.0284410978643879,"gamma_mle",1
"K01611",34.4979050698574,1.87059039598031,0.047619183692303,"zero_inflated_gamma",0.878205128205128
"K01612",6.1314098871278,0.975140898188146,0.06218881168014,"zero_inflated_gamma",0.391025641025641
"K01613",199.993621684097,4.27913478720056,0.0213963562996011,"gamma_mle",1
"K01615",240.692255399937,3.54734539487196,0.0147380952867704,"gamma_mle",1
"K01616",0.710426104580621,1.24444253080681,0.0561437400657535,"zero_inflated_gamma",0.032051282051282
"K01617",0,-1,-1,"zero",0
"K01619",523.412200694266,10.9364274248787,0.0208944831824179,"gamma_mle",1
"K01620",538.379297706629,22.5894332576007,0.0419582130178974,"gamma_mle",1
"K01621",220.02008417282,3.68427085835365,0.0167451570260275,"gamma_mle",1
"K01622",1.52732483148961,1.53105215637016,0.0706849019095718,"zero_inflated_gamma",0.0705128205128205
"K01623",3.30102923901703,1.08768305628024,0.0506920244251376,"zero_inflated_gamma",0.153846153846154
"K01624",888.58354841551,34.373834717214,0.0386838522708508,"gamma_mle",1
"K01625",448.594458786783,14.2223875621957,0.0317043317937094,"gamma_mle",1
"K01626",396.692195600273,4.31607071772384,0.0108801503170305,"gamma_mle",1
"K01627",135.736262501032,2.82713311378235,0.0205611070028585,"zero_inflated_gamma",0.987179487179487
"K01628",289.635172217312,5.64712837686427,0.0194973847051533,"gamma_mle",1
"K01629",217.701584954676,5.74436990376327,0.0263864404338591,"gamma_mle",1
"K01630",11.2421868730277,1.44872422257384,0.0751712402025875,"zero_inflated_gamma",0.583333333333333
"K01631",7.76390826388288,0.622655533656785,0.0215919640720191,"zero_inflated_gamma",0.269230769230769
"K01633",197.90022910135,3.65234426603109,0.0184554827582369,"gamma_mle",1
"K01635",2.06747345190378,1.78950827692833,0.0887746879096223,"zero_inflated_gamma",0.102564102564103
"K01637",4.75106319373735,0.594676448929533,0.0345011673436734,"zero_inflated_gamma",0.275641025641026
"K01638",5.90604451895943,0.640417041217357,0.0368398145015148,"zero_inflated_gamma",0.33974358974359
"K01639",199.803872381799,4.74685678376867,0.0237575815082205,"gamma_mle",1
"K01640",13.6909722201198,1.4691775360079,0.0646611233489304,"zero_inflated_gamma",0.602564102564103
"K01641",4.37879333929418,1.08740683990052,0.065267483793436,"zero_inflated_gamma",0.262820512820513
"K01643",90.0559823349207,1.85808691394761,0.0205003160537485,"zero_inflated_gamma",0.993589743589744
"K01644",96.5084542054469,2.26738297931601,0.0233435349429853,"zero_inflated_gamma",0.993589743589744
"K01646",102.349768567887,2.13673086554816,0.0198061505374153,"zero_inflated_gamma",0.948717948717949
"K01647",766.868252204768,16.8165330215887,0.0219288423705646,"gamma_mle",1
"K01649",688.330440964883,26.43362853794,0.038402527281644,"gamma_mle",1
"K01652",981.999297388256,18.2579397673291,0.0185926199905522,"gamma_mle",1
"K01653",554.080360182499,19.2240865136405,0.0346954844371467,"gamma_mle",1
"K01654",27.5340187153551,1.61751800007465,0.0523443391168785,"zero_inflated_gamma",0.891025641025641
"K01655",1.17502535567444,-1,-1,"mean_only",0.00641025641025641
"K01657",332.122552824192,7.48722427942225,0.0225435587428644,"gamma_mle",1
"K01658",256.411695571263,5.47001432049053,0.0213329361139468,"gamma_mle",1
"K01659",1.18394977217041,0.9500712216027,0.118311271708959,"zero_inflated_gamma",0.147435897435897
"K01661",99.5020014839979,2.34840932807994,0.0236016290431868,"gamma_mle",1
"K01662",825.036037310418,24.6810033966497,0.029915061016133,"gamma_mle",1
"K01663",0,-1,-1,"zero",0
"K01664",109.521001385808,1.29297463807709,0.0108219130264841,"zero_inflated_gamma",0.916666666666667
"K01665",100.752370030666,2.86136128092764,0.0280358383736446,"zero_inflated_gamma",0.987179487179487
"K01666",127.224211136411,1.95448178161915,0.0153624987269407,"gamma_mle",1
"K01667",142.865595853571,1.85066917720966,0.0128708798102649,"zero_inflated_gamma",0.993589743589744
"K01668",0.650276268466054,4.86248768516613,0.431398390632343,"zero_inflated_gamma",0.0576923076923077
"K01669",16.387836765141,1.18881167963095,0.0409213080607058,"zero_inflated_gamma",0.564102564102564
"K01671",2.73167924399977,1.07997444693353,0.073494895478919,"zero_inflated_gamma",0.185897435897436
"K01672",0,-1,-1,"zero",0
"K01673",201.785159557727,3.71649536238844,0.018418080747535,"gamma_mle",1
"K01674",2.78261072147798,1.18269824660324,0.0517667024730472,"zero_inflated_gamma",0.121794871794872
"K01676",160.507445468682,2.19567488035412,0.0136795827380016,"gamma_mle",1
"K01677",354.984561105014,7.12277768457032,0.0200650351170152,"gamma_mle",1
"K01678",395.883729158795,7.43029504907854,0.0187688821282628,"gamma_mle",1
"K01679",79.1402841160254,2.18875196726183,0.0271247520432055,"zero_inflated_gamma",0.980769230769231
"K01681",698.580314402766,32.6636952269156,0.0467572511756799,"gamma_mle",1
"K01682",6.3282760720775,0.458003811949012,0.0259804760300596,"zero_inflated_gamma",0.358974358974359
"K01683",2.42656360224617,1.77438780741063,0.135934678728378,"zero_inflated_gamma",0.185897435897436
"K01684",63.1606840047933,1.60885489018163,0.024982556758616,"zero_inflated_gamma",0.980769230769231
"K01685",293.937691940265,7.73268311834641,0.0263072186057644,"gamma_mle",1
"K01686",519.31382494359,8.29588209913014,0.0159746991138379,"gamma_mle",1
"K01687",895.941267374426,24.1418685395504,0.026945816002313,"gamma_mle",1
"K01689",775.025902686137,39.6135939965922,0.0511126065068235,"gamma_mle",1
"K01690",3.66128108956048,0.581811010137575,0.0387086353957365,"zero_inflated_gamma",0.243589743589744
"K01692",18.9834591756752,1.4414626434905,0.0623036385691905,"zero_inflated_gamma",0.82051282051282
"K01693",421.374814889536,9.71820070270296,0.0230630791383453,"gamma_mle",1
"K01695",330.19577746159,7.43074505177926,0.0225040583768326,"gamma_mle",1
"K01696",384.710084160971,10.5700041385593,0.0274752458376854,"gamma_mle",1
"K01697",68.9414660659832,1.09539639116749,0.0145647230305369,"zero_inflated_gamma",0.916666666666667
"K01698",149.560333621212,3.36710362420972,0.022513346571809,"gamma_mle",1
"K01699",11.4277269938687,0.857087185601357,0.0480773528156341,"zero_inflated_gamma",0.641025641025641
"K01703",681.935127579747,23.3601222361033,0.034255637070656,"gamma_mle",1
"K01704",562.709010228218,21.2467055438972,0.0377578911261439,"gamma_mle",1
"K01705",0,-1,-1,"zero",0
"K01706",12.0144537183176,1.02857259026177,0.0504886951928584,"zero_inflated_gamma",0.58974358974359
"K01707",0.269234434532507,3.00587514392187,0.143134962979107,"zero_inflated_gamma",0.0128205128205128
"K01708",22.2553573412812,0.958600997806029,0.0367223400136383,"zero_inflated_gamma",0.852564102564103
"K01709",115.78152753191,2.05615942958027,0.0177589592520584,"gamma_mle",1
"K01710",769.603614078639,18.9714328957056,0.0246509145080068,"gamma_mle",1
"K01711",211.674475353276,5.22728950573052,0.0246949449006848,"gamma_mle",1
"K01712",185.389933725821,2.24591723342473,0.012114558694143,"gamma_mle",1
"K01713",3.94312684609152,1.32376138930955,0.0946884570438895,"zero_inflated_gamma",0.282051282051282
"K01714",718.084501483619,24.646309840802,0.0343222974314036,"gamma_mle",1
"K01715",236.09927814469,5.54738671713369,0.0234959918587047,"gamma_mle",1
"K01716",3.05154525916159,0.604276605034871,0.0215794458493365,"zero_inflated_gamma",0.108974358974359
"K01719",109.200360969444,2.06026580079461,0.0183830754289431,"zero_inflated_gamma",0.974358974358974
"K01720",4.02272967424448,1.06816828588161,0.0868089309922749,"zero_inflated_gamma",0.326923076923077
"K01721",0.152342846708888,-1,-1,"mean_only",0.00641025641025641
"K01724",0,-1,-1,"zero",0
"K01725",7.61942566026648,1.04757423941985,0.0396597972379399,"zero_inflated_gamma",0.288461538461538
"K01727",8.47085944356798,1.2658730899053,0.075677222637491,"zero_inflated_gamma",0.506410256410256
"K01728",165.428984138571,0.560412572339198,0.00327905435521316,"zero_inflated_gamma",0.967948717948718
"K01729",2.72845281901134,1.64363496054019,0.127431930822058,"zero_inflated_gamma",0.211538461538462
"K01730",16.1771399459836,1.01597948820481,0.0334146326879851,"zero_inflated_gamma",0.532051282051282
"K01731",0.367834719839864,8.41397736363642,0.586521602468451,"zero_inflated_gamma",0.0256410256410256
"K01732",0.745754599672925,1.41364809790043,0.121512449073561,"zero_inflated_gamma",0.0641025641025641
"K01733",570.70918317258,36.0282751582939,0.0631289564292837,"gamma_mle",1
"K01734",667.828577924505,10.0308588779432,0.0150201102641001,"gamma_mle",1
"K01735",542.186525887477,20.6702188574207,0.0381238150903634,"gamma_mle",1
"K01736",691.038422747501,39.7117890800674,0.0574668321946226,"gamma_mle",1
"K01737",177.398510201865,3.59132366606063,0.0201146128930199,"zero_inflated_gamma",0.993589743589744
"K01738",803.844135106244,20.9970709913416,0.0261208237696061,"gamma_mle",1
"K01739",137.55098123124,2.19050540658133,0.0158229602273661,"zero_inflated_gamma",0.993589743589744
"K01740",1262.82890075506,31.2739315687498,0.0247649792858327,"gamma_mle",1
"K01741",20.7576329892368,1.42742752395553,0.0551012755184858,"zero_inflated_gamma",0.801282051282051
"K01744",186.928835512978,4.4554127407853,0.0238348071262445,"gamma_mle",1
"K01745",229.348087963143,3.21837480251254,0.0139427549765229,"zero_inflated_gamma",0.993589743589744
"K01746",201.150542319184,4.85411109053582,0.0241317325549805,"gamma_mle",1
"K01749",104.968665321199,2.27784207936459,0.0215611060753072,"zero_inflated_gamma",0.993589743589744
"K01750",74.9012988761807,1.65749820153814,0.0217035386637454,"zero_inflated_gamma",0.980769230769231
"K01751",75.5753665792412,2.25228362462925,0.0294197473883637,"zero_inflated_gamma",0.987179487179487
"K01752",994.258839843186,25.6340342646506,0.0257820531610195,"gamma_mle",1
"K01753",46.6799360008745,1.62797364766257,0.0330867595779988,"zero_inflated_gamma",0.948717948717949
"K01754",553.055079016797,14.7679098314514,0.0267024214978828,"gamma_mle",1
"K01755",661.478007247306,37.7852572091374,0.0571224693718511,"gamma_mle",1
"K01756",718.969969399336,53.0894797835421,0.0738410254157009,"gamma_mle",1
"K01758",7.37246176201076,1.20983947587941,0.0788954372296609,"zero_inflated_gamma",0.480769230769231
"K01759",536.20666162996,8.00621108837092,0.0149312040697772,"gamma_mle",1
"K01760",85.422376608839,1.32323343977745,0.0148946903194473,"zero_inflated_gamma",0.961538461538462
"K01761",99.6612703567074,2.18409253516904,0.0217746767046787,"zero_inflated_gamma",0.993589743589744
"K01762",0,-1,-1,"zero",0
"K01763",0,-1,-1,"zero",0
"K01766",9.99616036086384,1.02977992918752,0.0495276672786684,"zero_inflated_gamma",0.480769230769231
"K01768",287.149907440024,4.19324115241955,0.0146029688457949,"gamma_mle",1
"K01770",494.486625605431,16.5452367603614,0.0334594221635501,"gamma_mle",1
"K01771",43.790717634123,1.8976918183948,0.0411131487793532,"zero_inflated_gamma",0.948717948717949
"K01772",23.7715836448188,1.22789948777202,0.0463562333597384,"zero_inflated_gamma",0.897435897435897
"K01775",824.301168332528,33.70649933039,0.040891000310693,"gamma_mle",1
"K01776",620.494765228951,45.6586489041424,0.0735842612423898,"gamma_mle",1
"K01777",16.8920707651261,1.86319366126617,0.0926236312441518,"zero_inflated_gamma",0.83974358974359
"K01778",595.840131128168,30.3473211326911,0.0509319858587424,"gamma_mle",1
"K01779",198.126093371341,4.07484622820963,0.0204350943894404,"zero_inflated_gamma",0.993589743589744
"K01781",10.8998158406329,1.39701380240059,0.0681922516378411,"zero_inflated_gamma",0.532051282051282
"K01782",6.4719846776269,0.415654375836933,0.0185260482980866,"zero_inflated_gamma",0.288461538461538
"K01783",707.072251586197,25.9662061780606,0.0367235542334038,"gamma_mle",1
"K01784",1085.79287665504,41.0486290979936,0.0378052112705422,"gamma_mle",1
"K01785",915.418899125325,30.9297347001834,0.0337875203688022,"gamma_mle",1
"K01787",107.27830127685,1.75976018191002,0.0160882361056053,"zero_inflated_gamma",0.980769230769231
"K01788",222.274344436245,5.29750757486577,0.0238331940121198,"gamma_mle",1
"K01790",612.458036837211,15.2401953244979,0.024883656361503,"gamma_mle",1
"K01791",428.078900584094,7.06490856405065,0.0165037532903652,"gamma_mle",1
"K01792",55.0839459918089,1.12423339633845,0.0191011579515359,"zero_inflated_gamma",0.935897435897436
"K01796",5.15954866393785,1.62800806314224,0.0809059071049972,"zero_inflated_gamma",0.256410256410256
"K01799",0.960642874697915,3.35733967972522,0.201628179349386,"zero_inflated_gamma",0.0576923076923077
"K01800",0,-1,-1,"zero",0
"K01801",0,-1,-1,"zero",0
"K01802",323.283476305574,4.59393959825577,0.0142102517912592,"gamma_mle",1
"K01803",720.11739103999,26.1969463404064,0.03637871639591,"gamma_mle",1
"K01804",354.526484442939,8.35860404785169,0.023576811365688,"gamma_mle",1
"K01805",168.782401486306,3.90858378775017,0.0231575315514591,"gamma_mle",1
"K01807",107.174846258273,1.84193128633318,0.0168557230907838,"zero_inflated_gamma",0.980769230769231
"K01808",599.748207498681,15.8158081085712,0.0263707467747721,"gamma_mle",1
"K01809",443.859206363413,10.8843261848065,0.0245220241661382,"gamma_mle",1
"K01810",701.497302144663,42.8124218486769,0.061030059157445,"gamma_mle",1
"K01811",419.917888085515,4.08419012985333,0.00972616372327916,"gamma_mle",1
"K01812",329.262640668328,9.92765781296635,0.0301511820254356,"gamma_mle",1
"K01813",156.852671761375,2.5765340283426,0.0163211614811751,"zero_inflated_gamma",0.993589743589744
"K01814",547.558959031587,12.9540720612307,0.0236578579302972,"gamma_mle",1
"K01815",267.734793573886,3.86122670868119,0.0144218338496062,"gamma_mle",1
"K01816",20.9055396001973,1.6152728525967,0.0609207197111304,"zero_inflated_gamma",0.788461538461538
"K01817",321.77396021667,7.36605916359866,0.0228920300407113,"gamma_mle",1
"K01818",222.417955218288,5.24707956392705,0.0235910790510478,"gamma_mle",1
"K01819",236.86922203453,3.73228442459562,0.0157567302013241,"gamma_mle",1
"K01820",0,-1,-1,"zero",0
"K01821",38.9286458567368,1.66484342646918,0.0342680595860955,"zero_inflated_gamma",0.801282051282051
"K01822",6.44094950956125,0.971493144678557,0.0328733651869727,"zero_inflated_gamma",0.217948717948718
"K01823",105.724739779093,2.31839909442604,0.021788065561406,"zero_inflated_gamma",0.993589743589744
"K01825",4.38516473738906,0.591362920185765,0.0466806976599363,"zero_inflated_gamma",0.346153846153846
"K01826",58.5233649533699,1.8767557034452,0.0291905448517431,"zero_inflated_gamma",0.91025641025641
"K01829",19.6992574044448,0.647598631132467,0.016226400606229,"zero_inflated_gamma",0.493589743589744
"K01834",324.813680934055,3.93890416168686,0.0121266571973197,"gamma_mle",1
"K01835",1010.06215830678,28.6002692844898,0.0283153556929942,"gamma_mle",1
"K01836",0,-1,-1,"zero",0
"K01838",439.563447896431,8.55470647739745,0.0194618240400487,"gamma_mle",1
"K01839",286.636895954746,7.84983079504623,0.027385974750039,"gamma_mle",1
"K01840",161.45527891386,2.40028440468584,0.0147712603901088,"zero_inflated_gamma",0.993589743589744
"K01841",22.0515791658177,1.32376085563753,0.0465618911030975,"zero_inflated_gamma",0.775641025641026
"K01843",122.032627258867,2.41784247994577,0.0196860753033992,"zero_inflated_gamma",0.993589743589744
"K01844",48.9046679544436,1.7472642556475,0.0336667360695434,"zero_inflated_gamma",0.942307692307692
"K01845",209.770853521202,4.24354065004845,0.0202294102293842,"gamma_mle",1
"K01846",11.8695183047168,1.82754215735374,0.073036748510309,"zero_inflated_gamma",0.474358974358974
"K01847",304.900900041803,2.12268842906148,0.006917268698331,"zero_inflated_gamma",0.993589743589744
"K01848",22.2578550416973,1.4793427801649,0.0541083922176098,"zero_inflated_gamma",0.814102564102564
"K01849",16.1768098214759,1.981031046582,0.0698656671112333,"zero_inflated_gamma",0.57051282051282
"K01850",0,-1,-1,"zero",0
"K01851",0,-1,-1,"zero",0
"K01852",0,-1,-1,"zero",0
"K01854",600.311697806455,9.89984267623137,0.0164911706908353,"gamma_mle",1
"K01855",0,-1,-1,"zero",0
"K01856",2.95189557550556,2.07791034323937,0.112808344307768,"zero_inflated_gamma",0.16025641025641
"K01857",2.22968182102938,1.5508554712079,0.093631747709699,"zero_inflated_gamma",0.134615384615385
"K01858",117.96343341515,2.33630909432375,0.0195514520632043,"zero_inflated_gamma",0.987179487179487
"K01860",0,-1,-1,"zero",0
"K01866",667.979248048714,37.7966436662112,0.0565835597088113,"gamma_mle",1
"K01867",716.970911311168,36.1687794745297,0.05044664839803,"gamma_mle",1
"K01868",776.768696376239,46.9051294556783,0.0603849378515109,"gamma_mle",1
"K01869",846.549600203865,36.6353837272986,0.0432761219407299,"gamma_mle",1
"K01870",962.459558470966,35.2538365437804,0.0366289016857885,"gamma_mle",1
"K01872",1192.03067416522,42.8328624401415,0.0359326847609332,"gamma_mle",1
"K01873",967.336802987199,45.1233100402633,0.0466469485094743,"gamma_mle",1
"K01874",946.638812758734,66.4994387563213,0.0702479529257055,"gamma_mle",1
"K01875",679.609507156154,49.8085578973376,0.0732899663304639,"gamma_mle",1
"K01876",811.147339926149,29.0736456618642,0.0358426197446585,"gamma_mle",1
"K01878",79.3855289033514,2.05727843426164,0.0259150308964533,"gamma_mle",1
"K01879",70.6818837123335,1.9588808977059,0.0277140448842351,"gamma_mle",1
"K01880",660.796356905721,32.0435097551694,0.0484922615270127,"gamma_mle",1
"K01881",778.045613670145,60.7955510224546,0.0781388005462481,"gamma_mle",1
"K01883",764.36343185747,48.3786485939287,0.0632927303656644,"gamma_mle",1
"K01884",0.228848035637054,2.81502875988331,0.236555093464517,"zero_inflated_gamma",0.0192307692307692
"K01885",1049.63666496837,43.8686075224529,0.0417940883608279,"gamma_mle",1
"K01886",565.917589056047,16.5092920923426,0.0291726081881996,"gamma_mle",1
"K01887",743.663927491922,42.4418714119885,0.0570713057914855,"gamma_mle",1
"K01889",595.887152973847,43.2705560241499,0.0726153531053707,"gamma_mle",1
"K01890",726.662805049525,41.3854715794281,0.0569527864806669,"gamma_mle",1
"K01892",667.702925862368,45.2158995583106,0.0677185883226621,"gamma_mle",1
"K01893",567.735207205682,16.4691793019253,0.0290085573219678,"gamma_mle",1
"K01894",14.901119154756,0.806569289810786,0.0312277508552624,"zero_inflated_gamma",0.576923076923077
"K01895",235.335959845988,4.78679355258517,0.0203402555041644,"gamma_mle",1
"K01896",2.65852883693458,1.90737288891841,0.105778515438953,"zero_inflated_gamma",0.147435897435897
"K01897",1194.66018855494,12.469941592469,0.0104380657461705,"gamma_mle",1
"K01899",0.290139689517877,2.46603289904981,0.163451300564618,"zero_inflated_gamma",0.0192307692307692
"K01900",0,-1,-1,"zero",0
"K01902",80.9812208064895,1.75358883173948,0.0210990276328869,"zero_inflated_gamma",0.974358974358974
"K01903",81.2534025478735,1.8026119297484,0.0217584280814963,"zero_inflated_gamma",0.980769230769231
"K01904",6.20229716302826,1.83218177843837,0.176106075758507,"zero_inflated_gamma",0.596153846153846
"K01905",21.7125741490795,1.55523785749328,0.0647410917821012,"zero_inflated_gamma",0.903846153846154
"K01906",18.1965639061151,1.65831884884329,0.0660134598326337,"zero_inflated_gamma",0.724358974358974
"K01907",0.0932925334480295,-1,-1,"mean_only",0.00641025641025641
"K01908",1.2078022496664,1.30742975602563,0.24980460101492,"zero_inflated_gamma",0.230769230769231
"K01909",0.580201477862456,4.54864628505242,0.301529624993391,"zero_inflated_gamma",0.0384615384615385
"K01910",56.4450769578184,1.65683063872818,0.0278476892877993,"zero_inflated_gamma",0.948717948717949
"K01911",76.2742430601623,2.81586058994121,0.0362076280792679,"zero_inflated_gamma",0.980769230769231
"K01912",365.60746044711,5.74470009529859,0.0157127540238737,"gamma_mle",1
"K01914",405.281189524325,11.1790759871029,0.0275835056648538,"gamma_mle",1
"K01915",1404.58705487132,46.9385291654281,0.0334180277417752,"gamma_mle",1
"K01916",60.6291801708394,1.90849968947511,0.0294604010932987,"zero_inflated_gamma",0.935897435897436
"K01918",214.770368610457,4.53941615885372,0.0210006499802739,"zero_inflated_gamma",0.993589743589744
"K01919",136.96489619321,2.20980552276539,0.0161341013952081,"gamma_mle",1
"K01920",3.25332368499734,0.759177658149568,0.0493634477810845,"zero_inflated_gamma",0.211538461538462
"K01921",757.496839684838,71.447150662233,0.0943200643476732,"gamma_mle",1
"K01923",581.745382378483,27.4329794822826,0.047156333876037,"gamma_mle",1
"K01924",657.705023654013,54.6416739397269,0.0830793014718879,"gamma_mle",1
"K01925",659.880133164696,51.9972399429957,0.0787980078951975,"gamma_mle",1
"K01926",403.178412285143,10.3865984281991,0.0257617920794164,"gamma_mle",1
"K01928",958.50529970377,38.9292144810497,0.0406145010289258,"gamma_mle",1
"K01929",658.897723260173,46.9801535509544,0.0713011320156039,"gamma_mle",1
"K01930",0,-1,-1,"zero",0
"K01932",2.73446248974333,1.80701628226704,0.207568562291172,"zero_inflated_gamma",0.314102564102564
"K01933",712.599115958856,46.3603089256483,0.0650580500135298,"gamma_mle",1
"K01934",496.827670311395,25.0523402051798,0.0504246073683413,"gamma_mle",1
"K01935",102.684378920668,2.92642359095569,0.0277684601941881,"zero_inflated_gamma",0.974358974358974
"K01937",704.596511805602,56.6679130184304,0.0804260481977308,"gamma_mle",1
"K01938",733.122179019399,27.7633344348494,0.0378699966109124,"gamma_mle",1
"K01939",830.749851621146,48.376776750667,0.0582326637269491,"gamma_mle",1
"K01940",782.783289019595,36.5348795517934,0.0466730448443169,"gamma_mle",1
"K01941",21.0979352525132,1.239872812562,0.044075621537929,"zero_inflated_gamma",0.75
"K01942",0,-1,-1,"zero",0
"K01945",633.439396802345,48.3760536015394,0.0763704528732279,"gamma_mle",1
"K01948",0.411128793980361,1.35813432446506,0.0847032792337798,"zero_inflated_gamma",0.0256410256410256
"K01950",773.949611623149,30.5674851647354,0.0394954460932262,"gamma_mle",1
"K01951",895.823843409889,51.2023406415757,0.0571567066653168,"gamma_mle",1
"K01952",1043.77874339134,51.3617873438321,0.0492075429481852,"gamma_mle",1
"K01953",781.550062506777,6.76217957425154,0.0086522666923757,"gamma_mle",1
"K01955",1125.93623822707,37.0459800615662,0.0329023783086506,"gamma_mle",1
"K01956",613.186192891491,31.8641976751548,0.0519649627544589,"gamma_mle",1
"K01958",122.730306561492,3.03079741042626,0.024694775849091,"gamma_mle",1
"K01959",1.34515843720536,2.7191258339591,0.233240397455012,"zero_inflated_gamma",0.115384615384615
"K01960",345.568527489857,4.03260193207919,0.0116694710637315,"gamma_mle",1
"K01961",319.237497346825,6.52547138960368,0.0204408048673377,"gamma_mle",1
"K01962",395.768329430127,8.04440668493615,0.0203260495768305,"gamma_mle",1
"K01963",362.940679107211,8.86498500017393,0.0244254378483577,"gamma_mle",1
"K01965",20.9284651349482,1.46389547158748,0.0425962821767942,"zero_inflated_gamma",0.608974358974359
"K01966",517.202598844144,16.1003593482863,0.0311296953732787,"gamma_mle",1
"K01968",7.960395218635,1.89590468137621,0.0931294644295021,"zero_inflated_gamma",0.391025641025641
"K01969",2.26869525838637,0.714087963881581,0.0201767378454109,"zero_inflated_gamma",0.0641025641025641
"K01971",9.48841148103867,1.3000365379305,0.0632368089072957,"zero_inflated_gamma",0.461538461538462
"K01972",673.8953010526,48.8369371044586,0.0724696210645439,"gamma_mle",1
"K01974",3.47261419649869,1.05581630779752,0.0623673382381381,"zero_inflated_gamma",0.205128205128205
"K01975",30.7262847485374,1.72372320480736,0.04674942043146,"zero_inflated_gamma",0.833333333333333
"K01988",0.338629803202517,7.52771879384358,0.56999835450378,"zero_inflated_gamma",0.0256410256410256
"K01989",622.927657527064,11.6220641578054,0.0186571651095785,"gamma_mle",1
"K01990",3102.54912091525,62.6024060824171,0.0201777324524517,"gamma_mle",1
"K01991",241.715023815706,1.86940711261355,0.00773393015917317,"gamma_mle",1
"K01992",2066.20358151498,51.8664509807226,0.0251022945873965,"gamma_mle",1
"K01993",311.088990138461,2.73357615233761,0.00878711956704395,"gamma_mle",1
"K01994",7.36613542561745,0.780035232674761,0.0373346953166159,"zero_inflated_gamma",0.352564102564103
"K01995",640.472308467323,10.6336480821211,0.016602822544456,"gamma_mle",1
"K01996",646.76951859684,10.6560864495014,0.0164758637244064,"gamma_mle",1
"K01997",637.981763307517,12.2270618797211,0.0191652216143795,"gamma_mle",1
"K01998",594.940406914729,11.7044388890865,0.0196732962714432,"gamma_mle",1
"K01999",659.268966904611,13.3808133191554,0.0202964404376271,"gamma_mle",1
"K02000",51.7744437769548,2.20353430477728,0.0409233365111661,"zero_inflated_gamma",0.961538461538462
"K02001",31.6302163330113,1.30693421590014,0.0370813044269926,"zero_inflated_gamma",0.897435897435897
"K02002",25.9895707618699,1.20037974415039,0.0381930783160638,"zero_inflated_gamma",0.826923076923077
"K02003",3883.3903719767,37.4980142847836,0.00965599918961962,"gamma_mle",1
"K02004",4642.8596331302,40.8523003394441,0.00879895227672468,"gamma_mle",1
"K02005",718.668041489352,7.94645419244402,0.0110571971114452,"gamma_mle",1
"K02006",110.044596883408,2.28467485440302,0.0206282686025678,"zero_inflated_gamma",0.993589743589744
"K02007",106.362608965291,2.43551634575355,0.0228982381068552,"gamma_mle",1
"K02008",67.4440619539658,1.99417245694542,0.0289991873258539,"zero_inflated_gamma",0.980769230769231
"K02009",22.8164428200058,1.58427645329156,0.0556376073301942,"zero_inflated_gamma",0.801282051282051
"K02010",143.115010913604,2.47734033483938,0.0171991738138742,"zero_inflated_gamma",0.993589743589744
"K02011",211.75243923874,2.81204955251725,0.0131947646218004,"zero_inflated_gamma",0.993589743589744
"K02012",163.65793647064,2.88569343812773,0.0174064113836557,"zero_inflated_gamma",0.987179487179487
"K02013",961.101589317551,30.7134367899428,0.0319564936020462,"gamma_mle",1
"K02014",1206.31395522653,3.19949431511369,0.00265228989621766,"gamma_mle",1
"K02015",968.809100463718,16.0325747081365,0.0165487449493017,"gamma_mle",1
"K02016",1210.17471179122,15.136211670058,0.0125074598920137,"gamma_mle",1
"K02017",242.909012248564,5.2176277026962,0.0214797617198209,"gamma_mle",1
"K02018",249.316943012894,4.68709207617806,0.0187997334618997,"gamma_mle",1
"K02019",210.285463265358,4.50407712807415,0.0214188706063361,"gamma_mle",1
"K02020",232.510288655907,5.4861610206304,0.0235953473385834,"gamma_mle",1
"K02021",15.2810813539075,1.29047866704711,0.0541342523879867,"zero_inflated_gamma",0.641025641025641
"K02022",58.4280826463485,1.49184563634755,0.0240599649208892,"zero_inflated_gamma",0.942307692307692
"K02024",8.70359371287748,0.504521916609501,0.0152349378000388,"zero_inflated_gamma",0.262820512820513
"K02025",1187.28874913898,8.85956466371642,0.00746201349094008,"gamma_mle",1
"K02026",1343.83802108268,8.80198297156688,0.00654988386507732,"gamma_mle",1
"K02027",1184.83878011178,7.9560829734997,0.00671490763726447,"gamma_mle",1
"K02028",1205.62490305643,25.4902826170577,0.0211427970278618,"gamma_mle",1
"K02029",1347.11839617091,17.8188843084326,0.0132274077461057,"gamma_mle",1
"K02030",1614.3717918103,18.3421169858014,0.0113617675177744,"gamma_mle",1
"K02031",854.328322095986,9.75847085356346,0.0114223894973098,"gamma_mle",1
"K02032",790.523164978351,8.57153481868804,0.0108428635597576,"gamma_mle",1
"K02033",864.779363052361,9.67155035888095,0.0111838357529068,"gamma_mle",1
"K02034",848.971297591809,10.2043135351475,0.0120196213512671,"gamma_mle",1
"K02035",1007.00959694372,9.41452612108694,0.0093489934452066,"gamma_mle",1
"K02036",714.297851299738,27.7425858390553,0.0388389602300705,"gamma_mle",1
"K02037",679.056990815597,26.10856391136,0.0384482661462651,"gamma_mle",1
"K02038",659.201265598186,26.6335248206833,0.0404027210058752,"gamma_mle",1
"K02039",547.413433580115,23.4544865125481,0.0428460192493897,"gamma_mle",1
"K02040",707.493951846823,33.1533232774933,0.0468602214774426,"gamma_mle",1
"K02041",62.0770994704476,1.62184359484633,0.0257913263007388,"zero_inflated_gamma",0.987179487179487
"K02042",109.727850483858,1.97412280424108,0.0177604275389203,"zero_inflated_gamma",0.987179487179487
"K02043",9.63538796101828,0.729526855182095,0.031547201235934,"zero_inflated_gamma",0.416666666666667
"K02044",66.9505234019268,1.90531205156217,0.0277288033321107,"zero_inflated_gamma",0.974358974358974
"K02045",96.0966626827712,1.54669247194739,0.0159919994483838,"zero_inflated_gamma",0.993589743589744
"K02046",79.100702776574,1.45681503880717,0.0180630426131574,"zero_inflated_gamma",0.980769230769231
"K02047",80.1387971891285,1.47462107360621,0.018164930424288,"zero_inflated_gamma",0.987179487179487
"K02048",94.730101263479,1.45995830841921,0.0153129742496455,"zero_inflated_gamma",0.993589743589744
"K02049",423.303843436467,10.8444987910133,0.0256187109074547,"gamma_mle",1
"K02050",440.352409202621,10.9329897975744,0.0248278187403846,"gamma_mle",1
"K02051",492.579893806988,13.5369607888944,0.0274817566837162,"gamma_mle",1
"K02052",84.0879663950571,1.59383380398603,0.0185898556110314,"zero_inflated_gamma",0.980769230769231
"K02053",88.3347604782524,1.54087680472107,0.0174436065301883,"gamma_mle",1
"K02054",77.3872880273775,1.43556432838688,0.0177180001427775,"zero_inflated_gamma",0.955128205128205
"K02055",89.2970268422153,1.52303987485739,0.0168372204068147,"zero_inflated_gamma",0.987179487179487
"K02056",690.540389690113,12.0519849463401,0.0174529761419872,"gamma_mle",1
"K02057",1288.42859929346,11.2372918982804,0.0087217032472289,"gamma_mle",1
"K02058",148.979727325896,4.25755702882749,0.0285780965319798,"gamma_mle",1
"K02062",4.83456834607937,0.60962509299194,0.0242494440897118,"zero_inflated_gamma",0.192307692307692
"K02063",6.45219933529077,0.542331469861468,0.0258626884918329,"zero_inflated_gamma",0.307692307692308
"K02064",3.04885534784514,0.563231522595931,0.0272366299886314,"zero_inflated_gamma",0.147435897435897
"K02065",171.053041165755,2.9516304506598,0.0172556443927798,"gamma_mle",1
"K02066",151.577309170431,2.28643118061318,0.0149875636591932,"zero_inflated_gamma",0.993589743589744
"K02067",120.488846441422,2.54518104722667,0.0208529718325562,"zero_inflated_gamma",0.987179487179487
"K02068",99.8848427919467,2.73230804917673,0.0270038815040327,"zero_inflated_gamma",0.987179487179487
"K02069",103.895239554986,2.45031542065383,0.0229797518187604,"zero_inflated_gamma",0.974358974358974
"K02071",427.727878199013,12.8991769195129,0.0301574378874392,"gamma_mle",1
"K02072",417.046591728142,11.1351335080028,0.0266999748442049,"gamma_mle",1
"K02073",418.187264403924,13.758958112147,0.0329014278609339,"gamma_mle",1
"K02074",68.8304391107086,1.23992094310632,0.0166284339284877,"zero_inflated_gamma",0.923076923076923
"K02075",63.3731057376932,1.39634247769185,0.0199150532899183,"zero_inflated_gamma",0.903846153846154
"K02076",0.372176927049928,2.22913598973806,0.0767878513094108,"zero_inflated_gamma",0.0128205128205128
"K02077",128.509509679658,1.08754493372656,0.00819151615266707,"zero_inflated_gamma",0.967948717948718
"K02078",1483.47273436074,13.3696388068664,0.0090123926764503,"gamma_mle",1
"K02079",4.03205397344434,0.684498574396988,0.035911665941693,"zero_inflated_gamma",0.211538461538462
"K02080",6.05285658715883,1.4671109565091,0.113422923755278,"zero_inflated_gamma",0.467948717948718
"K02081",128.85713739157,2.85726987933166,0.0218896544755662,"zero_inflated_gamma",0.987179487179487
"K02082",69.9367467064017,1.86506016363897,0.0266678141531032,"gamma_mle",1
"K02083",21.5459108722712,1.22960077320356,0.0475573911484837,"zero_inflated_gamma",0.833333333333333
"K02086",27.0767067125072,1.23310914411763,0.0405784897424201,"zero_inflated_gamma",0.891025641025641
"K02091",0,-1,-1,"zero",0
"K02099",185.285325531743,5.50394618640474,0.029705246060956,"gamma_mle",1
"K02100",96.3267243027048,1.35451153685637,0.0137912219862891,"zero_inflated_gamma",0.980769230769231
"K02101",0.59249404854492,1.26097070987471,0.095498037780796,"zero_inflated_gamma",0.0448717948717949
"K02103",126.287640214339,3.31994942511231,0.0261202734680104,"zero_inflated_gamma",0.993589743589744
"K02106",31.2384267541918,1.34332106109763,0.0405213034277204,"zero_inflated_gamma",0.942307692307692
"K02107",1.8699062765668,2.01861381185951,0.117640733613698,"zero_inflated_gamma",0.108974358974359
"K02108",676.044427238963,18.089244914403,0.0267574795169623,"gamma_mle",1
"K02109",661.815615964845,18.025023930093,0.0272357186734174,"gamma_mle",1
"K02110",922.48859285722,15.9800041607791,0.0173227119386749,"gamma_mle",1
"K02111",901.804009528858,21.8400979368067,0.0242182311300843,"gamma_mle",1
"K02112",944.692912439313,19.5017639933041,0.0206434956127152,"gamma_mle",1
"K02113",540.441035165439,18.6206175873489,0.0344544850885514,"gamma_mle",1
"K02114",859.683443753118,17.2289118596336,0.0200409953045244,"gamma_mle",1
"K02115",787.310949084243,21.0764423688687,0.0267701629113423,"gamma_mle",1
"K02116",41.1861951722624,1.93545837581191,0.0379557964862637,"zero_inflated_gamma",0.807692307692308
"K02117",498.496444539684,7.30678111980716,0.0146576393870859,"gamma_mle",1
"K02118",429.848434256063,7.9807601908041,0.0185664516950408,"gamma_mle",1
"K02119",169.208286308612,4.39727694718405,0.0259873617487269,"gamma_mle",1
"K02120",341.143917910236,6.7493853187535,0.0197845688121851,"gamma_mle",1
"K02121",169.143558522905,3.90654674575753,0.023096042083261,"gamma_mle",1
"K02122",309.071410407591,5.02774718684743,0.0162672671025024,"gamma_mle",1
"K02123",361.50525927888,8.39126254750985,0.0232120068301316,"gamma_mle",1
"K02124",403.040217249446,8.35171136808787,0.0207217816253779,"gamma_mle",1
"K02126",1.44132783114271,-1,-1,"mean_only",0.00641025641025641
"K02127",0,-1,-1,"zero",0
"K02132",0.808589824316702,5.34859178629275,0.339216188508443,"zero_inflated_gamma",0.0512820512820513
"K02133",1.43675142950134,3.10644606900697,0.249476755356231,"zero_inflated_gamma",0.115384615384615
"K02136",3.72937679172934,1.58103833666719,0.0516339249882728,"zero_inflated_gamma",0.121794871794872
"K02145",0,-1,-1,"zero",0
"K02146",0,-1,-1,"zero",0
"K02150",0,-1,-1,"zero",0
"K02152",0,-1,-1,"zero",0
"K02154",0.250210273235219,-1,-1,"mean_only",0.00641025641025641
"K02160",189.445502000656,3.45494075810595,0.018237122136022,"gamma_mle",1
"K02164",0,-1,-1,"zero",0
"K02167",20.9385898222125,1.69772074554856,0.0686069573327787,"zero_inflated_gamma",0.846153846153846
"K02168",14.7401748891821,0.88186464812956,0.0402683650903612,"zero_inflated_gamma",0.673076923076923
"K02169",89.8691451203221,3.52633980236976,0.0384840155180138,"zero_inflated_gamma",0.980769230769231
"K02170",11.4864181072639,1.19913318931947,0.0575515011028876,"zero_inflated_gamma",0.551282051282051
"K02171",151.66996853597,3.06171613575076,0.0200572979583873,"zero_inflated_gamma",0.993589743589744
"K02172",142.567366228635,2.95045147458293,0.0206951390955157,"gamma_mle",1
"K02173",5.16242465112062,1.51609190533659,0.0978927543931958,"zero_inflated_gamma",0.333333333333333
"K02178",0,-1,-1,"zero",0
"K02182",10.143549032379,1.04285860777861,0.0678809831331204,"zero_inflated_gamma",0.66025641025641
"K02183",0,-1,-1,"zero",0
"K02188",312.019698755736,9.35287349170823,0.029975266077768,"gamma_mle",1
"K02189",291.033887789957,7.53380870177189,0.0258863624404081,"gamma_mle",1
"K02190",335.769661857533,9.11893051685242,0.0271582919862533,"gamma_mle",1
"K02191",7.84080742013384,1.42711792870652,0.0886723194943651,"zero_inflated_gamma",0.487179487179487
"K02192",5.62136835124524,1.31592713801319,0.0465186277057142,"zero_inflated_gamma",0.198717948717949
"K02193",17.5108167123777,1.79829212588783,0.081630212530172,"zero_inflated_gamma",0.794871794871795
"K02194",19.0928085856517,1.42020581886977,0.0615101209617956,"zero_inflated_gamma",0.826923076923077
"K02195",54.349730791797,1.74991126008465,0.0317844536702048,"zero_inflated_gamma",0.987179487179487
"K02196",4.91288244876178,1.33473032474469,0.0505045556396584,"zero_inflated_gamma",0.185897435897436
"K02197",21.403406476156,1.34805619792326,0.0452187468429394,"zero_inflated_gamma",0.717948717948718
"K02198",22.3764869256152,1.40231438955246,0.0578484038266427,"zero_inflated_gamma",0.923076923076923
"K02199",236.788997753499,2.20782817834762,0.00932403194107018,"gamma_mle",1
"K02200",12.3735568893747,1.31752993610045,0.0546048628965857,"zero_inflated_gamma",0.512820512820513
"K02201",0,-1,-1,"zero",0
"K02202",0,-1,-1,"zero",0
"K02203",126.150552397993,2.80732105699303,0.0219684314393431,"zero_inflated_gamma",0.987179487179487
"K02204",2.33988142975469,2.73034697544694,0.186999050240527,"zero_inflated_gamma",0.16025641025641
"K02205",0.699114394474643,4.87103658393602,0.491293744012477,"zero_inflated_gamma",0.0705128205128205
"K02212",0.198484012782844,-1,-1,"mean_only",0.00641025641025641
"K02213",0,-1,-1,"zero",0
"K02216",0,-1,-1,"zero",0
"K02217",300.714163342619,3.16798264690827,0.0105348634453869,"gamma_mle",1
"K02218",0,-1,-1,"zero",0
"K02221",149.899587466219,1.53308423896802,0.0100307270698523,"zero_inflated_gamma",0.980769230769231
"K02224",341.493441183228,9.86739143859885,0.0288948197787041,"gamma_mle",1
"K02226",630.49992358837,10.9026910487306,0.0172921369865996,"gamma_mle",1
"K02227",364.07380871268,9.22738073669162,0.025344807882002,"gamma_mle",1
"K02228",0,-1,-1,"zero",0
"K02229",0.614475073076563,1.38456766243256,0.202214992460901,"zero_inflated_gamma",0.0897435897435897
"K02230",119.637375265426,2.26865852343389,0.0185981217823435,"zero_inflated_gamma",0.980769230769231
"K02231",588.965543333514,8.71091112510607,0.0147901880232293,"gamma_mle",1
"K02232",404.885971251544,9.47280624137543,0.0233962323073186,"gamma_mle",1
"K02233",364.66684675424,11.4648773334868,0.0314393190264794,"gamma_mle",1
"K02234",449.905520966515,9.28251423303524,0.020632141195098,"gamma_mle",1
"K02236",23.8451065422457,1.53980456479163,0.0525709055731331,"zero_inflated_gamma",0.814102564102564
"K02237",382.112882284899,13.1862669831809,0.0345088260420108,"gamma_mle",1
"K02238",797.494413678036,39.3254583622685,0.0493112649916881,"gamma_mle",1
"K02239",0,-1,-1,"zero",0
"K02240",4.90525034432649,0.99193437684339,0.0414808020068111,"zero_inflated_gamma",0.205128205128205
"K02241",1.69818410888704,4.158692222794,0.266867895406018,"zero_inflated_gamma",0.108974358974359
"K02242",286.977543627494,8.06986213778941,0.0281201868124718,"gamma_mle",1
"K02243",4.30835598883523,1.22740469350496,0.049307770358931,"zero_inflated_gamma",0.173076923076923
"K02244",5.39974893041469,1.70004078089429,0.0706365075275045,"zero_inflated_gamma",0.224358974358974
"K02245",3.36364050288518,2.7531394753479,0.115429475596723,"zero_inflated_gamma",0.141025641025641
"K02246",2.10424248789948,1.80820081634296,0.110168204858974,"zero_inflated_gamma",0.128205128205128
"K02248",2.34529295886576,2.32504393256878,0.133453128764681,"zero_inflated_gamma",0.134615384615385
"K02250",0.137342615875165,0.686772505440106,0.0641081113437766,"zero_inflated_gamma",0.0128205128205128
"K02255",2.02864720918386,0.846588635680612,0.0454768347451538,"zero_inflated_gamma",0.108974358974359
"K02256",0,-1,-1,"zero",0
"K02257",4.54624390701396,0.739406670987951,0.0354474461293039,"zero_inflated_gamma",0.217948717948718
"K02258",0,-1,-1,"zero",0
"K02259",0.347385828018203,6.87351946360247,0.380507942312526,"zero_inflated_gamma",0.0192307692307692
"K02261",0,-1,-1,"zero",0
"K02262",0,-1,-1,"zero",0
"K02274",0.757535296177271,0.531376312020681,0.0179860050222234,"zero_inflated_gamma",0.0256410256410256
"K02275",5.21929132068445,1.17307987717783,0.0705972084482835,"zero_inflated_gamma",0.314102564102564
"K02276",0.142188346221714,-1,-1,"mean_only",0.00641025641025641
"K02277",2.83330786949372,1.47366311862114,0.100023282549816,"zero_inflated_gamma",0.192307692307692
"K02278",42.5320325304555,1.62603379698381,0.0333294188224031,"zero_inflated_gamma",0.871794871794872
"K02279",126.033591122442,3.91967055577397,0.0309008449873033,"zero_inflated_gamma",0.993589743589744
"K02280",3.4113430919021,2.12894899067294,0.0840106900669956,"zero_inflated_gamma",0.134615384615385
"K02282",63.9248480614217,1.11912796793413,0.0169458123817761,"zero_inflated_gamma",0.967948717948718
"K02283",373.731714491529,5.69303879017902,0.0152329560736491,"gamma_mle",1
"K02290",0,-1,-1,"zero",0
"K02291",8.88998784582486,0.890679442480846,0.0475255753039374,"zero_inflated_gamma",0.474358974358974
"K02292",1.69798243311805,2.80428609369986,0.243496298211056,"zero_inflated_gamma",0.147435897435897
"K02297",4.15393514816858,0.601763011424887,0.026930175087381,"zero_inflated_gamma",0.185897435897436
"K02298",5.28036960221143,0.593622637895196,0.0345909724341782,"zero_inflated_gamma",0.307692307692308
"K02299",3.4789240942952,0.669580063746299,0.0271428623184553,"zero_inflated_gamma",0.141025641025641
"K02300",3.95151003680023,0.936868680738575,0.0288765053856687,"zero_inflated_gamma",0.121794871794872
"K02302",11.917627874936,1.03212855659902,0.0549609928915593,"zero_inflated_gamma",0.634615384615385
"K02303",8.32885289917762,2.36373324827993,0.0964194263829766,"zero_inflated_gamma",0.33974358974359
"K02304",86.9806787000099,2.08730315260105,0.0238434907060193,"zero_inflated_gamma",0.993589743589744
"K02309",0,-1,-1,"zero",0
"K02313",581.307394562633,27.5956752535351,0.0474717430255599,"gamma_mle",1
"K02314",1060.63423789763,30.5871240748178,0.0288385222557467,"gamma_mle",1
"K02315",1721.06776171973,14.0023869856208,0.00813587198427868,"gamma_mle",1
"K02316",1827.00089536381,29.7304523043459,0.0162728175885353,"gamma_mle",1
"K02317",3.57847664613673,1.15802902028033,0.0622325951898749,"zero_inflated_gamma",0.192307692307692
"K02318",0,-1,-1,"zero",0
"K02319",1.50767922357483,2.3205452526496,0.0887971450666739,"zero_inflated_gamma",0.0576923076923077
"K02320",0,-1,-1,"zero",0
"K02321",0,-1,-1,"zero",0
"K02322",0.529026792480722,2.44126295288697,0.207066734628659,"zero_inflated_gamma",0.0448717948717949
"K02323",0.539010661728877,10.665020081319,0.507340712872033,"zero_inflated_gamma",0.0256410256410256
"K02327",0,-1,-1,"zero",0
"K02328",0,-1,-1,"zero",0
"K02332",0,-1,-1,"zero",0
"K02334",201.874143077507,1.41929704135715,0.0070306034231052,"gamma_mle",1
"K02335",836.978482647874,45.4143247306262,0.0542598473821608,"gamma_mle",1
"K02336",5.10070543785259,0.535187870632653,0.0356473532085623,"zero_inflated_gamma",0.33974358974359
"K02337",1041.5021440642,33.5906860231005,0.032252152541925,"gamma_mle",1
"K02338",592.135959626013,37.4625336669359,0.0632667769250103,"gamma_mle",1
"K02339",6.13652581841941,0.951261181106909,0.0407414486376528,"zero_inflated_gamma",0.262820512820513
"K02340",360.901006619285,11.9568096054899,0.0331304412738954,"gamma_mle",1
"K02341",652.132275273255,42.1465013105079,0.0646287615389803,"gamma_mle",1
"K02342",517.450167390137,6.11212094316613,0.0118119991611827,"gamma_mle",1
"K02343",739.072349809437,34.1087862133194,0.0461508081341618,"gamma_mle",1
"K02344",3.88817868253074,0.993711334098954,0.0327656981299336,"zero_inflated_gamma",0.128205128205128
"K02345",2.87084117513919,1.12312752004209,0.0351093945082162,"zero_inflated_gamma",0.0897435897435897
"K02346",604.172192691278,14.4515636528647,0.0239196107131153,"gamma_mle",1
"K02347",2.84197200981926,1.38077547647332,0.0622886138118642,"zero_inflated_gamma",0.128205128205128
"K02348",83.5276757065908,1.96010028929943,0.0230151986955751,"zero_inflated_gamma",0.980769230769231
"K02349",0.325357739220019,3.98869121124511,0.392929540675948,"zero_inflated_gamma",0.032051282051282
"K02350",56.1807308320394,1.22476829817882,0.000279493652652957,"zero_inflated_gamma",0.0128205128205128
"K02351",0,-1,-1,"zero",0
"K02352",0.198904449589386,5.11749744194635,0.32985155283784,"zero_inflated_gamma",0.0128205128205128
"K02355",1517.65950194529,45.5992609737398,0.0300457783285987,"gamma_mle",1
"K02356",586.142191631563,21.757246976969,0.037119400868254,"gamma_mle",1
"K02357",486.834590925538,31.2416868278813,0.0641731039868936,"gamma_mle",1
"K02358",789.576463435456,28.9962188888988,0.0367237629687388,"gamma_mle",1
"K02361",65.1900093859515,1.60942349209233,0.0231056159327216,"zero_inflated_gamma",0.935897435897436
"K02362",10.9198867167203,0.903374665317483,0.0350000859627009,"zero_inflated_gamma",0.423076923076923
"K02363",7.67216158335602,0.689378815476551,0.0368634152280865,"zero_inflated_gamma",0.41025641025641
"K02364",7.48209441965213,0.490048071936762,0.0285495859906093,"zero_inflated_gamma",0.435897435897436
"K02365",0,-1,-1,"zero",0
"K02371",494.163245495385,14.9045998550754,0.0301612877747191,"gamma_mle",1
"K02372",485.665856196059,11.2305186028515,0.023123961587116,"gamma_mle",1
"K02377",195.776434614282,4.61116764942681,0.0234022490575537,"zero_inflated_gamma",0.993589743589744
"K02379",91.4754140727979,2.17982852461723,0.0236769112968476,"zero_inflated_gamma",0.993589743589744
"K02380",14.9988828315329,0.916338256320056,0.0419040582878144,"zero_inflated_gamma",0.685897435897436
"K02381",19.6140316638781,1.1755022823855,0.0449487757997638,"zero_inflated_gamma",0.75
"K02385",6.61404089522082,2.27148013285023,0.0858582585455271,"zero_inflated_gamma",0.25
"K02386",2.67706595604582,0.782008038327825,0.0430680673640359,"zero_inflated_gamma",0.147435897435897
"K02387",16.6522807583664,1.82611889363896,0.0611575359971258,"zero_inflated_gamma",0.557692307692308
"K02388",19.2708937810903,1.70166197682704,0.0537737648964745,"zero_inflated_gamma",0.608974358974359
"K02389",17.9614725807482,1.52106449091964,0.0624279293550195,"zero_inflated_gamma",0.737179487179487
"K02390",31.5065209395933,1.26678083512742,0.0355676787620623,"zero_inflated_gamma",0.884615384615385
"K02391",3.41909710599445,0.823349663222554,0.0447657923993278,"zero_inflated_gamma",0.185897435897436
"K02392",45.1755389366082,1.23432913913763,0.0238200105397118,"zero_inflated_gamma",0.871794871794872
"K02393",4.71152555999163,0.971992774930196,0.0502528252901489,"zero_inflated_gamma",0.243589743589744
"K02394",4.69653095805297,0.901250669184374,0.0553549325862834,"zero_inflated_gamma",0.288461538461538
"K02395",232.364635046555,2.94938425537864,0.0125301840193393,"zero_inflated_gamma",0.987179487179487
"K02396",49.8335970969648,1.10864288460634,0.0203929886012124,"zero_inflated_gamma",0.916666666666667
"K02397",22.102285087261,1.4259123701656,0.0508670056807885,"zero_inflated_gamma",0.788461538461538
"K02398",20.9287154232936,1.73613027756705,0.0467948233507751,"zero_inflated_gamma",0.564102564102564
"K02399",2.89989097453019,0.979494613131116,0.0433037771266734,"zero_inflated_gamma",0.128205128205128
"K02400",32.7170719620074,1.11098003800862,0.0322158017059134,"zero_inflated_gamma",0.948717948717949
"K02401",23.4105752123134,1.5011385343124,0.0513800004110838,"zero_inflated_gamma",0.801282051282051
"K02402",1.3101902423693,0.853376203250683,0.0668038591690997,"zero_inflated_gamma",0.102564102564103
"K02403",1.25208216632155,1.65665352836642,0.0678522492240819,"zero_inflated_gamma",0.0512820512820513
"K02404",11.5629459137512,1.12858246109141,0.0531813221148425,"zero_inflated_gamma",0.544871794871795
"K02405",57.7818733594197,1.91754354631979,0.0319095204821836,"zero_inflated_gamma",0.961538461538462
"K02406",79.8390266808474,1.13407214974533,0.0138402661281443,"zero_inflated_gamma",0.974358974358974
"K02407",39.6388558347934,1.17882417528192,0.0272608480891938,"zero_inflated_gamma",0.916666666666667
"K02408",21.0400019773399,1.61731321313029,0.0473036870761964,"zero_inflated_gamma",0.615384615384615
"K02409",26.5942231401868,1.07457141636192,0.0347078870729205,"zero_inflated_gamma",0.858974358974359
"K02410",27.9920016408191,1.3031279736232,0.0367057097266284,"zero_inflated_gamma",0.788461538461538
"K02411",12.9965267732625,1.58229232684696,0.0764822918758441,"zero_inflated_gamma",0.628205128205128
"K02412",32.0611515174088,1.48765846022895,0.0410467340905453,"zero_inflated_gamma",0.884615384615385
"K02413",10.2732438581739,1.86192243912733,0.081325628894946,"zero_inflated_gamma",0.448717948717949
"K02414",19.2195915487825,1.38520980473352,0.0559026216006954,"zero_inflated_gamma",0.775641025641026
"K02415",7.44938988189738,1.496225469,0.0772508008513841,"zero_inflated_gamma",0.384615384615385
"K02416",19.0060613223794,1.38146748839881,0.0549801539307753,"zero_inflated_gamma",0.756410256410256
"K02417",39.0017171987646,1.39044124995661,0.0324513419347092,"zero_inflated_gamma",0.91025641025641
"K02418",14.331976159758,1.52987679666273,0.0547413835099507,"zero_inflated_gamma",0.512820512820513
"K02419",17.9528883380013,1.31037814499169,0.0519350664788244,"zero_inflated_gamma",0.711538461538462
"K02420",15.6489989811714,1.49555113077343,0.0465590057113265,"zero_inflated_gamma",0.487179487179487
"K02421",15.6653372133495,1.35946765789723,0.0623049506555356,"zero_inflated_gamma",0.717948717948718
"K02422",34.3177783974207,1.2945458320093,0.027324492870011,"zero_inflated_gamma",0.724358974358974
"K02423",2.11382998644076,1.35743569552105,0.0740964016225215,"zero_inflated_gamma",0.115384615384615
"K02424",177.318646178605,3.83978667500452,0.0215159135267377,"zero_inflated_gamma",0.993589743589744
"K02425",2.3163619877011,1.20150377336232,0.0631753580894114,"zero_inflated_gamma",0.121794871794872
"K02426",153.908136651909,2.25970081450908,0.0144939074682669,"zero_inflated_gamma",0.987179487179487
"K02427",7.8368799991519,1.21615092893053,0.0746072348516875,"zero_inflated_gamma",0.480769230769231
"K02428",778.219756797401,41.5931030262425,0.0534464753213285,"gamma_mle",1
"K02429",308.884642912809,1.78102830183212,0.00576599822197979,"gamma_mle",1
"K02430",7.39505784155651,1.06637889440965,0.0489915564388985,"zero_inflated_gamma",0.33974358974359
"K02431",135.121164003472,3.36319354657031,0.0247306529530312,"zero_inflated_gamma",0.993589743589744
"K02433",387.672185182462,6.03335775618219,0.0155630400807387,"gamma_mle",1
"K02434",342.091592837439,5.79703223181541,0.0169458482850531,"gamma_mle",1
"K02435",347.394878765032,4.65142976362384,0.0133894597990604,"gamma_mle",1
"K02436",3.71561659457295,0.860378427276842,0.0341398694755874,"zero_inflated_gamma",0.147435897435897
"K02437",287.128770245669,4.34815767356388,0.0151435805957152,"gamma_mle",1
"K02438",3.76361976219181,0.561765682427497,0.0449699831109007,"zero_inflated_gamma",0.301282051282051
"K02439",39.4310194045004,1.36108849775705,0.0276588279970946,"zero_inflated_gamma",0.801282051282051
"K02440",184.426420508469,2.98319567755232,0.0161755331439366,"gamma_mle",1
"K02441",124.662899787862,3.18500915585737,0.0250576473441487,"zero_inflated_gamma",0.980769230769231
"K02442",3.30830783602218,0.826073566205808,0.024009298570056,"zero_inflated_gamma",0.0961538461538462
"K02443",111.359377838572,3.4650605324565,0.0307170958195804,"zero_inflated_gamma",0.987179487179487
"K02444",55.6042312790955,1.53737836197796,0.0274713513223655,"zero_inflated_gamma",0.993589743589744
"K02445",71.1229864651047,1.86381576818094,0.0260375488044783,"zero_inflated_gamma",0.993589743589744
"K02446",27.3714540039725,1.11983296930248,0.0354049961428498,"zero_inflated_gamma",0.865384615384615
"K02448",14.8158230454005,2.06282271227168,0.115133374578746,"zero_inflated_gamma",0.826923076923077
"K02449",0.188450989330726,1.67075383567652,0.284157714510859,"zero_inflated_gamma",0.032051282051282
"K02450",30.0858261811802,1.11095737586977,0.0307718926397284,"zero_inflated_gamma",0.833333333333333
"K02451",2.36849069208777,0.738048086106687,0.0219725804282548,"zero_inflated_gamma",0.0705128205128205
"K02452",3.19184257836112,1.26447805562387,0.0558686163177805,"zero_inflated_gamma",0.141025641025641
"K02453",27.4333211703539,0.716546180074759,0.0199245334223292,"zero_inflated_gamma",0.762820512820513
"K02454",18.5618154290559,1.60356589470258,0.0703307880403375,"zero_inflated_gamma",0.814102564102564
"K02455",9.61988782804152,1.0718890237907,0.0642832353951988,"zero_inflated_gamma",0.576923076923077
"K02456",44.9803277280217,1.36475844741188,0.0270348134812003,"zero_inflated_gamma",0.891025641025641
"K02457",4.03029135742527,1.17383787399335,0.046675296455333,"zero_inflated_gamma",0.16025641025641
"K02458",10.3032383341798,0.994168807457652,0.0383489500465061,"zero_inflated_gamma",0.397435897435897
"K02459",5.08033743834901,0.673869683893193,0.0195562957786373,"zero_inflated_gamma",0.147435897435897
"K02460",5.4881710089706,0.702175253596948,0.0295253997867225,"zero_inflated_gamma",0.230769230769231
"K02461",5.06407397031449,0.689379269706572,0.0340328396537897,"zero_inflated_gamma",0.25
"K02462",4.43514070033876,0.747528390429151,0.0226889807082904,"zero_inflated_gamma",0.134615384615385
"K02463",0,-1,-1,"zero",0
"K02464",2.8615159359972,0.682139138388054,0.0290339284367063,"zero_inflated_gamma",0.121794871794872
"K02465",0.541162384344893,1.12799310364551,0.0668073505526612,"zero_inflated_gamma",0.032051282051282
"K02466",3.36414411714691,1.188198699734,0.0384891928314571,"zero_inflated_gamma",0.108974358974359
"K02467",8.44616604082266,1.23512845319693,0.0712428862422249,"zero_inflated_gamma",0.487179487179487
"K02468",3.40959558932378,1.07282960652685,0.0504246961420102,"zero_inflated_gamma",0.16025641025641
"K02469",1496.94124801079,46.8668394015261,0.0313084026936962,"gamma_mle",1
"K02470",1474.10161538625,64.7396574570195,0.0439180425428516,"gamma_mle",1
"K02471",14.4394863496672,1.6130512166674,0.0837833412632736,"zero_inflated_gamma",0.75
"K02472",53.2172691983101,1.74697488600569,0.0321959251373119,"zero_inflated_gamma",0.980769230769231
"K02473",18.8722686677683,1.38577004259481,0.058837264447809,"zero_inflated_gamma",0.801282051282051
"K02474",49.8602416069617,1.7025632410259,0.0330522647557234,"zero_inflated_gamma",0.967948717948718
"K02475",0.397542648380819,2.98999031342043,0.289276201956288,"zero_inflated_gamma",0.0384615384615385
"K02476",68.0297369523361,1.89669361604415,0.0269867595589522,"zero_inflated_gamma",0.967948717948718
"K02477",916.972077749199,11.1597518609403,0.0121702199355219,"gamma_mle",1
"K02478",136.962532637954,1.7712450535629,0.0127665336641189,"zero_inflated_gamma",0.987179487179487
"K02479",29.1342586622729,1.36089915323651,0.0419203991789258,"zero_inflated_gamma",0.897435897435897
"K02480",48.8865943680551,0.998705303045333,0.0183337375306746,"zero_inflated_gamma",0.897435897435897
"K02481",286.861327995602,2.28290864210285,0.0079582307523092,"gamma_mle",1
"K02482",47.0540014916996,1.61999030571292,0.0324420724729746,"zero_inflated_gamma",0.942307692307692
"K02483",1214.60051324416,25.4949146184041,0.0209903703649096,"gamma_mle",1
"K02484",433.890078404275,18.293382682823,0.0421613297775806,"gamma_mle",1
"K02485",2.91255812285861,0.923519356685175,0.0589447053646859,"zero_inflated_gamma",0.185897435897436
"K02486",2.58602544597104,1.42420785916373,0.127092079711264,"zero_inflated_gamma",0.230769230769231
"K02487",3.3046080971068,1.23669383848757,0.0359839550079938,"zero_inflated_gamma",0.0961538461538462
"K02488",158.007089178795,4.05520765124967,0.0256647196801464,"gamma_mle",1
"K02489",0,-1,-1,"zero",0
"K02490",11.932785358003,1.45585899575011,0.0875933043421327,"zero_inflated_gamma",0.717948717948718
"K02491",12.1291790355128,1.10610489461696,0.0625495352018521,"zero_inflated_gamma",0.685897435897436
"K02492",109.310315325352,2.72720113417588,0.0249491653743621,"gamma_mle",1
"K02493",628.096347642651,36.316313992757,0.0578196547855406,"gamma_mle",1
"K02494",3.4730433148742,0.872557419509938,0.0483148318459682,"zero_inflated_gamma",0.192307692307692
"K02495",284.224919564322,9.24810709966172,0.0325379882729418,"gamma_mle",1
"K02496",7.61456646030915,0.822692974731756,0.0394768839065045,"zero_inflated_gamma",0.365384615384615
"K02498",3.83909857851182,0.656402804627446,0.0416485765084909,"zero_inflated_gamma",0.243589743589744
"K02499",272.679761578386,9.90149590541266,0.0363118107779565,"gamma_mle",1
"K02500",590.32740196652,14.2653627248559,0.0241651711869288,"gamma_mle",1
"K02501",550.742877441756,12.9507826777205,0.0235151160517551,"gamma_mle",1
"K02502",324.321144749603,8.76510779356286,0.0270260139847807,"gamma_mle",1
"K02503",583.86453924567,21.8388731842931,0.0374040067795658,"gamma_mle",1
"K02504",3.53246999466639,0.58777960192238,0.0351985984034076,"zero_inflated_gamma",0.211538461538462
"K02505",2.14614376015301,0.862418265238406,0.0824298512069489,"zero_inflated_gamma",0.205128205128205
"K02506",1.06626869855136,1.52039252294148,0.0365615381171092,"zero_inflated_gamma",0.0256410256410256
"K02507",7.36706122766832,1.06297737806637,0.0813931425326357,"zero_inflated_gamma",0.564102564102564
"K02508",19.4608293843775,1.69633421993673,0.0720800683739647,"zero_inflated_gamma",0.826923076923077
"K02509",2.46220263486354,1.06519187833163,0.055463778403493,"zero_inflated_gamma",0.128205128205128
"K02510",42.3318165465587,1.9719820486324,0.0409102393688374,"zero_inflated_gamma",0.878205128205128
"K02511",3.41372050042276,0.844426159152188,0.0301274740510947,"zero_inflated_gamma",0.121794871794872
"K02517",163.071059263687,2.19327253378216,0.0134497963261257,"gamma_mle",1
"K02518",687.213293544202,11.9296486960723,0.0173594556568411,"gamma_mle",1
"K02519",869.971652867467,48.951958603971,0.0562684524750009,"gamma_mle",1
"K02520",527.745812250104,17.7286770093738,0.0335932121067633,"gamma_mle",1
"K02521",26.2474710407965,1.42312215235346,0.0476157558309741,"zero_inflated_gamma",0.878205128205128
"K02523",138.480254490603,2.28415363725708,0.0162829684604574,"zero_inflated_gamma",0.987179487179487
"K02525",33.9983698817823,1.36976226283374,0.0351237933015273,"zero_inflated_gamma",0.871794871794872
"K02526",49.827491333846,1.2654665228302,0.0229549395095517,"zero_inflated_gamma",0.903846153846154
"K02527",140.634214501123,2.23833064049765,0.0159159749882898,"gamma_mle",1
"K02528",738.95088119301,32.1167071123067,0.0434625736699243,"gamma_mle",1
"K02529",3306.99012507978,8.52339668114017,0.00257738800503208,"gamma_mle",1
"K02530",59.2026502744825,1.19167545839889,0.0170320208270471,"zero_inflated_gamma",0.846153846153846
"K02531",0.260006484861506,1.05352617455236,0.0519477267453113,"zero_inflated_gamma",0.0128205128205128
"K02532",75.8802797602143,1.12564867604876,0.0134081375245817,"zero_inflated_gamma",0.903846153846154
"K02533",10.4663303846068,1.30863885976253,0.0721345428447095,"zero_inflated_gamma",0.576923076923077
"K02535",26.7350274042195,1.73657016153062,0.055378188281613,"zero_inflated_gamma",0.852564102564103
"K02536",133.891571944841,2.80757529716471,0.0205657714263099,"zero_inflated_gamma",0.980769230769231
"K02537",0,-1,-1,"zero",0
"K02538",8.40098492445295,0.897568537555337,0.0602692086756393,"zero_inflated_gamma",0.564102564102564
"K02540",0,-1,-1,"zero",0
"K02541",0,-1,-1,"zero",0
"K02542",0,-1,-1,"zero",0
"K02545",0,-1,-1,"zero",0
"K02546",3.2395519561559,1.01925141155257,0.0544547210666315,"zero_inflated_gamma",0.173076923076923
"K02548",257.338074374113,5.52410081562058,0.0214663175243542,"gamma_mle",1
"K02549",43.6080376935619,1.66756762624255,0.0377496590348589,"zero_inflated_gamma",0.987179487179487
"K02550",0.892071069522927,1.29046164875537,0.231825421167061,"zero_inflated_gamma",0.16025641025641
"K02551",174.165374497328,2.5654474379125,0.0147299510325564,"gamma_mle",1
"K02552",31.426303456158,1.2973423377538,0.036783368102438,"zero_inflated_gamma",0.891025641025641
"K02553",3.64878187718606,0.670449182343671,0.0270907607555414,"zero_inflated_gamma",0.147435897435897
"K02554",2.7320218901375,0.707878953306693,0.0382012930180085,"zero_inflated_gamma",0.147435897435897
"K02556",26.591235494718,1.7695292731701,0.0490560388743028,"zero_inflated_gamma",0.737179487179487
"K02557",87.5762365815858,1.75440530988891,0.0197760602844319,"zero_inflated_gamma",0.987179487179487
"K02558",22.0723396512447,1.0151696110141,0.0365584121826694,"zero_inflated_gamma",0.794871794871795
"K02560",4.64178105874653,0.473521818046507,0.0143864428512423,"zero_inflated_gamma",0.141025641025641
"K02562",6.32045883554999,0.589205262577147,0.0185248672920061,"zero_inflated_gamma",0.198717948717949
"K02563",634.332853719196,55.4892317410717,0.0874765218539911,"gamma_mle",1
"K02564",651.440317825022,15.8994729435108,0.024406645564393,"gamma_mle",1
"K02565",10.0084703006585,1.30357684321258,0.0726379512659038,"zero_inflated_gamma",0.557692307692308
"K02566",159.603866327774,2.87912274621355,0.017807907674974,"zero_inflated_gamma",0.987179487179487
"K02567",22.1538387177001,1.36118359567454,0.0590791689482951,"zero_inflated_gamma",0.961538461538462
"K02568",9.45313685024487,1.35596309286286,0.0616058746919862,"zero_inflated_gamma",0.429487179487179
"K02569",3.63036712439732,1.03895607526173,0.0733807310744304,"zero_inflated_gamma",0.256410256410256
"K02570",13.8157057259471,1.70747779210954,0.0586258444029126,"zero_inflated_gamma",0.474358974358974
"K02572",14.4056565423219,1.55164375174664,0.0821639526768378,"zero_inflated_gamma",0.762820512820513
"K02573",72.711839800531,1.94315339069043,0.0265527221496264,"zero_inflated_gamma",0.993589743589744
"K02574",415.979605439847,18.0831206514098,0.043471171218332,"gamma_mle",1
"K02575",23.5684738028386,1.0046879250603,0.0352504637036896,"zero_inflated_gamma",0.826923076923077
"K02584",32.3991059931227,1.20992245495289,0.0332747431748442,"zero_inflated_gamma",0.891025641025641
"K02585",6.18428596268309,1.80137643166968,0.102695876103408,"zero_inflated_gamma",0.352564102564103
"K02586",8.06804889863088,1.28260514310234,0.075410457699732,"zero_inflated_gamma",0.474358974358974
"K02587",68.2065805427476,1.77431167965755,0.0255135250492723,"zero_inflated_gamma",0.980769230769231
"K02588",113.345499479968,2.46028602709819,0.0217060760099522,"gamma_mle",1
"K02589",7.59671189564792,1.23723329242339,0.0522001015221024,"zero_inflated_gamma",0.320512820512821
"K02590",1.07316627082041,1.20595295333241,0.0360171012626822,"zero_inflated_gamma",0.032051282051282
"K02591",3.97274444345958,1.53971794965843,0.159003220021911,"zero_inflated_gamma",0.41025641025641
"K02592",0.72231269602402,35.7969164514092,2.85915882375942,"zero_inflated_gamma",0.0576923076923077
"K02593",0.465473370922322,29.9393193683243,0.824617371856241,"zero_inflated_gamma",0.0128205128205128
"K02594",23.6610010871307,1.22913039540147,0.0452875840515907,"zero_inflated_gamma",0.871794871794872
"K02595",0,-1,-1,"zero",0
"K02596",0.675913672483627,3.61741160949901,0.10292084730194,"zero_inflated_gamma",0.0192307692307692
"K02597",0.15959726798074,-1,-1,"mean_only",0.00641025641025641
"K02598",31.8861905888236,1.28201498170812,0.0358245434712212,"zero_inflated_gamma",0.891025641025641
"K02599",6.14095313397257,1.01253214224154,0.0602453168565638,"zero_inflated_gamma",0.365384615384615
"K02600",638.630443439042,49.5481380623481,0.0775849923400614,"gamma_mle",1
"K02601",681.492784263486,31.0763561773284,0.0456004185149425,"gamma_mle",1
"K02603",0.194971021406156,-1,-1,"mean_only",0.00641025641025641
"K02604",0.239475276292344,-1,-1,"mean_only",0.00641025641025641
"K02609",2.33838545093529,1.07475188159929,0.0618709536743525,"zero_inflated_gamma",0.134615384615385
"K02610",2.06433882916007,0.686526698601053,0.0213182647555496,"zero_inflated_gamma",0.0641025641025641
"K02611",2.99730522643731,0.533194583189042,0.0159646056414811,"zero_inflated_gamma",0.0897435897435897
"K02612",76.2493766143172,1.66205694366972,0.0210990038111445,"zero_inflated_gamma",0.967948717948718
"K02613",4.32709528575404,0.710815422871954,0.0273784673832717,"zero_inflated_gamma",0.166666666666667
"K02614",186.255005140651,4.14494457147007,0.021826173722805,"zero_inflated_gamma",0.980769230769231
"K02615",2.1710756156281,0.720924599369835,0.0383144681930072,"zero_inflated_gamma",0.115384615384615
"K02616",2.7190698936559,0.847416830822973,0.0459494113211937,"zero_inflated_gamma",0.147435897435897
"K02617",274.059000487058,5.6696288608932,0.0206876214640538,"gamma_mle",1
"K02618",3.08303921001716,0.563539898250127,0.0257776726082593,"zero_inflated_gamma",0.141025641025641
"K02619",137.718283858546,2.9878227269112,0.0215561066689773,"zero_inflated_gamma",0.993589743589744
"K02621",197.535080117699,2.62615992492867,0.0132946508709435,"gamma_mle",1
"K02622",206.96271228567,2.45229291859071,0.0118489600928974,"gamma_mle",1
"K02623",12.2710486051107,1.59557375845873,0.0841844704129567,"zero_inflated_gamma",0.647435897435897
"K02624",14.940969314068,1.30995166555199,0.0567640368142478,"zero_inflated_gamma",0.647435897435897
"K02625",0,-1,-1,"zero",0
"K02626",8.12782936514909,1.43065388231848,0.0722129980479247,"zero_inflated_gamma",0.41025641025641
"K02635",0,-1,-1,"zero",0
"K02636",8.27625761173136,1.27230636307042,0.0926319814844121,"zero_inflated_gamma",0.602564102564103
"K02639",2.83724137723062,1.65668104616736,0.119775501724119,"zero_inflated_gamma",0.205128205128205
"K02647",410.798973533573,9.65150399506743,0.0234944695992008,"gamma_mle",1
"K02650",146.8460520776,2.24474765169372,0.0151884113472211,"zero_inflated_gamma",0.993589743589744
"K02651",8.22609193564556,1.14244372632633,0.0721110266532338,"zero_inflated_gamma",0.519230769230769
"K02652",160.892121200113,4.13043855781836,0.0256720995845474,"gamma_mle",1
"K02653",194.333562879351,4.51023691933658,0.0232087388946638,"gamma_mle",1
"K02654",287.647119845826,4.68788280565143,0.016297339629766,"gamma_mle",1
"K02655",10.1881704022832,1.23708578788777,0.0552633703598827,"zero_inflated_gamma",0.455128205128205
"K02656",2.02286029576004,2.05000183316613,0.129925308432169,"zero_inflated_gamma",0.128205128205128
"K02657",7.05626921310618,1.05615356724368,0.0671622705869114,"zero_inflated_gamma",0.448717948717949
"K02658",7.16418144228121,1.32478112632974,0.0604537343950113,"zero_inflated_gamma",0.326923076923077
"K02659",0,-1,-1,"zero",0
"K02660",2.0854953640671,1.91368915993648,0.135289909327991,"zero_inflated_gamma",0.147435897435897
"K02662",65.0761310846202,2.05203580661342,0.0315328488711953,"gamma_mle",1
"K02663",0.550793135472392,-1,-1,"mean_only",0.00641025641025641
"K02664",30.4340448202518,1.41077539012198,0.0291205569307197,"zero_inflated_gamma",0.628205128205128
"K02665",0,-1,-1,"zero",0
"K02666",18.9514693295075,1.69005528675795,0.0748867050196226,"zero_inflated_gamma",0.83974358974359
"K02667",15.7155261112963,1.28662871467992,0.0619272399207997,"zero_inflated_gamma",0.756410256410256
"K02668",9.19859344404461,1.78384674600947,0.147930756790337,"zero_inflated_gamma",0.762820512820513
"K02669",227.038689075068,4.63453982731626,0.0204129958915676,"gamma_mle",1
"K02670",0.967129052834999,1.02036921375036,0.0135262781613231,"zero_inflated_gamma",0.0128205128205128
"K02671",38.2456228812033,1.11413891894063,0.0212881469676483,"zero_inflated_gamma",0.730769230769231
"K02672",0.250210273235219,-1,-1,"mean_only",0.00641025641025641
"K02673",0.316055081981329,-1,-1,"mean_only",0.00641025641025641
"K02674",27.3612423299236,1.75760811663176,0.0564133909852801,"zero_inflated_gamma",0.878205128205128
"K02676",0,-1,-1,"zero",0
"K02677",0.57104848893017,0.927174402421536,0.10407917666822,"zero_inflated_gamma",0.0641025641025641
"K02679",1.87398263792442,1.1730548491515,0.0802524229859917,"zero_inflated_gamma",0.128205128205128
"K02680",3.54743349275094,0.85308392415008,0.0400798645881747,"zero_inflated_gamma",0.166666666666667
"K02681",3.0059577744013,0.811888959684088,0.0311646078816999,"zero_inflated_gamma",0.115384615384615
"K02682",3.22118631715099,0.959731329118469,0.0381978767999169,"zero_inflated_gamma",0.128205128205128
"K02683",0,-1,-1,"zero",0
"K02686",5.45876653480437,1.71906202049352,0.0847855256644452,"zero_inflated_gamma",0.269230769230769
"K02687",516.507752673054,18.6414044462507,0.0360912384175782,"gamma_mle",1
"K02688",36.2564472280069,1.91143712699121,0.0510301824355677,"zero_inflated_gamma",0.967948717948718
"K02689",0.443591786957631,-1,-1,"mean_only",0.00641025641025641
"K02690",0,-1,-1,"zero",0
"K02705",0,-1,-1,"zero",0
"K02725",0,-1,-1,"zero",0
"K02731",0,-1,-1,"zero",0
"K02736",0,-1,-1,"zero",0
"K02742",2.8296391911782,1.04536822242928,0.056836179282197,"zero_inflated_gamma",0.153846153846154
"K02744",114.291174693232,2.15535899811576,0.0186167146864893,"zero_inflated_gamma",0.987179487179487
"K02745",93.9659217279197,1.7212188336411,0.0179652201608118,"zero_inflated_gamma",0.980769230769231
"K02746",63.6705438368682,1.76873945501397,0.0274234081089122,"zero_inflated_gamma",0.987179487179487
"K02747",70.8304092230803,1.76439356164722,0.0245907534697983,"zero_inflated_gamma",0.987179487179487
"K02749",57.3345732011848,1.03129152207561,0.0160271043845974,"zero_inflated_gamma",0.891025641025641
"K02750",57.3345732011848,1.03129152207561,0.0160271043845974,"zero_inflated_gamma",0.891025641025641
"K02752",11.5238294011051,0.986003718693296,0.0482658330464533,"zero_inflated_gamma",0.564102564102564
"K02753",11.5238294011051,0.986003718693296,0.0482658330464533,"zero_inflated_gamma",0.564102564102564
"K02755",441.534655978448,4.68377882986849,0.0106079528898794,"gamma_mle",1
"K02756",504.005093499392,4.46022935418499,0.00884957198193547,"gamma_mle",1
"K02757",504.005093499392,4.46022935418499,0.00884957198193547,"gamma_mle",1
"K02759",112.927269511113,1.74687519051327,0.0153698684130015,"zero_inflated_gamma",0.993589743589744
"K02760",126.211087583167,1.80883983905742,0.0140562488724936,"zero_inflated_gamma",0.980769230769231
"K02761",129.045364212082,2.16769739469125,0.0167979485968105,"gamma_mle",1
"K02768",500.749587380254,5.77706032815707,0.0115368249395484,"gamma_mle",1
"K02769",474.954699543963,5.69677767699509,0.0119943600567906,"gamma_mle",1
"K02770",472.576064642914,5.73277233311412,0.0121308986256972,"gamma_mle",1
"K02771",15.3598634973444,0.927753896752623,0.0325237128992374,"zero_inflated_gamma",0.538461538461538
"K02773",46.0694193644228,1.27729535522436,0.0231045411621205,"zero_inflated_gamma",0.833333333333333
"K02774",45.8710683265229,1.60287158812716,0.0241912902996475,"zero_inflated_gamma",0.692307692307692
"K02775",57.0870657042786,2.21186699652549,0.037752027216062,"zero_inflated_gamma",0.974358974358974
"K02777",128.627967191964,1.99145929603642,0.0152838283113509,"zero_inflated_gamma",0.987179487179487
"K02778",11.8954127764032,0.652264774825956,0.0270651560404541,"zero_inflated_gamma",0.493589743589744
"K02779",5.74177409769159,0.553482726604007,0.0253347853064863,"zero_inflated_gamma",0.262820512820513
"K02781",9.3467721290402,1.24222288701567,0.03578183128999,"zero_inflated_gamma",0.269230769230769
"K02782",4.23025127557543,0.982890745736584,0.068512894265081,"zero_inflated_gamma",0.294871794871795
"K02783",8.1489009471415,0.910825983718812,0.0401235916062207,"zero_inflated_gamma",0.358974358974359
"K02784",22.9818337649937,1.4985783275487,0.0426354000174446,"zero_inflated_gamma",0.653846153846154
"K02786",29.386194829528,1.68532267355717,0.0371309862999733,"zero_inflated_gamma",0.647435897435897
"K02787",87.9088168669237,0.984308774555415,0.00882834780818399,"zero_inflated_gamma",0.788461538461538
"K02788",87.9088168669237,0.984308774555415,0.00882834780818399,"zero_inflated_gamma",0.788461538461538
"K02790",143.631467953793,2.26230669049511,0.0155488403090342,"zero_inflated_gamma",0.987179487179487
"K02791",143.631467953793,2.26230669049511,0.0155488403090342,"zero_inflated_gamma",0.987179487179487
"K02793",82.9904020560215,1.62905949016835,0.0195036626046972,"zero_inflated_gamma",0.993589743589744
"K02794",172.648184227039,2.17018775786689,0.0125700004757247,"gamma_mle",1
"K02795",188.51107273518,2.20464286211943,0.0116950311200897,"gamma_mle",1
"K02796",156.844830993334,2.30547085365473,0.0146990553597059,"gamma_mle",1
"K02798",49.3967701562678,1.55881813372036,0.0315570861979236,"gamma_mle",1
"K02799",49.5738290826269,1.54493975698155,0.0307648786717331,"zero_inflated_gamma",0.987179487179487
"K02800",49.5738290826269,1.54493975698155,0.0307648786717331,"zero_inflated_gamma",0.987179487179487
"K02802",7.29065171806738,0.74888266939359,0.0467499530018797,"zero_inflated_gamma",0.455128205128205
"K02803",242.803248441143,3.13587600912849,0.012915296765021,"gamma_mle",1
"K02804",242.691587833542,3.13646885474755,0.0129236817919655,"gamma_mle",1
"K02805",125.825890810795,2.76084069893354,0.0218011013827861,"zero_inflated_gamma",0.993589743589744
"K02806",30.1184871307863,1.16234809976419,0.028696996688861,"zero_inflated_gamma",0.743589743589744
"K02808",151.589372002113,2.44173179228126,0.0161075394668647,"gamma_mle",1
"K02809",254.686193053109,3.06887533464983,0.012049633699656,"gamma_mle",1
"K02810",254.686193053109,3.06887533464983,0.012049633699656,"gamma_mle",1
"K02812",1.91681562182245,0.660791362293799,0.0265179938086602,"zero_inflated_gamma",0.0769230769230769
"K02813",3.44810685023761,0.678644324881679,0.0378493270899403,"zero_inflated_gamma",0.192307692307692
"K02814",2.43238626585237,0.660422603100079,0.0295878704938291,"zero_inflated_gamma",0.108974358974359
"K02815",2.13602493293074,0.817519019808813,0.0539746245662995,"zero_inflated_gamma",0.141025641025641
"K02817",5.04259769225693,1.51648332250173,0.0713280651556844,"zero_inflated_gamma",0.237179487179487
"K02818",46.2270226669954,1.31480450361712,0.0262544638530894,"zero_inflated_gamma",0.923076923076923
"K02819",46.2270226669954,1.31480450361712,0.0262544638530894,"zero_inflated_gamma",0.923076923076923
"K02821",46.0080635502643,1.29619138782831,0.0223940304250108,"zero_inflated_gamma",0.794871794871795
"K02822",48.3595337626115,1.34946399497477,0.0189609661719657,"zero_inflated_gamma",0.67948717948718
"K02823",583.844490456358,24.0686146083084,0.0412243585436514,"gamma_mle",1
"K02824",454.387111189477,14.0409727035914,0.0309009044443085,"gamma_mle",1
"K02825",103.154564780405,2.44613680617945,0.0235613077056863,"zero_inflated_gamma",0.993589743589744
"K02826",0.0732225085218577,-1,-1,"mean_only",0.00641025641025641
"K02827",0,-1,-1,"zero",0
"K02828",0,-1,-1,"zero",0
"K02829",0,-1,-1,"zero",0
"K02831",0,-1,-1,"zero",0
"K02834",718.081293223831,29.748842304796,0.0414282374231452,"gamma_mle",1
"K02835",704.833986236869,50.8375560652297,0.0721269931046501,"gamma_mle",1
"K02836",706.282994079899,51.1132166741527,0.072369315278134,"gamma_mle",1
"K02837",527.794976720954,20.1950155118573,0.0382629930230171,"gamma_mle",1
"K02838",571.625129960922,33.1306337038816,0.0579586725064842,"gamma_mle",1
"K02839",9.5800843833536,1.24171610414188,0.0531751048381155,"zero_inflated_gamma",0.41025641025641
"K02840",15.2588429236262,0.883935992886896,0.0349061918353782,"zero_inflated_gamma",0.602564102564103
"K02841",31.0973962225594,1.25633409557143,0.0347025444406254,"zero_inflated_gamma",0.858974358974359
"K02843",56.4043486807591,2.01964973885791,0.0351180426178496,"zero_inflated_gamma",0.980769230769231
"K02844",51.2641522760535,1.46977321725251,0.02811922725119,"zero_inflated_gamma",0.980769230769231
"K02846",2.96630858665786,0.711591339320349,0.0430573956521556,"zero_inflated_gamma",0.179487179487179
"K02847",2.27626981761912,0.93217317262793,0.0498771767617554,"zero_inflated_gamma",0.121794871794872
"K02848",1.48157022850743,1.08577830956893,0.0751647648972366,"zero_inflated_gamma",0.102564102564103
"K02849",4.08675202459982,0.880124027699592,0.0552205825694497,"zero_inflated_gamma",0.256410256410256
"K02850",0.825078290183525,1.08789557997258,0.0422607751178233,"zero_inflated_gamma",0.032051282051282
"K02851",292.69276521604,6.34996662951838,0.0216949900515355,"gamma_mle",1
"K02852",21.9960905806506,1.17283015187836,0.0352048298346651,"zero_inflated_gamma",0.66025641025641
"K02853",5.69488506421413,0.583932152038777,0.0289204804410269,"zero_inflated_gamma",0.282051282051282
"K02854",81.6377398761685,1.57928298928752,0.0192210046819277,"zero_inflated_gamma",0.993589743589744
"K02855",43.1090136662384,1.81995787875968,0.0395113171774209,"zero_inflated_gamma",0.935897435897436
"K02856",68.8072542093709,1.52303222336188,0.0209996463800533,"zero_inflated_gamma",0.948717948717949
"K02858",32.2682887633121,1.40676818966134,0.0349326891474886,"zero_inflated_gamma",0.801282051282051
"K02859",0,-1,-1,"zero",0
"K02860",646.903935977543,27.5702503082506,0.0426187703844913,"gamma_mle",1
"K02862",0,-1,-1,"zero",0
"K02863",683.175136595968,37.2750083991704,0.0545614241538403,"gamma_mle",1
"K02864",694.130873963842,30.0398156358311,0.0432768758206769,"gamma_mle",1
"K02865",0,-1,-1,"zero",0
"K02866",1.27853783388417,1.11771616993514,0.0168118151531128,"zero_inflated_gamma",0.0192307692307692
"K02867",725.79562929745,32.8878547810506,0.0453128311242176,"gamma_mle",1
"K02868",0,-1,-1,"zero",0
"K02869",1.39197915825866,3.64640215199962,0.151129672937218,"zero_inflated_gamma",0.0576923076923077
"K02870",0,-1,-1,"zero",0
"K02871",664.086152569728,27.8802273697415,0.041982847047566,"gamma_mle",1
"K02872",0,-1,-1,"zero",0
"K02873",0.046363459308237,-1,-1,"mean_only",0.00641025641025641
"K02874",686.620817508731,17.7791103937639,0.025893637274605,"gamma_mle",1
"K02875",0.282323672808875,6.66444753524874,0.605274323737868,"zero_inflated_gamma",0.0256410256410256
"K02876",690.203735063905,29.6332061603522,0.0429339985498754,"gamma_mle",1
"K02877",0.156104904544092,3.58969417657859,0.442219163583812,"zero_inflated_gamma",0.0192307692307692
"K02878",701.24347781318,24.0091767373152,0.0342380036277664,"gamma_mle",1
"K02879",609.478036938681,22.1737476032035,0.0363815367565647,"gamma_mle",1
"K02880",0,-1,-1,"zero",0
"K02881",697.255575074117,23.4440455655774,0.03362331748023,"gamma_mle",1
"K02882",0,-1,-1,"zero",0
"K02883",1.06075408924397,6.92230539147716,0.25099362590869,"zero_inflated_gamma",0.0384615384615385
"K02884",578.629376621453,20.4394494058491,0.0353239054767537,"gamma_mle",1
"K02885",0.34650617997931,1.34203790538689,0.0744818498157267,"zero_inflated_gamma",0.0192307692307692
"K02886",754.055177206204,36.729748615218,0.0487096299123663,"gamma_mle",1
"K02887",583.107269684676,18.2867010987709,0.0313607839405941,"gamma_mle",1
"K02888",636.226046276587,20.6180538782409,0.0324068057240109,"gamma_mle",1
"K02889",0.145173536014765,-1,-1,"mean_only",0.00641025641025641
"K02890",746.388383013892,21.5816990294243,0.0289148377983565,"gamma_mle",1
"K02892",801.837776067813,21.7788011208417,0.0271611063619928,"gamma_mle",1
"K02894",0,-1,-1,"zero",0
"K02895",686.055918596169,14.3100235402216,0.0208583923734719,"gamma_mle",1
"K02896",0.729488080335669,4.44384819376925,0.195247922057945,"zero_inflated_gamma",0.032051282051282
"K02897",203.177505755503,5.46811109696301,0.0269129748228288,"gamma_mle",1
"K02898",0,-1,-1,"zero",0
"K02899",684.05461002948,22.3275651444861,0.0326400331451956,"gamma_mle",1
"K02900",0.186951302325148,-1,-1,"mean_only",0.00641025641025641
"K02901",0,-1,-1,"zero",0
"K02902",607.669668900607,9.32604990599234,0.0153472361437177,"gamma_mle",1
"K02904",792.256927645282,15.4015552760443,0.0194401017379807,"gamma_mle",1
"K02906",724.856610056435,30.2731641974678,0.0417643486690573,"gamma_mle",1
"K02907",948.280408148545,17.7203156730746,0.0186867887607974,"gamma_mle",1
"K02908",17.0415234142755,2.25919743278929,0.084980869805577,"zero_inflated_gamma",0.641025641025641
"K02909",669.329611187064,13.7500590659268,0.0205430311704586,"gamma_mle",1
"K02910",0.280178026806563,8.01229905311012,0.549945603709499,"zero_inflated_gamma",0.0192307692307692
"K02911",705.914511798279,14.3047706484617,0.0202641685492781,"gamma_mle",1
"K02912",0.306883364273852,2.22241748393902,0.185689647353751,"zero_inflated_gamma",0.0256410256410256
"K02913",727.449250359831,8.64543569006567,0.0118845894552633,"gamma_mle",1
"K02914",812.874269447473,6.81079675724752,0.00837865954580768,"gamma_mle",1
"K02915",0.0565974367272117,-1,-1,"mean_only",0.00641025641025641
"K02916",669.600195516805,13.6870638864737,0.0204406509707033,"gamma_mle",1
"K02918",0,-1,-1,"zero",0
"K02919",846.806709290601,7.93314430601625,0.00936830591796104,"gamma_mle",1
"K02921",0.0974185564914487,-1,-1,"mean_only",0.00641025641025641
"K02923",0,-1,-1,"zero",0
"K02924",0.451414706258438,6.03666753351032,0.257168760012333,"zero_inflated_gamma",0.0192307692307692
"K02925",0,-1,-1,"zero",0
"K02926",743.805003071987,32.8330093363983,0.04414195817559,"gamma_mle",1
"K02927",4.87961729332584,0.47419106021891,0.0330155754721671,"zero_inflated_gamma",0.33974358974359
"K02929",0.181505344937391,10.1163746539431,0.714563590359974,"zero_inflated_gamma",0.0128205128205128
"K02930",0.789433126367125,3.15501004382209,0.2049513523802,"zero_inflated_gamma",0.0512820512820513
"K02931",631.362360513104,26.1546608510952,0.0414257524471992,"gamma_mle",1
"K02932",0,-1,-1,"zero",0
"K02933",641.335966827405,23.0227598307751,0.0358981267566597,"gamma_mle",1
"K02935",702.593991921596,27.2716584778195,0.0388156727660472,"gamma_mle",1
"K02936",6.04471873739793,2.16486951442535,0.119380769035708,"zero_inflated_gamma",0.333333333333333
"K02937",0.0949918520618628,-1,-1,"mean_only",0.00641025641025641
"K02938",0.280253633873685,-1,-1,"mean_only",0.00641025641025641
"K02939",600.573724835524,28.4062836307011,0.0472985787689606,"gamma_mle",1
"K02940",0,-1,-1,"zero",0
"K02941",0,-1,-1,"zero",0
"K02942",0.0225510443642613,-1,-1,"mean_only",0.00641025641025641
"K02943",0,-1,-1,"zero",0
"K02944",0.720197332596147,2.27588078579595,0.101284597538969,"zero_inflated_gamma",0.032051282051282
"K02945",967.52012843895,42.2596815984932,0.0436783487560897,"gamma_mle",1
"K02946",746.443069638378,19.4121091843752,0.0260061483239165,"gamma_mle",1
"K02947",0.077652069542634,-1,-1,"mean_only",0.00641025641025641
"K02948",712.3740441483,24.4722294638586,0.0343530616603489,"gamma_mle",1
"K02949",0,-1,-1,"zero",0
"K02950",701.532344928552,21.3398260539723,0.0304188769174224,"gamma_mle",1
"K02951",0,-1,-1,"zero",0
"K02952",708.49196708051,28.7480765199056,0.0405764325576874,"gamma_mle",1
"K02953",0,-1,-1,"zero",0
"K02954",754.48034287376,12.6705358753407,0.0167937256351565,"gamma_mle",1
"K02955",0,-1,-1,"zero",0
"K02956",670.182106192807,18.8955532920343,0.0281946550309688,"gamma_mle",1
"K02957",0,-1,-1,"zero",0
"K02958",0,-1,-1,"zero",0
"K02959",647.670184326344,22.516486529881,0.0347653590898289,"gamma_mle",1
"K02961",734.977943572286,14.8567591374485,0.0202138843313293,"gamma_mle",1
"K02962",0,-1,-1,"zero",0
"K02963",743.863568625249,21.8691497828259,0.0293994096568579,"gamma_mle",1
"K02964",0,-1,-1,"zero",0
"K02965",868.658450002213,20.8389889245892,0.0239898534625849,"gamma_mle",1
"K02966",0.0977794611452981,71.6828800628728,9.39881721675387,"zero_inflated_gamma",0.0128205128205128
"K02967",536.084929763279,30.8395654299554,0.0575273873928396,"gamma_mle",1
"K02968",603.931327026506,13.1824077947216,0.0218276602070404,"gamma_mle",1
"K02969",0.220317254188957,-1,-1,"mean_only",0.00641025641025641
"K02970",543.016555147735,7.13728340263483,0.0131437675978277,"gamma_mle",1
"K02972",3.31894345050244,1.95814246035544,0.034037867475897,"zero_inflated_gamma",0.0576923076923077
"K02973",0,-1,-1,"zero",0
"K02974",0.937509896184483,2.26717160920269,0.108513051223601,"zero_inflated_gamma",0.0448717948717949
"K02977",2.91131330288303,0.708905467071399,0.0718013507040848,"zero_inflated_gamma",0.294871794871795
"K02978",0.320652771781338,10.1185947977238,0.404567138494143,"zero_inflated_gamma",0.0128205128205128
"K02979",1.76992971284851,3.69828645780581,0.133942971300032,"zero_inflated_gamma",0.0641025641025641
"K02981",0,-1,-1,"zero",0
"K02982",714.642028411037,31.1651150523826,0.0436094069665568,"gamma_mle",1
"K02984",0.323857101944314,4.02736259643873,0.239146463782233,"zero_inflated_gamma",0.0192307692307692
"K02985",0,-1,-1,"zero",0
"K02986",608.138073740533,35.0954366769641,0.0577096521207746,"gamma_mle",1
"K02987",0.902841244771242,3.63489623846508,0.232272897847366,"zero_inflated_gamma",0.0576923076923077
"K02988",689.976043492277,25.5991812585395,0.0371015508436649,"gamma_mle",1
"K02989",0,-1,-1,"zero",0
"K02990",712.886164778518,23.3431802657105,0.0327446111581684,"gamma_mle",1
"K02991",0.117337409362413,-1,-1,"mean_only",0.00641025641025641
"K02992",688.721744711914,23.6850536316395,0.0343898734336415,"gamma_mle",1
"K02994",640.129956346596,22.0223239907287,0.0344028954939343,"gamma_mle",1
"K02995",0,-1,-1,"zero",0
"K02996",693.46386479063,30.8887988102927,0.0445427662184224,"gamma_mle",1
"K02997",0,-1,-1,"zero",0
"K02998",0,-1,-1,"zero",0
"K02999",0,-1,-1,"zero",0
"K03002",0,-1,-1,"zero",0
"K03004",0.194971021406156,-1,-1,"mean_only",0.00641025641025641
"K03006",0.189928667404273,-1,-1,"mean_only",0.00641025641025641
"K03010",0,-1,-1,"zero",0
"K03018",0.14919959102294,-1,-1,"mean_only",0.00641025641025641
"K03021",0,-1,-1,"zero",0
"K03030",0.213900246785395,-1,-1,"mean_only",0.00641025641025641
"K03032",0,-1,-1,"zero",0
"K03035",0.213900246785395,-1,-1,"mean_only",0.00641025641025641
"K03040",695.968603384942,36.0680729828388,0.0518242817383092,"gamma_mle",1
"K03041",1.18319731338162,1.86572689441551,0.101080247981069,"zero_inflated_gamma",0.0641025641025641
"K03042",1.14159005073998,1.33288582617843,0.067359783972151,"zero_inflated_gamma",0.0576923076923077
"K03043",1186.97080836975,45.5438934796112,0.0383698513547808,"gamma_mle",1
"K03044",0,-1,-1,"zero",0
"K03045",0.621243272048348,2.2596213849917,0.256473243760861,"zero_inflated_gamma",0.0705128205128205
"K03046",1177.11294933011,49.7809484666319,0.0422907151730528,"gamma_mle",1
"K03047",1.12070058848316,2.67911183740468,0.137917429556143,"zero_inflated_gamma",0.0576923076923077
"K03048",3.41996037195754,0.939136439188331,0.0369659876775991,"zero_inflated_gamma",0.134615384615385
"K03049",0.56601730487214,1.73617815916675,0.0983127819445369,"zero_inflated_gamma",0.032051282051282
"K03050",0.908107034323351,6.54699853960049,0.184858999083449,"zero_inflated_gamma",0.0256410256410256
"K03051",0.161870529261834,5.07143717134504,0.40166931911666,"zero_inflated_gamma",0.0128205128205128
"K03053",2.6206562122313,3.99883307580716,0.195626921517592,"zero_inflated_gamma",0.128205128205128
"K03055",0.924144089995797,2.05731787050121,0.0428112949379207,"zero_inflated_gamma",0.0192307692307692
"K03056",0.259654674157951,-1,-1,"mean_only",0.00641025641025641
"K03057",0.713633155628252,4.93607558006839,0.266031726909782,"zero_inflated_gamma",0.0384615384615385
"K03058",0.139925018851785,-1,-1,"mean_only",0.00641025641025641
"K03059",0,-1,-1,"zero",0
"K03060",341.474251377975,5.13932121730712,0.0150503916373432,"gamma_mle",1
"K03061",0,-1,-1,"zero",0
"K03062",0,-1,-1,"zero",0
"K03063",0,-1,-1,"zero",0
"K03064",2.08118109569442,1.03631642905224,0.0478794520534234,"zero_inflated_gamma",0.0961538461538462
"K03065",0.250210273235219,-1,-1,"mean_only",0.00641025641025641
"K03066",0.39351570608232,2.95968334942963,0.241061905151019,"zero_inflated_gamma",0.032051282051282
"K03070",1020.34980272703,49.6664891478737,0.0486759433040836,"gamma_mle",1
"K03071",15.1738719952194,1.33279067496977,0.0478585853029447,"zero_inflated_gamma",0.544871794871795
"K03072",72.9247255454049,3.25369170913593,0.0443311193401419,"zero_inflated_gamma",0.993589743589744
"K03073",602.226298936013,12.9227686735608,0.0214583267060774,"gamma_mle",1
"K03074",84.2298682056173,3.47247955554205,0.0409619550013917,"zero_inflated_gamma",0.993589743589744
"K03075",544.152270317279,15.1356939906418,0.0278151811841502,"gamma_mle",1
"K03076",684.092402763974,30.9517829331999,0.0452450324081131,"gamma_mle",1
"K03077",395.214787176975,8.19416404784381,0.0207334449866485,"gamma_mle",1
"K03078",11.3464277476685,0.816926235847438,0.0281532753873613,"zero_inflated_gamma",0.391025641025641
"K03079",51.0875818717611,1.6421780512462,0.0302898855873134,"zero_inflated_gamma",0.942307692307692
"K03083",0,-1,-1,"zero",0
"K03086",1028.1775101474,23.4150423349934,0.0227733461429598,"gamma_mle",1
"K03087",5.43548848123132,0.911039551059958,0.0515721563632309,"zero_inflated_gamma",0.307692307692308
"K03088",5726.36492088447,14.3854748420882,0.00251214776578826,"gamma_mle",1
"K03089",13.4581568457492,1.14195335217068,0.0609194821062838,"zero_inflated_gamma",0.717948717948718
"K03090",64.3188975255522,2.01610192065375,0.0309435412717058,"zero_inflated_gamma",0.987179487179487
"K03091",1673.67661481689,13.5466937641149,0.00809397325874507,"gamma_mle",1
"K03092",192.14108409489,3.17440960311729,0.0165212433252931,"gamma_mle",1
"K03093",12.1464580244897,2.34431192936697,0.105162298846145,"zero_inflated_gamma",0.544871794871795
"K03094",0,-1,-1,"zero",0
"K03095",1.47824292910294,2.4888362539524,0.129511150598165,"zero_inflated_gamma",0.0769230769230769
"K03097",0,-1,-1,"zero",0
"K03098",53.5796486957248,0.783471955614382,0.0118105341719584,"zero_inflated_gamma",0.807692307692308
"K03099",0,-1,-1,"zero",0
"K03100",986.670042647555,26.2377003143069,0.0265921728442293,"gamma_mle",1
"K03101",515.030145375764,25.0622163949572,0.0486616494587359,"gamma_mle",1
"K03103",1.99659394482427,1.94604733966599,0.118711462015494,"zero_inflated_gamma",0.121794871794872
"K03105",0.329732617986612,16.8929600583582,0.656824345516783,"zero_inflated_gamma",0.0128205128205128
"K03106",637.773296356398,36.9205857535303,0.057889826940792,"gamma_mle",1
"K03110",594.15122870532,42.6160611525698,0.0717259497139002,"gamma_mle",1
"K03111",1442.32812021518,27.1714972676202,0.018838637954009,"gamma_mle",1
"K03112",5.42423442191257,0.490470202807254,0.0179684772131894,"zero_inflated_gamma",0.198717948717949
"K03113",83.9553645297542,1.94454730590402,0.0218254294370928,"zero_inflated_gamma",0.942307692307692
"K03114",0,-1,-1,"zero",0
"K03115",0,-1,-1,"zero",0
"K03116",379.279008006641,4.56710715082583,0.0120415500315426,"gamma_mle",1
"K03117",90.1970030377406,2.41066280854477,0.0263839905424146,"zero_inflated_gamma",0.987179487179487
"K03118",289.620527506332,4.63416079134382,0.0160008022609603,"gamma_mle",1
"K03119",3.45634137829235,0.698863391701956,0.0349957114324851,"zero_inflated_gamma",0.173076923076923
"K03120",0.0838586603139363,1.83870302249697,0.281105321558786,"zero_inflated_gamma",0.0128205128205128
"K03124",1.01538746360677,1.18889775299307,0.0750564657868845,"zero_inflated_gamma",0.0641025641025641
"K03129",0,-1,-1,"zero",0
"K03136",0,-1,-1,"zero",0
"K03138",0,-1,-1,"zero",0
"K03142",7.10531163989889,2.34883136316072,0.099596015920668,"zero_inflated_gamma",0.301282051282051
"K03146",39.647526608298,1.28255697577808,0.0296532300592621,"zero_inflated_gamma",0.916666666666667
"K03147",525.986164002525,12.1719499245794,0.0231411979204096,"gamma_mle",1
"K03148",111.375710268662,2.43582345630798,0.021589940433668,"zero_inflated_gamma",0.987179487179487
"K03149",274.212009169471,6.77346467529349,0.0247015610140812,"gamma_mle",1
"K03150",440.354137270155,6.5646439789241,0.0149076468762611,"gamma_mle",1
"K03151",470.069802469028,13.8203772976185,0.0294006916101127,"gamma_mle",1
"K03152",484.266297466008,14.2986504831634,0.0295264208101681,"gamma_mle",1
"K03153",9.66551592987782,1.41093405383814,0.0823454767778529,"zero_inflated_gamma",0.564102564102564
"K03154",443.79232031579,5.44895965260841,0.0122781747298626,"gamma_mle",1
"K03163",0,-1,-1,"zero",0
"K03165",0,-1,-1,"zero",0
"K03166",0.24304519619646,-1,-1,"mean_only",0.00641025641025641
"K03167",0.811622276382205,5.08885880192816,0.361729854326094,"zero_inflated_gamma",0.0576923076923077
"K03168",785.41078966683,36.7648631239972,0.0468097250606817,"gamma_mle",1
"K03169",2465.3555708017,13.7296709588537,0.0055690429086418,"gamma_mle",1
"K03177",691.6079401073,38.9522857543881,0.0563213397294786,"gamma_mle",1
"K03178",0,-1,-1,"zero",0
"K03179",35.9749244516447,1.50021904681539,0.0368900524277613,"zero_inflated_gamma",0.884615384615385
"K03181",2.54111382260944,1.0983403898468,0.0443310706479353,"zero_inflated_gamma",0.102564102564103
"K03182",102.440189852424,2.53664158559235,0.0247621718511715,"gamma_mle",1
"K03183",650.611046241967,11.9524599159181,0.018371129701774,"gamma_mle",1
"K03184",3.97089912137045,0.70398483995344,0.0386392574158954,"zero_inflated_gamma",0.217948717948718
"K03185",4.18790345395696,0.654578650954758,0.0400774949989366,"zero_inflated_gamma",0.256410256410256
"K03186",98.0650357145913,2.23491251239429,0.0226440151064458,"zero_inflated_gamma",0.993589743589744
"K03187",31.0163544929263,2.02487852831942,0.0581699144916062,"zero_inflated_gamma",0.891025641025641
"K03188",32.7959170744954,1.8982957238584,0.0526875295872796,"zero_inflated_gamma",0.91025641025641
"K03189",29.2868382265408,2.07812050386543,0.0632249421997074,"zero_inflated_gamma",0.891025641025641
"K03190",35.6716176406674,1.9595198284677,0.0517630186047267,"zero_inflated_gamma",0.942307692307692
"K03191",18.87783827264,1.53463473295497,0.0583641528829832,"zero_inflated_gamma",0.717948717948718
"K03192",1.11939066251745,0.797625601425468,0.0274058992757188,"zero_inflated_gamma",0.0384615384615385
"K03194",1.27401328135509,1.28472595061864,0.0969623654741227,"zero_inflated_gamma",0.0961538461538462
"K03195",3.60958348518309,1.26528607716778,0.0898808211004607,"zero_inflated_gamma",0.256410256410256
"K03196",3.94467792467789,0.833961972444517,0.0420118487839489,"zero_inflated_gamma",0.198717948717949
"K03197",0.127361118032271,-1,-1,"mean_only",0.00641025641025641
"K03198",1.5753141653247,1.0040712055159,0.0367718301585067,"zero_inflated_gamma",0.0576923076923077
"K03199",5.13085092871361,0.936340556779799,0.0467928859339175,"zero_inflated_gamma",0.256410256410256
"K03200",0.714476717219438,1.50574576529172,0.148604395814546,"zero_inflated_gamma",0.0705128205128205
"K03201",1.29715938701615,1.51706888996312,0.134945953544705,"zero_inflated_gamma",0.115384615384615
"K03202",0.579626302489244,19.1433883136845,0.423424634544085,"zero_inflated_gamma",0.0128205128205128
"K03203",2.39622524083278,0.699440880231753,0.0374221530572206,"zero_inflated_gamma",0.128205128205128
"K03204",2.37138677989098,1.16428566690448,0.0692397098206472,"zero_inflated_gamma",0.141025641025641
"K03205",3725.262654528,11.4885677171495,0.00308396179882385,"gamma_mle",1
"K03206",6.77770724643818,1.40916993390044,0.0733024775254219,"zero_inflated_gamma",0.352564102564103
"K03207",2.38805944419878,1.01546038072826,0.0599674984959983,"zero_inflated_gamma",0.141025641025641
"K03208",12.0465215977194,1.42622240173555,0.0834821598991541,"zero_inflated_gamma",0.705128205128205
"K03210",474.120240215685,14.0958733662882,0.0297305876666977,"gamma_mle",1
"K03211",0,-1,-1,"zero",0
"K03212",2.60670178606085,0.64979217811054,0.0415462547081051,"zero_inflated_gamma",0.166666666666667
"K03214",21.6711041583556,1.28772259303787,0.0464704104346884,"zero_inflated_gamma",0.782051282051282
"K03215",1114.37850299129,29.6532082137888,0.0266096376897003,"gamma_mle",1
"K03216",508.266221134499,19.9071264627953,0.0391667312031098,"gamma_mle",1
"K03217",663.606724311154,45.4017380672072,0.0684166335329645,"gamma_mle",1
"K03218",805.20189675628,36.1994250669576,0.0449569545387131,"gamma_mle",1
"K03219",6.57292022460555,1.67678011891528,0.138999130033339,"zero_inflated_gamma",0.544871794871795
"K03220",2.01376966508644,2.70164450618552,0.567593933279148,"zero_inflated_gamma",0.423076923076923
"K03221",4.52412108795068,2.71697927937485,0.142439103558858,"zero_inflated_gamma",0.237179487179487
"K03222",4.60600293603487,1.33663317735924,0.11533340594083,"zero_inflated_gamma",0.397435897435897
"K03223",3.30430853138157,2.01112760230806,0.222386946763556,"zero_inflated_gamma",0.365384615384615
"K03224",3.82724606178242,1.80117822278169,0.223242780998128,"zero_inflated_gamma",0.474358974358974
"K03225",6.61188537045151,1.67482386872233,0.112038766386815,"zero_inflated_gamma",0.442307692307692
"K03226",3.37269628678988,2.27901870774093,0.268557785333917,"zero_inflated_gamma",0.397435897435897
"K03227",4.26851747147293,1.88207663440581,0.0904452200347153,"zero_inflated_gamma",0.205128205128205
"K03228",2.63233797382266,2.23073144594827,0.282477841388128,"zero_inflated_gamma",0.333333333333333
"K03229",3.97096821881444,1.58375299484844,0.178963506118533,"zero_inflated_gamma",0.448717948717949
"K03230",3.1989772170961,1.36926870058185,0.208529032277991,"zero_inflated_gamma",0.487179487179487
"K03231",0.663936513378541,1.54027789704111,0.11897012517466,"zero_inflated_gamma",0.0512820512820513
"K03232",0.0879784171589135,-1,-1,"mean_only",0.00641025641025641
"K03233",0,-1,-1,"zero",0
"K03234",3.04472315392522,1.71927871239683,0.1266898791942,"zero_inflated_gamma",0.224358974358974
"K03235",0,-1,-1,"zero",0
"K03236",0.310521648816494,-1,-1,"mean_only",0.00641025641025641
"K03237",0.148779302154943,3.95840737542658,0.511651941201649,"zero_inflated_gamma",0.0192307692307692
"K03238",0,-1,-1,"zero",0
"K03240",0,-1,-1,"zero",0
"K03241",0.151353208765886,-1,-1,"mean_only",0.00641025641025641
"K03242",0.0275544548433956,-1,-1,"mean_only",0.00641025641025641
"K03243",0.942853983068637,2.60950624505079,0.141931662253779,"zero_inflated_gamma",0.0512820512820513
"K03246",0.207846466215997,-1,-1,"mean_only",0.00641025641025641
"K03248",0.301804457793092,-1,-1,"mean_only",0.00641025641025641
"K03249",0,-1,-1,"zero",0
"K03253",0,-1,-1,"zero",0
"K03255",0,-1,-1,"zero",0
"K03256",0,-1,-1,"zero",0
"K03257",3.00248468188167,1.65701194649477,0.137970058306536,"zero_inflated_gamma",0.25
"K03259",0,-1,-1,"zero",0
"K03260",0,-1,-1,"zero",0
"K03263",0.0617316259640225,-1,-1,"mean_only",0.00641025641025641
"K03264",0.184833344609086,2.86173687551606,0.19849737816022,"zero_inflated_gamma",0.0128205128205128
"K03265",0,-1,-1,"zero",0
"K03267",0,-1,-1,"zero",0
"K03269",139.924237692567,2.11513739757124,0.0150194052093201,"zero_inflated_gamma",0.993589743589744
"K03270",191.580273585131,4.74886218096328,0.0247878452833145,"gamma_mle",1
"K03271",96.6283617695598,2.81510030100079,0.0289465197901339,"zero_inflated_gamma",0.993589743589744
"K03272",42.7026339525891,1.41481982862322,0.0316452218144908,"zero_inflated_gamma",0.955128205128205
"K03273",73.8202388726847,2.29920290681799,0.0299480475753997,"zero_inflated_gamma",0.961538461538462
"K03274",28.2084553448722,1.24763803063334,0.0379917675212274,"zero_inflated_gamma",0.858974358974359
"K03275",8.27340828735549,1.54934302621311,0.0852308608685464,"zero_inflated_gamma",0.455128205128205
"K03276",33.3270215669622,1.18271200524036,0.0311658137858169,"zero_inflated_gamma",0.878205128205128
"K03277",0,-1,-1,"zero",0
"K03278",7.62942120285381,1.21116160925383,0.0559691350723886,"zero_inflated_gamma",0.352564102564103
"K03279",5.12469829850118,2.19755689494961,0.126445989247055,"zero_inflated_gamma",0.294871794871795
"K03280",13.2028249142119,0.976751073656566,0.0469491387115809,"zero_inflated_gamma",0.634615384615385
"K03281",556.423410978657,16.9625236179263,0.0304849208053486,"gamma_mle",1
"K03282",465.555438629859,9.0527418589428,0.019445035129619,"gamma_mle",1
"K03283",0.34839985139515,0.859685274129115,0.0474524000273375,"zero_inflated_gamma",0.0192307692307692
"K03284",412.628545239313,18.8270769052473,0.0456271799963043,"gamma_mle",1
"K03285",12.8269505902022,1.51129226264839,0.065708218303866,"zero_inflated_gamma",0.557692307692308
"K03286",234.383072842776,1.82906815087092,0.00770370717173889,"zero_inflated_gamma",0.987179487179487
"K03287",2.61743071833191,2.46492411059845,0.193176252973196,"zero_inflated_gamma",0.205128205128205
"K03288",2.52591029876343,0.663758634247451,0.0134758959322689,"zero_inflated_gamma",0.0512820512820513
"K03289",19.9569850168046,0.873124388957345,0.0325322858117122,"zero_inflated_gamma",0.743589743589744
"K03290",5.3971131855366,0.713544750635606,0.0406795676535313,"zero_inflated_gamma",0.307692307692308
"K03291",8.20309556259704,0.483222255716048,0.0132163826268481,"zero_inflated_gamma",0.224358974358974
"K03292",822.353380408073,11.6797060977883,0.0142027823756164,"gamma_mle",1
"K03293",164.63234244526,1.25728296184381,0.00758795894611966,"zero_inflated_gamma",0.993589743589744
"K03294",306.669318209655,3.75693341156445,0.0122507638961,"gamma_mle",1
"K03296",1174.94881316327,4.5022253458207,0.00383184807319354,"gamma_mle",1
"K03297",36.232762281209,1.92491213160759,0.0422285871870977,"zero_inflated_gamma",0.794871794871795
"K03298",97.2885940317065,1.74609413094532,0.0176024272393103,"zero_inflated_gamma",0.980769230769231
"K03299",269.552104013724,3.84272868689367,0.0142559773404626,"gamma_mle",1
"K03300",55.4379504427832,1.24295702257259,0.0208397425934273,"zero_inflated_gamma",0.92948717948718
"K03301",13.4646643025001,0.596157993501023,0.0130556673097431,"zero_inflated_gamma",0.294871794871795
"K03303",85.2922507249935,2.03387019114295,0.0235401799719865,"zero_inflated_gamma",0.987179487179487
"K03304",3.39036207503499,0.781394085812706,0.0413673281574324,"zero_inflated_gamma",0.179487179487179
"K03305",173.399459222012,2.33911283536532,0.013489735468958,"gamma_mle",1
"K03306",160.848898948087,3.34016277123984,0.0207658416879674,"gamma_mle",1
"K03307",411.894806962359,4.63691417720567,0.0112575203640026,"gamma_mle",1
"K03308",1226.28163364756,17.3868814382045,0.0141785385682467,"gamma_mle",1
"K03309",211.387645704533,4.65103819390597,0.0220024125743231,"gamma_mle",1
"K03310",1372.64249397959,17.2357832373248,0.0125566440736907,"gamma_mle",1
"K03311",244.924878347511,5.69234004522508,0.0232411671841213,"gamma_mle",1
"K03312",251.221694287454,5.68797650140386,0.0226412631979766,"gamma_mle",1
"K03313",217.968442519271,6.56716295575722,0.0301289621555038,"gamma_mle",1
"K03314",1.98257544576346,0.765851760169988,0.0841917061085868,"zero_inflated_gamma",0.217948717948718
"K03315",369.332654490748,5.70787460048831,0.0154545625226628,"gamma_mle",1
"K03316",142.935306574228,1.44906626345413,0.0101379169232873,"gamma_mle",1
"K03317",8.54725573987373,1.44882159192999,0.0977926291393722,"zero_inflated_gamma",0.576923076923077
"K03318",0.0788015198984519,-1,-1,"mean_only",0.00641025641025641
"K03319",26.6168428670284,1.32673633912419,0.0418576441099831,"zero_inflated_gamma",0.83974358974359
"K03320",696.908629209204,12.4401717838615,0.0178505061674694,"gamma_mle",1
"K03321",295.353444837698,5.34731987809694,0.0181048163532861,"gamma_mle",1
"K03322",222.546087538926,3.76561070514184,0.0169205882106698,"gamma_mle",1
"K03324",817.074706494995,12.7166909344617,0.0155636820395684,"gamma_mle",1
"K03325",52.6201767018749,1.54450241770667,0.0276585256875614,"zero_inflated_gamma",0.942307692307692
"K03326",61.1899348567458,1.48425229928908,0.0231680461483789,"zero_inflated_gamma",0.955128205128205
"K03327",1833.20705332498,32.2089125380506,0.0175697079495912,"gamma_mle",1
"K03328",154.981343164596,3.6642357302598,0.0236430763564118,"gamma_mle",1
"K03329",8.80708504876767,0.846251804006439,0.0375727215416212,"zero_inflated_gamma",0.391025641025641
"K03330",0.649717210036051,6.27014398233144,0.247450614114042,"zero_inflated_gamma",0.0256410256410256
"K03331",0.766311049044513,6.74082843351517,0.676651165036812,"zero_inflated_gamma",0.0769230769230769
"K03332",155.789097395138,1.75929223939984,0.0112927815156258,"gamma_mle",1
"K03333",0.220317254188957,-1,-1,"mean_only",0.00641025641025641
"K03335",109.079882806117,3.11103101138558,0.0281550174002099,"zero_inflated_gamma",0.987179487179487
"K03336",42.2249285920462,1.42848082812919,0.033613411486292,"zero_inflated_gamma",0.993589743589744
"K03337",41.1931254327255,1.88349140165156,0.0424993513388195,"zero_inflated_gamma",0.92948717948718
"K03338",31.4579680634727,1.78282467082291,0.0526770410428224,"zero_inflated_gamma",0.92948717948718
"K03339",0.418224176741322,4.84280224725485,0.296908747752959,"zero_inflated_gamma",0.0256410256410256
"K03340",180.761610845529,3.86932698079493,0.0214056898624426,"gamma_mle",1
"K03342",3.45799883037555,1.11112142110842,0.0556129386282695,"zero_inflated_gamma",0.173076923076923
"K03343",0.299869489186733,7.34570263230133,0.314055541390706,"zero_inflated_gamma",0.0128205128205128
"K03346",5.42572818728372,1.50097833052405,0.0461068167169984,"zero_inflated_gamma",0.166666666666667
"K03347",0,-1,-1,"zero",0
"K03350",1.08975820070187,1.97004056617532,0.336061237832442,"zero_inflated_gamma",0.185897435897436
"K03353",0,-1,-1,"zero",0
"K03354",1.01624702990557,3.52603597425247,0.177931499264284,"zero_inflated_gamma",0.0512820512820513
"K03364",7.17196141268944,1.57368862227752,0.139248798595669,"zero_inflated_gamma",0.634615384615385
"K03366",49.7049870075171,1.30207084167614,0.0235092127505841,"zero_inflated_gamma",0.897435897435897
"K03367",41.7344192098502,1.75667656079398,0.0407426976836849,"zero_inflated_gamma",0.967948717948718
"K03379",0.384738588549922,2.45450573922455,0.122685986930841,"zero_inflated_gamma",0.0192307692307692
"K03380",0,-1,-1,"zero",0
"K03381",0.225975290141437,7.79463085249461,0.442221646061502,"zero_inflated_gamma",0.0128205128205128
"K03382",21.3943902411766,1.69819892670875,0.0666554010998863,"zero_inflated_gamma",0.83974358974359
"K03383",0,-1,-1,"zero",0
"K03385",59.4834613901272,1.93091306457842,0.0322532578281833,"zero_inflated_gamma",0.993589743589744
"K03386",227.632898645466,3.42906994924703,0.0150640349863828,"gamma_mle",1
"K03387",92.165102106951,1.76404950261846,0.0186493306554928,"zero_inflated_gamma",0.974358974358974
"K03388",155.316188750887,3.49411108793326,0.0223525504189522,"zero_inflated_gamma",0.993589743589744
"K03389",104.305351857064,2.51266043352115,0.0239350483117257,"zero_inflated_gamma",0.993589743589744
"K03390",120.785089734942,2.43581427769355,0.0199079695581198,"zero_inflated_gamma",0.987179487179487
"K03392",3.97083696785785,1.41006866640188,0.14113193526049,"zero_inflated_gamma",0.397435897435897
"K03394",192.939772144206,6.04012453589851,0.0313057513687951,"gamma_mle",1
"K03395",3.8940324790346,1.65654283493519,0.0709009167169674,"zero_inflated_gamma",0.166666666666667
"K03399",7.77902743271899,1.41633976505326,0.0746960301579835,"zero_inflated_gamma",0.41025641025641
"K03402",537.56627220902,18.3116914985598,0.0340640632517952,"gamma_mle",1
"K03403",0.191580221033876,-1,-1,"mean_only",0.00641025641025641
"K03404",16.5561368513616,1.46118492616401,0.0775072172291046,"zero_inflated_gamma",0.878205128205128
"K03405",15.976001644913,1.52233069365568,0.0690231463667093,"zero_inflated_gamma",0.724358974358974
"K03406",396.90274676057,1.64540088176096,0.00414560215365186,"gamma_mle",1
"K03407",130.102921066574,1.91246690191348,0.0146996461434933,"gamma_mle",1
"K03408",27.4981121971137,1.6454309049578,0.0414262791749996,"zero_inflated_gamma",0.692307692307692
"K03409",3.26726653101437,2.26806165005872,0.137945452073537,"zero_inflated_gamma",0.198717948717949
"K03410",17.4275698828539,1.86463427321717,0.0665279230927134,"zero_inflated_gamma",0.621794871794872
"K03411",16.7537775362335,1.79693398870049,0.0611906106519394,"zero_inflated_gamma",0.57051282051282
"K03412",33.4745202089936,1.41075372266773,0.0375514789225148,"zero_inflated_gamma",0.891025641025641
"K03413",129.071368117122,2.2281361763101,0.0172628229545707,"gamma_mle",1
"K03414",2.0526861795899,1.07635930238523,0.0840330488223061,"zero_inflated_gamma",0.16025641025641
"K03415",21.8831449053956,1.72534753379851,0.0576165306921973,"zero_inflated_gamma",0.730769230769231
"K03416",0.823137388763974,0.389190355783737,0.00606170976322407,"zero_inflated_gamma",0.0128205128205128
"K03417",7.48128981816308,1.64594362774106,0.1142349242864,"zero_inflated_gamma",0.519230769230769
"K03420",3.29842320879125,1.86419018154385,0.119556496561096,"zero_inflated_gamma",0.211538461538462
"K03421",0.157403271410673,1.19459434357966,0.097299833478154,"zero_inflated_gamma",0.0128205128205128
"K03422",0.633254125582094,1.97594394095803,0.100009670700451,"zero_inflated_gamma",0.032051282051282
"K03424",943.33777095202,45.833794918891,0.0485868331898079,"gamma_mle",1
"K03425",3.5782672160966,1.78911176716076,0.060896692490659,"zero_inflated_gamma",0.121794871794872
"K03426",326.404569450844,7.17460389691438,0.0219807091211536,"gamma_mle",1
"K03427",1008.94386513016,10.853515837021,0.0107573039612277,"gamma_mle",1
"K03428",10.7675175653334,1.33997838362618,0.0694027785409198,"zero_inflated_gamma",0.557692307692308
"K03429",190.277164210826,4.41719749866559,0.0232145434634046,"gamma_mle",1
"K03430",94.7729983407407,1.74204728622781,0.0177921187134732,"zero_inflated_gamma",0.967948717948718
"K03431",727.489058724356,17.4034300933111,0.023922600463336,"gamma_mle",1
"K03432",0.0157410670120063,-1,-1,"mean_only",0.00641025641025641
"K03433",0.212316174663963,6.45360660807917,0.584542461649782,"zero_inflated_gamma",0.0192307692307692
"K03434",0.478640724552234,1.6803285967385,0.247544144630031,"zero_inflated_gamma",0.0705128205128205
"K03435",6.13336654227819,0.464313414924777,0.017955166527763,"zero_inflated_gamma",0.237179487179487
"K03436",414.079167505536,10.8536546422096,0.0262115447816256,"gamma_mle",1
"K03437",780.268658132746,24.2114074438355,0.0310295783272593,"gamma_mle",1
"K03438",721.134797548268,34.7689954440731,0.0482142805509894,"gamma_mle",1
"K03439",563.14958265166,41.1436614189923,0.0730599163818293,"gamma_mle",1
"K03442",308.189811412357,6.89576786520122,0.0223750676039537,"gamma_mle",1
"K03444",43.9404502693501,0.761732891195364,0.0144463109831227,"zero_inflated_gamma",0.833333333333333
"K03445",6.67693808030447,0.894906413000214,0.0635780777225199,"zero_inflated_gamma",0.474358974358974
"K03446",87.6389810460134,2.52572336688099,0.0282654103699716,"zero_inflated_gamma",0.980769230769231
"K03449",43.0559771333976,1.03436699395583,0.0212517986377769,"zero_inflated_gamma",0.884615384615385
"K03451",48.664838378507,1.75074774977597,0.0343613296908491,"zero_inflated_gamma",0.955128205128205
"K03453",396.751415234702,8.24459394926139,0.0207802508892986,"gamma_mle",1
"K03455",391.931497394396,8.84340706345566,0.0225636549301284,"gamma_mle",1
"K03457",167.204016297119,3.02336393143163,0.0180818858206083,"gamma_mle",1
"K03458",497.176363776095,5.86035431973447,0.0117872745904986,"gamma_mle",1
"K03459",1.78726729597255,0.754832471271243,0.046024108914864,"zero_inflated_gamma",0.108974358974359
"K03462",15.8295372957437,0.862347980297911,0.030730696529299,"zero_inflated_gamma",0.564102564102564
"K03464",0,-1,-1,"zero",0
"K03465",323.110995138772,7.69182149163835,0.0238055083465507,"gamma_mle",1
"K03466",938.919468462079,31.0329003442273,0.0330517167729606,"gamma_mle",1
"K03468",4.05726312314364,0.547181216597183,0.0328516362391498,"zero_inflated_gamma",0.243589743589744
"K03469",576.381710308621,14.1937757477508,0.0246256525734497,"gamma_mle",1
"K03470",602.726640059957,47.9735237497048,0.0795941651839589,"gamma_mle",1
"K03471",14.7024070534769,1.17962440632333,0.0545175805425228,"zero_inflated_gamma",0.67948717948718
"K03472",3.84761724128712,0.776739207714921,0.0414103351605643,"zero_inflated_gamma",0.205128205128205
"K03473",129.809343184577,2.2028224091483,0.0166433354236268,"zero_inflated_gamma",0.980769230769231
"K03474",144.585964447104,2.57517399808002,0.0176965065885588,"zero_inflated_gamma",0.993589743589744
"K03475",52.2225838373872,1.03904833062062,0.018366029895113,"zero_inflated_gamma",0.923076923076923
"K03476",12.7066570891564,0.91314697788067,0.0391564854019862,"zero_inflated_gamma",0.544871794871795
"K03477",3.82701710819646,0.666669408975963,0.0312668087140775,"zero_inflated_gamma",0.179487179487179
"K03478",47.9537220629899,2.05203000602152,0.0416946540540613,"zero_inflated_gamma",0.974358974358974
"K03480",32.6151869749852,1.48891814259996,0.040091002676508,"zero_inflated_gamma",0.878205128205128
"K03481",27.718259226406,1.84359029398238,0.0541473969640865,"zero_inflated_gamma",0.814102564102564
"K03482",6.11731375836305,0.731453180544629,0.0298927441617921,"zero_inflated_gamma",0.25
"K03483",22.1093613158823,1.11050371713313,0.0428223860230457,"zero_inflated_gamma",0.852564102564103
"K03484",404.970607336306,4.434630264588,0.0109504990837651,"gamma_mle",1
"K03485",3.03833617430118,0.826432844579335,0.05579523671588,"zero_inflated_gamma",0.205128205128205
"K03486",90.3716764671366,1.78056977110746,0.0190712432759666,"zero_inflated_gamma",0.967948717948718
"K03487",6.90910461098748,0.831632407283696,0.0378077748458439,"zero_inflated_gamma",0.314102564102564
"K03488",275.576363552817,4.12749666265015,0.0148816767078214,"zero_inflated_gamma",0.993589743589744
"K03489",8.25280163859159,1.38984721220831,0.0528977421466213,"zero_inflated_gamma",0.314102564102564
"K03490",35.0170259910305,1.28795409314847,0.0299433404180908,"zero_inflated_gamma",0.814102564102564
"K03491",61.0199148346566,1.5854456712693,0.0256493220116008,"zero_inflated_gamma",0.987179487179487
"K03492",33.0494059797798,1.24240624204482,0.0289172250130595,"zero_inflated_gamma",0.769230769230769
"K03493",0,-1,-1,"zero",0
"K03495",748.276058471149,20.51534525358,0.0274168136496259,"gamma_mle",1
"K03496",2628.29583195262,28.6830128628803,0.010913159970113,"gamma_mle",1
"K03497",2575.15498781125,24.3340839331161,0.00944956091897164,"gamma_mle",1
"K03498",1206.83450721747,38.0976732978954,0.0315682664607719,"gamma_mle",1
"K03499",1258.78820688702,23.5253363353824,0.0186888757033722,"gamma_mle",1
"K03500",439.657709174924,16.6819350712458,0.0379430059410346,"gamma_mle",1
"K03501",556.673782731952,25.873852973341,0.0464793812389754,"gamma_mle",1
"K03502",661.694536089548,12.7821153640946,0.0193172448417569,"gamma_mle",1
"K03503",100.965731909504,1.93610628489752,0.0186841861919404,"zero_inflated_gamma",0.974358974358974
"K03510",0,-1,-1,"zero",0
"K03511",0.898346013805136,3.8841899322318,0.0554322121523726,"zero_inflated_gamma",0.0128205128205128
"K03512",0,-1,-1,"zero",0
"K03514",0,-1,-1,"zero",0
"K03515",0,-1,-1,"zero",0
"K03516",2.02177273855965,0.990868898258133,0.0534082297955189,"zero_inflated_gamma",0.108974358974359
"K03517",321.26790049341,9.44810002371438,0.0294087893910465,"gamma_mle",1
"K03518",337.234947376451,8.82775894099525,0.0261768805684927,"gamma_mle",1
"K03519",74.1053972237204,2.57761161400059,0.0347830483415251,"gamma_mle",1
"K03520",59.1940474308885,1.62979148487405,0.02735653623705,"zero_inflated_gamma",0.993589743589744
"K03521",402.510367349729,6.42553491686201,0.0159636507232597,"gamma_mle",1
"K03522",533.587523185527,7.23340777093474,0.0135561786148056,"gamma_mle",1
"K03523",519.830755778417,11.4837874428749,0.0220913967002175,"gamma_mle",1
"K03524",922.028816629069,28.227613609275,0.0306146761361266,"gamma_mle",1
"K03525",834.47103024935,24.9003814692995,0.0298397194949464,"gamma_mle",1
"K03526",674.834196606469,29.0018950024839,0.0429763268493585,"gamma_mle",1
"K03527",648.117514770128,39.1998984454806,0.0604827019053542,"gamma_mle",1
"K03528",2.44484391542835,0.799230275061134,0.052388528380594,"zero_inflated_gamma",0.16025641025641
"K03529",554.362183170997,15.3318632086128,0.0276567624452904,"gamma_mle",1
"K03530",1045.30635635174,12.0355687932799,0.0115139152461348,"gamma_mle",1
"K03531",719.360201963031,26.8617314054468,0.0373411419371617,"gamma_mle",1
"K03532",4.76813124599216,1.45542702313148,0.117400213081773,"zero_inflated_gamma",0.384615384615385
"K03533",39.595313907303,0.945060615299901,0.0198899929065763,"zero_inflated_gamma",0.833333333333333
"K03534",179.946152950467,2.48963754132187,0.0136580808814593,"zero_inflated_gamma",0.987179487179487
"K03535",9.52411403486175,0.877900998429684,0.048451832846262,"zero_inflated_gamma",0.525641025641026
"K03536",601.375628953472,16.2497348008626,0.027020940022363,"gamma_mle",1
"K03537",0,-1,-1,"zero",0
"K03538",0.0295872075848618,-1,-1,"mean_only",0.00641025641025641
"K03539",0,-1,-1,"zero",0
"K03540",0.421736174403543,3.64165846231827,0.166056169132671,"zero_inflated_gamma",0.0192307692307692
"K03543",192.957138144463,0.905583610418215,0.00463301628914864,"zero_inflated_gamma",0.987179487179487
"K03544",730.2873433371,34.9199180928884,0.0478166825859523,"gamma_mle",1
"K03545",949.802913144811,21.3791033109202,0.0225089889860767,"gamma_mle",1
"K03546",485.458887421819,11.3602200330477,0.0234009930138054,"gamma_mle",1
"K03547",539.831147201835,14.580047280034,0.027008532863671,"gamma_mle",1
"K03548",263.677979075477,6.90590031350189,0.0261906600532807,"gamma_mle",1
"K03549",219.217006173681,1.910319732812,0.0086584253960448,"zero_inflated_gamma",0.993589743589744
"K03550",634.777378499328,30.8170221753111,0.0485477637028676,"gamma_mle",1
"K03551",719.236090809527,40.513431259283,0.0563284181327492,"gamma_mle",1
"K03552",0.705297464697685,10.0698746430762,0.823701112523262,"zero_inflated_gamma",0.0576923076923077
"K03553",682.645615488358,26.9150076378255,0.0394274965328397,"gamma_mle",1
"K03554",2.50694978465412,0.682886912514902,0.0488918631662656,"zero_inflated_gamma",0.179487179487179
"K03555",856.612744282211,11.6124024086646,0.0135561868372564,"gamma_mle",1
"K03556",276.320914333406,4.61323908954544,0.0166952222949695,"gamma_mle",1
"K03557",8.4702271872687,0.717166412898124,0.0466765486299259,"zero_inflated_gamma",0.551282051282051
"K03558",118.890955837447,2.58540021420813,0.0213277869746998,"zero_inflated_gamma",0.980769230769231
"K03559",311.817541960725,2.55039430818352,0.00796940276902593,"zero_inflated_gamma",0.974358974358974
"K03560",13.6007681811959,1.21776051705546,0.0487857266451602,"zero_inflated_gamma",0.544871794871795
"K03561",294.793681598994,2.52045302535567,0.0084402742675306,"zero_inflated_gamma",0.987179487179487
"K03562",14.9554345131299,1.35188862359881,0.0631602408573821,"zero_inflated_gamma",0.698717948717949
"K03563",42.2481609852275,1.4040393019637,0.0221554306620925,"zero_inflated_gamma",0.666666666666667
"K03564",212.197040523325,3.61674898214149,0.0170442951193937,"gamma_mle",1
"K03565",434.84487533746,18.9094555273827,0.0434855200091943,"gamma_mle",1
"K03566",155.278124596826,4.78178850171698,0.0307949913365628,"gamma_mle",1
"K03567",8.64134243123486,1.30490243959637,0.0735674701472253,"zero_inflated_gamma",0.487179487179487
"K03568",90.0397212619621,2.57582427409209,0.0282408791400483,"zero_inflated_gamma",0.987179487179487
"K03569",905.430509710156,23.6641938924861,0.0261358476864905,"gamma_mle",1
"K03570",428.731206344712,12.9461046867755,0.030196319967356,"gamma_mle",1
"K03571",64.8455513693268,2.17886302757711,0.0323084708079224,"zero_inflated_gamma",0.961538461538462
"K03572",510.323014174108,14.9873894888641,0.0293684373868956,"gamma_mle",1
"K03573",15.9798883528592,0.952137902288592,0.0351389954690225,"zero_inflated_gamma",0.58974358974359
"K03574",1301.65819800142,15.7133538783643,0.0120717972678932,"gamma_mle",1
"K03575",530.606866049352,21.9118575108888,0.0412958423889878,"gamma_mle",1
"K03576",47.3684608442285,1.86101783794398,0.0377770397623193,"zero_inflated_gamma",0.961538461538462
"K03577",270.134550026264,6.6087244933606,0.0244645658717779,"gamma_mle",1
"K03578",104.516542780759,1.15544887141277,0.01077171084424,"zero_inflated_gamma",0.974358974358974
"K03579",34.8787832822313,0.688728009197797,0.015569222736915,"zero_inflated_gamma",0.788461538461538
"K03580",40.9727627793996,1.2436332645939,0.0287961347906992,"zero_inflated_gamma",0.948717948717949
"K03581",688.524089587489,13.2463705872828,0.0192387903162821,"gamma_mle",1
"K03582",46.3757622001,1.59649054806157,0.0324390425680529,"zero_inflated_gamma",0.942307692307692
"K03583",7.98259611758247,0.516388004692054,0.0294418936224981,"zero_inflated_gamma",0.455128205128205
"K03584",584.027307253496,38.3979351702178,0.0657468147350707,"gamma_mle",1
"K03585",669.510911933436,2.33716194697944,0.00349084967148647,"gamma_mle",1
"K03586",4.83012244861501,1.19874072011932,0.0524996561505933,"zero_inflated_gamma",0.211538461538462
"K03587",314.801895062862,6.05351350135546,0.0192295967600406,"gamma_mle",1
"K03588",1046.26188247901,43.9394800540526,0.0419966365877177,"gamma_mle",1
"K03589",340.180643031755,12.0647589985102,0.035465742233264,"gamma_mle",1
"K03590",180.382960901681,2.70780709909391,0.0150114350355398,"gamma_mle",1
"K03591",4.13288770307958,0.830498452627649,0.0463727792374108,"zero_inflated_gamma",0.230769230769231
"K03592",70.0975191950428,2.15995015759422,0.0300234137297235,"zero_inflated_gamma",0.974358974358974
"K03593",606.477071602299,47.8463006716813,0.078892183912695,"gamma_mle",1
"K03594",72.2625161203597,1.79721544380906,0.0240735097268843,"zero_inflated_gamma",0.967948717948718
"K03595",566.018111251783,34.9982946630669,0.0618324643104901,"gamma_mle",1
"K03596",815.185652259876,60.9238629471883,0.0747361816026739,"gamma_mle",1
"K03597",2.64104272753994,1.15314943604624,0.0839666487101977,"zero_inflated_gamma",0.192307692307692
"K03598",7.65887055604559,0.975311728142981,0.0408154062115055,"zero_inflated_gamma",0.320512820512821
"K03599",3.85421258400168,0.880058905470928,0.0453746379149049,"zero_inflated_gamma",0.198717948717949
"K03600",3.99188501452259,0.933177011420207,0.0464539987563613,"zero_inflated_gamma",0.198717948717949
"K03601",609.173495834593,33.7636197701759,0.0554252934525957,"gamma_mle",1
"K03602",733.070600832393,22.258263653345,0.0303630559294985,"gamma_mle",1
"K03603",2.31309244094496,0.934594424694171,0.0621608350362849,"zero_inflated_gamma",0.153846153846154
"K03604",26.1081850999582,1.55485258111648,0.0496285160880758,"zero_inflated_gamma",0.833333333333333
"K03605",39.4570700016732,1.63596009572391,0.0361461614319733,"zero_inflated_gamma",0.871794871794872
"K03606",285.521185014696,7.36741036435837,0.0258033755498009,"gamma_mle",1
"K03607",2.93793666229539,0.786927034434268,0.0377737515228779,"zero_inflated_gamma",0.141025641025641
"K03608",46.7371690828747,1.74876728984214,0.0307011744520637,"zero_inflated_gamma",0.82051282051282
"K03609",272.239412943805,5.83230106875446,0.0214234265556484,"gamma_mle",1
"K03610",44.8160373472219,1.55728040951661,0.030293376106519,"zero_inflated_gamma",0.871794871794872
"K03611",6.585541870471,1.15857953440529,0.0518761300939664,"zero_inflated_gamma",0.294871794871795
"K03612",473.541596993758,12.4271649923322,0.0262430271621862,"gamma_mle",1
"K03613",608.404557166544,10.9635909781925,0.0180202315203753,"gamma_mle",1
"K03614",646.461220007303,10.9467189572893,0.0169332956386241,"gamma_mle",1
"K03615",613.561247518986,14.4360326186734,0.0235282666189355,"gamma_mle",1
"K03616",560.81889476649,19.3803471151391,0.0345572292517152,"gamma_mle",1
"K03617",570.789702836163,14.3523970771717,0.0251448072834126,"gamma_mle",1
"K03618",2.66381302924804,1.45809701305441,0.154387011164681,"zero_inflated_gamma",0.282051282051282
"K03619",3.3570444744371,2.16756734501199,0.165558276916845,"zero_inflated_gamma",0.256410256410256
"K03620",35.7348908163562,1.50519373098481,0.0394210510001838,"zero_inflated_gamma",0.935897435897436
"K03621",473.889533233381,20.6094689614507,0.0434900277725715,"gamma_mle",1
"K03622",0,-1,-1,"zero",0
"K03623",40.6459963374897,1.72460348554606,0.0331823177786741,"zero_inflated_gamma",0.782051282051282
"K03624",681.92825916321,27.3422178925643,0.0400954462953563,"gamma_mle",1
"K03625",484.849687777254,23.8320730805451,0.0491535287767243,"gamma_mle",1
"K03626",0.729417046391921,2.54553709900821,0.0671119995913641,"zero_inflated_gamma",0.0192307692307692
"K03627",18.9184331789622,1.59923907112465,0.0444342117362002,"zero_inflated_gamma",0.525641025641026
"K03628",371.090431602181,9.06224837858726,0.0244205929521304,"gamma_mle",1
"K03629",631.146191123427,37.4705318363251,0.0593690215726857,"gamma_mle",1
"K03630",543.478250504385,15.7644810375379,0.0290066456622825,"gamma_mle",1
"K03631",596.285881546127,48.4053012848337,0.0811780100500153,"gamma_mle",1
"K03632",6.00989471535733,0.565425618611014,0.0398041134297293,"zero_inflated_gamma",0.423076923076923
"K03633",2.62683745331951,0.74194636172896,0.0633698611752795,"zero_inflated_gamma",0.224358974358974
"K03634",6.57491707900409,1.27383433295131,0.08569335817013,"zero_inflated_gamma",0.442307692307692
"K03635",47.3576258279675,1.46026220647692,0.0280675606274967,"zero_inflated_gamma",0.91025641025641
"K03636",5.1643740169427,1.39603834105309,0.0710458831039275,"zero_inflated_gamma",0.262820512820513
"K03637",401.318794491361,4.68292314557051,0.0116688358727523,"gamma_mle",1
"K03638",13.6627665853212,1.10507357047164,0.0368117355677967,"zero_inflated_gamma",0.455128205128205
"K03639",372.089657733727,6.85691202753804,0.0184281177533963,"gamma_mle",1
"K03640",65.072065612272,0.999150735071341,0.0145671145816239,"zero_inflated_gamma",0.948717948717949
"K03641",21.4201472514183,1.33438267815275,0.0551077185512832,"zero_inflated_gamma",0.884615384615385
"K03642",50.8670435595023,1.41801391617073,0.027519473368672,"zero_inflated_gamma",0.987179487179487
"K03643",5.53988063920198,1.19499377971504,0.0705197582424186,"zero_inflated_gamma",0.326923076923077
"K03644",127.095769256284,2.03378023471742,0.0157967974928862,"zero_inflated_gamma",0.987179487179487
"K03645",3.3452440434109,0.867986635327755,0.0365917613364838,"zero_inflated_gamma",0.141025641025641
"K03646",115.609097636691,2.00310895112191,0.0173265685146753,"gamma_mle",1
"K03647",57.7727209042579,1.19684546678058,0.0175293006650401,"zero_inflated_gamma",0.846153846153846
"K03648",405.797961405475,11.2581648135566,0.0277432759261879,"gamma_mle",1
"K03649",230.274521703636,6.5022199096669,0.0282368186526309,"gamma_mle",1
"K03650",670.416742256367,20.4044493123708,0.0304354709933067,"gamma_mle",1
"K03651",23.9628518121146,1.15526464678782,0.0392484132748979,"zero_inflated_gamma",0.814102564102564
"K03652",28.8274507028692,1.77366408215376,0.044173169073436,"zero_inflated_gamma",0.717948717948718
"K03653",0.113970511221298,1.95605325670321,0.220035916189547,"zero_inflated_gamma",0.0128205128205128
"K03654",1009.86090976604,14.1984013050532,0.014059759287388,"gamma_mle",1
"K03655",1628.32669394148,26.7273948893339,0.01641402489364,"gamma_mle",1
"K03656",8.45138847002933,0.765938763453067,0.0429905603726339,"zero_inflated_gamma",0.474358974358974
"K03657",1432.46568634606,19.275111531755,0.0134558975586508,"gamma_mle",1
"K03658",65.7302499919647,1.75616616117183,0.0258614379896471,"zero_inflated_gamma",0.967948717948718
"K03660",172.322242053527,4.15101701520322,0.0240886896882053,"gamma_mle",1
"K03663",0.369452404528123,3.48602154267134,0.241939602138926,"zero_inflated_gamma",0.0256410256410256
"K03664",550.62977685085,24.3250473847053,0.0441767743179902,"gamma_mle",1
"K03665",647.849068635781,40.2584247367356,0.0621416726298772,"gamma_mle",1
"K03666",86.7505671937646,2.17160491263297,0.0226257511789249,"zero_inflated_gamma",0.903846153846154
"K03667",41.7218211086645,1.48128815068604,0.0332280266108617,"zero_inflated_gamma",0.935897435897436
"K03668",17.7782818709316,1.36276971070885,0.0486455682490749,"zero_inflated_gamma",0.634615384615385
"K03669",5.84670532832212,0.651156244339341,0.0442630253805287,"zero_inflated_gamma",0.397435897435897
"K03670",8.16540781266729,0.634875778895225,0.0333934340890399,"zero_inflated_gamma",0.429487179487179
"K03671",1372.56893659114,20.59087904237,0.0150017084704749,"gamma_mle",1
"K03672",18.2837984570915,1.2647443563573,0.0483323847831975,"zero_inflated_gamma",0.698717948717949
"K03673",8.15437306815479,1.02830154870813,0.0436514902024005,"zero_inflated_gamma",0.346153846153846
"K03674",3.04598967886373,0.802199671049768,0.0253233240709993,"zero_inflated_gamma",0.0961538461538462
"K03675",2.7409809817405,0.661566553363546,0.0309437480067229,"zero_inflated_gamma",0.128205128205128
"K03676",28.0396900131228,1.24358106708432,0.0267241652565588,"zero_inflated_gamma",0.602564102564103
"K03679",0.433182199528303,3.05711864711644,0.135718280385934,"zero_inflated_gamma",0.0192307692307692
"K03683",5.276885201241,0.658141620129423,0.0207869350646048,"zero_inflated_gamma",0.166666666666667
"K03684",114.47865393116,1.5341828213138,0.0133155681317289,"zero_inflated_gamma",0.993589743589744
"K03685",602.609698847877,29.4532937165472,0.0488762357672945,"gamma_mle",1
"K03686",1317.33859880283,42.2943550068913,0.0321059103903337,"gamma_mle",1
"K03687",561.959263212604,32.9589315331398,0.0586500369167695,"gamma_mle",1
"K03688",193.158849582253,3.09310995471841,0.0160132966281789,"gamma_mle",1
"K03690",4.07654159225438,0.695401596793425,0.0306180296201291,"zero_inflated_gamma",0.179487179487179
"K03693",11.1480279724952,0.838878280684738,0.0356950522387833,"zero_inflated_gamma",0.474358974358974
"K03694",56.669421577704,1.2791260705484,0.0222823346913901,"zero_inflated_gamma",0.987179487179487
"K03695",852.501517654896,37.9265241754417,0.0444885122078984,"gamma_mle",1
"K03696",763.542476198578,39.0507119652825,0.0511441251568647,"gamma_mle",1
"K03697",284.676872571075,6.41910595545395,0.0225487441163711,"gamma_mle",1
"K03698",194.665385261206,3.28511219685203,0.0168756874389558,"gamma_mle",1
"K03699",855.428601962653,37.8899641550858,0.0442935436904412,"gamma_mle",1
"K03700",118.598987862891,2.42265802466163,0.0204273077563056,"gamma_mle",1
"K03701",1580.88381894858,47.654847263944,0.0301444335711136,"gamma_mle",1
"K03702",767.388716055721,47.92060154584,0.0624463202849082,"gamma_mle",1
"K03703",696.557224644551,54.2371328838661,0.0778645758954592,"gamma_mle",1
"K03704",359.51901494978,3.87887335824792,0.0107199024952185,"zero_inflated_gamma",0.993589743589744
"K03705",447.296825780859,13.5500078196838,0.0302931007749253,"gamma_mle",1
"K03706",49.6817936799679,1.57408158955913,0.0286368000263386,"zero_inflated_gamma",0.903846153846154
"K03707",180.518777773424,3.01591974035861,0.016599862676177,"zero_inflated_gamma",0.993589743589744
"K03708",88.3435494282836,2.02443365185895,0.0223278904849115,"zero_inflated_gamma",0.974358974358974
"K03709",606.153457403604,9.28314607848602,0.0153148447230664,"gamma_mle",1
"K03710",605.240308047648,5.6449315551577,0.00932676075948546,"gamma_mle",1
"K03711",591.76395625712,15.0574557702823,0.0254450370136094,"gamma_mle",1
"K03712",28.7110878743107,1.15269643217493,0.0316552548015769,"zero_inflated_gamma",0.788461538461538
"K03713",23.2327266714083,1.22007460108041,0.0326537707299161,"zero_inflated_gamma",0.621794871794872
"K03715",0,-1,-1,"zero",0
"K03716",11.1978748165658,1.86562087903193,0.107865996707188,"zero_inflated_gamma",0.647435897435897
"K03717",8.59031606476622,0.896661347559594,0.0508520306103125,"zero_inflated_gamma",0.487179487179487
"K03718",245.234412562185,4.06649233567489,0.0163694718722761,"zero_inflated_gamma",0.987179487179487
"K03719",588.455098439581,8.99673997402805,0.0152887450510411,"gamma_mle",1
"K03720",6.24647984826871,1.12237617734483,0.0334023095485691,"zero_inflated_gamma",0.185897435897436
"K03721",22.8552767644771,1.14932558020821,0.0473859208250536,"zero_inflated_gamma",0.942307692307692
"K03722",384.371628049258,4.53541750050775,0.0117995636762413,"gamma_mle",1
"K03723",950.094916878242,56.3954871563698,0.0593577401105042,"gamma_mle",1
"K03724",144.552036668035,1.75207131564481,0.0121206961591863,"gamma_mle",1
"K03725",0.174214944420206,-1,-1,"mean_only",0.00641025641025641
"K03726",1.01554316574411,2.56456155848805,0.242818292579661,"zero_inflated_gamma",0.0961538461538462
"K03727",147.991063855042,1.2263704788921,0.00823366693857926,"zero_inflated_gamma",0.993589743589744
"K03731",0,-1,-1,"zero",0
"K03732",5.29728923003969,0.654327283547596,0.0380065092007994,"zero_inflated_gamma",0.307692307692308
"K03733",793.989157680295,16.9968611373626,0.0214069184357886,"gamma_mle",1
"K03734",611.639160878493,38.6204868165313,0.0631425998967446,"gamma_mle",1
"K03735",37.1368469754361,1.56360901337458,0.0377856218942022,"zero_inflated_gamma",0.897435897435897
"K03736",32.0947810360458,1.64217728940142,0.0442786931740066,"zero_inflated_gamma",0.865384615384615
"K03737",1176.01043219622,22.4071745884572,0.0190535508657108,"gamma_mle",1
"K03738",103.010533557332,2.96856058827001,0.0288180294359684,"gamma_mle",1
"K03739",19.7189600947709,1.34828966372544,0.052596378824685,"zero_inflated_gamma",0.769230769230769
"K03740",12.4503196898613,1.41690804001226,0.0736814115075699,"zero_inflated_gamma",0.647435897435897
"K03741",141.343095525907,3.32784914494513,0.0233935500445108,"zero_inflated_gamma",0.993589743589744
"K03742",395.235129894959,14.8401930172196,0.0375477580172685,"gamma_mle",1
"K03743",219.759531730482,5.8130841991953,0.0264520230518356,"gamma_mle",1
"K03744",333.828888101778,9.17622462372737,0.0274878087271156,"gamma_mle",1
"K03745",6.86588426844965,1.49107068857004,0.0654297127790594,"zero_inflated_gamma",0.301282051282051
"K03746",2.22093076330878,1.83140301773212,0.121577201751158,"zero_inflated_gamma",0.147435897435897
"K03747",4.17086110796829,0.819753136124686,0.0365368210855367,"zero_inflated_gamma",0.185897435897436
"K03748",93.5919506197394,2.46609187141114,0.0263494013649826,"gamma_mle",1
"K03749",5.08000911319967,1.00282567270758,0.0645366666148596,"zero_inflated_gamma",0.326923076923077
"K03750",161.758097251617,3.53370783596908,0.0218456318169492,"gamma_mle",1
"K03752",52.5982747453013,1.85139814127991,0.0342963034966989,"zero_inflated_gamma",0.974358974358974
"K03753",120.938074256403,2.56850027575548,0.0211020023767491,"zero_inflated_gamma",0.993589743589744
"K03755",2.40493998998662,0.712247399182805,0.0322738629987738,"zero_inflated_gamma",0.108974358974359
"K03756",23.860428968149,1.21416971672926,0.0355551937059048,"zero_inflated_gamma",0.698717948717949
"K03757",3.46316420612377,0.735789383567513,0.0490295983522223,"zero_inflated_gamma",0.230769230769231
"K03758",47.5257672716847,1.34041349603078,0.0267575762663346,"zero_inflated_gamma",0.948717948717949
"K03759",4.90951964012199,1.15532376225646,0.0950343601890036,"zero_inflated_gamma",0.403846153846154
"K03760",122.929673345203,1.68868728036132,0.0136489613633463,"zero_inflated_gamma",0.993589743589744
"K03761",6.35630728537468,0.718388677825974,0.0478160758664449,"zero_inflated_gamma",0.423076923076923
"K03762",80.9602422068261,1.25902885416477,0.0152521376808743,"zero_inflated_gamma",0.980769230769231
"K03763",628.354810570222,11.0543355512805,0.0175925056438239,"gamma_mle",1
"K03764",4.15684302966025,0.843701013284091,0.0260213810824905,"zero_inflated_gamma",0.128205128205128
"K03765",2.24831605064851,0.673443648035887,0.0556823171525089,"zero_inflated_gamma",0.185897435897436
"K03767",81.6662984305296,1.64358848770612,0.019351600063221,"zero_inflated_gamma",0.961538461538462
"K03768",1118.51652863994,30.6899454673554,0.0274380795290283,"gamma_mle",1
"K03769",25.8308609164662,1.47270510571394,0.0500694568545104,"zero_inflated_gamma",0.878205128205128
"K03770",118.25180895426,1.90905886582031,0.0159370395161136,"zero_inflated_gamma",0.987179487179487
"K03771",193.568319578689,2.17728964420519,0.0110318604519416,"zero_inflated_gamma",0.980769230769231
"K03772",88.2507056885858,1.50705160372236,0.0164201302323375,"zero_inflated_gamma",0.961538461538462
"K03773",240.78591396139,1.12566313309069,0.00452511597788893,"zero_inflated_gamma",0.967948717948718
"K03774",8.08117765543418,1.15743449905556,0.0403970681339346,"zero_inflated_gamma",0.282051282051282
"K03775",124.546499175256,2.94503940380513,0.0236461034497726,"gamma_mle",1
"K03776",4.71676091380223,0.762841121799682,0.055983415979932,"zero_inflated_gamma",0.346153846153846
"K03777",3.8712771081683,0.584753069870939,0.0484131852334754,"zero_inflated_gamma",0.320512820512821
"K03778",334.54387640022,7.51406584720434,0.0224606288659582,"gamma_mle",1
"K03779",110.245166803359,2.21225892907335,0.01980945467665,"zero_inflated_gamma",0.987179487179487
"K03780",101.483837209719,2.17474124104423,0.021154698148096,"zero_inflated_gamma",0.987179487179487
"K03781",72.8421055110599,1.71302076932073,0.0235169035450333,"gamma_mle",1
"K03782",5.98128412833767,0.599674650702181,0.0308487731363488,"zero_inflated_gamma",0.307692307692308
"K03783",504.003854875349,13.0423397230562,0.0258774602553027,"gamma_mle",1
"K03784",283.634138157634,7.36394390809572,0.025962826463446,"gamma_mle",1
"K03785",258.658700618809,4.55401135610925,0.0176062562179982,"gamma_mle",1
"K03786",436.614351480719,11.1470493926331,0.0255306527484251,"gamma_mle",1
"K03787",187.688506386996,3.07163022572031,0.0162606669269514,"zero_inflated_gamma",0.993589743589744
"K03788",2.95041582803852,0.859755130428826,0.0466989329411422,"zero_inflated_gamma",0.16025641025641
"K03789",514.026062773703,9.86487873431828,0.0191913979635333,"gamma_mle",1
"K03790",619.438272216634,13.0994152249353,0.0211472487453182,"gamma_mle",1
"K03791",137.938096647623,1.03833938567514,0.00738281406889012,"zero_inflated_gamma",0.980769230769231
"K03793",0,-1,-1,"zero",0
"K03794",0,-1,-1,"zero",0
"K03795",0.0986405130724385,-1,-1,"mean_only",0.00641025641025641
"K03796",8.51078011101307,1.16753922009882,0.0545216762363689,"zero_inflated_gamma",0.397435897435897
"K03797",842.033197014314,6.10832253675677,0.00725425382088936,"gamma_mle",1
"K03798",1415.94108809633,43.0131861608145,0.0303778077509169,"gamma_mle",1
"K03799",145.530986015344,2.72872677071687,0.0187501428075885,"gamma_mle",1
"K03800",177.596563396549,2.70165454195634,0.0152123131793036,"gamma_mle",1
"K03801",115.282915053275,2.110477452885,0.0179548838356948,"zero_inflated_gamma",0.980769230769231
"K03802",6.54358596705261,0.931934622154592,0.0593414825631635,"zero_inflated_gamma",0.416666666666667
"K03803",155.140132689697,2.76899057091868,0.0173906697507239,"zero_inflated_gamma",0.974358974358974
"K03804",2.73998180512736,0.952449308493405,0.0668483740343343,"zero_inflated_gamma",0.192307692307692
"K03805",2.73165418725583,1.15041800104832,0.0728901955462274,"zero_inflated_gamma",0.173076923076923
"K03806",7.21199030976102,0.88449809093411,0.0377362208017131,"zero_inflated_gamma",0.307692307692308
"K03807",4.08613009971494,0.690434256773915,0.0259954167626001,"zero_inflated_gamma",0.153846153846154
"K03808",7.66609769078779,0.512848657804681,0.0197264123579042,"zero_inflated_gamma",0.294871794871795
"K03809",47.9101075546344,1.79901101477807,0.0344205745798563,"zero_inflated_gamma",0.916666666666667
"K03810",12.6020475814411,1.36430084641526,0.06662169351563,"zero_inflated_gamma",0.615384615384615
"K03811",169.389439634008,2.73682347144463,0.0160534194877702,"zero_inflated_gamma",0.993589743589744
"K03812",2.38994229246843,1.39923809035089,0.0375300900210552,"zero_inflated_gamma",0.0641025641025641
"K03813",17.0453369920299,1.53712099000867,0.0601189244396634,"zero_inflated_gamma",0.666666666666667
"K03814",64.3337439586526,1.66386165236552,0.0232103571674535,"zero_inflated_gamma",0.897435897435897
"K03815",3.26222695057898,0.801628805429909,0.0378046991812725,"zero_inflated_gamma",0.153846153846154
"K03816",463.713361118861,19.5514275352485,0.0421627435708866,"gamma_mle",1
"K03817",44.3138001781052,1.91256238629592,0.0409462121648119,"zero_inflated_gamma",0.948717948717949
"K03818",13.574840260642,1.20016434712177,0.0470391523802856,"zero_inflated_gamma",0.532051282051282
"K03819",3.99359100542277,0.789264780550722,0.0354725631986995,"zero_inflated_gamma",0.179487179487179
"K03820",73.9861794021462,1.73565204312042,0.0227072432110847,"zero_inflated_gamma",0.967948717948718
"K03821",0.104299919433256,-1,-1,"mean_only",0.00641025641025641
"K03822",0,-1,-1,"zero",0
"K03823",561.887009566059,19.3693500470024,0.0344719662801268,"gamma_mle",1
"K03824",71.2377381360101,1.91570268015615,0.0258573876156144,"zero_inflated_gamma",0.961538461538462
"K03825",100.373124677113,3.15537170188979,0.0306303579276307,"zero_inflated_gamma",0.974358974358974
"K03826",101.720674825456,2.00898985237422,0.0191170492656914,"zero_inflated_gamma",0.967948717948718
"K03827",235.491680299619,4.33829849440643,0.0184223004773959,"gamma_mle",1
"K03828",14.6370493783263,1.18674333153721,0.0436574082345254,"zero_inflated_gamma",0.538461538461538
"K03829",17.0960642367709,1.95629587370977,0.072618787641518,"zero_inflated_gamma",0.634615384615385
"K03830",35.1701529407741,1.57796575363653,0.0373888468320897,"zero_inflated_gamma",0.833333333333333
"K03831",120.231432243518,2.83066018204719,0.0235434289455517,"gamma_mle",1
"K03832",389.086405052039,1.78578001860333,0.0045896746722993,"gamma_mle",1
"K03833",62.0775266822384,2.04291507962519,0.0326981369688039,"zero_inflated_gamma",0.993589743589744
"K03834",2.6775213022257,0.685002417580365,0.050838914026661,"zero_inflated_gamma",0.198717948717949
"K03835",9.85953717530762,1.13770353963409,0.0687908903710326,"zero_inflated_gamma",0.596153846153846
"K03836",3.62391939303194,0.632061929422396,0.0368952489407279,"zero_inflated_gamma",0.211538461538462
"K03837",15.7349269063338,0.551255275656432,0.0152711711095937,"zero_inflated_gamma",0.435897435897436
"K03838",3.49916695127204,0.66267672548262,0.0400614251786355,"zero_inflated_gamma",0.211538461538462
"K03839",435.136494821834,12.7553723282411,0.0293134969832024,"gamma_mle",1
"K03840",5.04912765949507,0.885302839988953,0.0337188040455977,"zero_inflated_gamma",0.192307692307692
"K03841",14.3419874707825,1.0294903594328,0.0496949322012656,"zero_inflated_gamma",0.692307692307692
"K03843",43.204935234043,1.29219144836272,0.0270326124621815,"zero_inflated_gamma",0.903846153846154
"K03844",0,-1,-1,"zero",0
"K03848",0,-1,-1,"zero",0
"K03851",2.54633002855278,2.36438447986732,0.410703024074463,"zero_inflated_gamma",0.442307692307692
"K03852",0.795986731713246,1.3950748247736,0.123583292034889,"zero_inflated_gamma",0.0705128205128205
"K03853",0,-1,-1,"zero",0
"K03855",32.3654414262292,1.29297496737519,0.0309862738040803,"zero_inflated_gamma",0.775641025641026
"K03856",521.485996754073,8.99547486872419,0.0172496959165068,"gamma_mle",1
"K03857",6.12845015488356,1.18715278828321,0.0782297441374916,"zero_inflated_gamma",0.403846153846154
"K03862",0.918198462927665,0.993306983588135,0.0416076875489166,"zero_inflated_gamma",0.0384615384615385
"K03863",0.521860979891133,4.99976042236139,0.24565734961732,"zero_inflated_gamma",0.0256410256410256
"K03867",7.8752235429089,0.994873013175334,0.0574961163133826,"zero_inflated_gamma",0.455128205128205
"K03878",0.143366603020551,-1,-1,"mean_only",0.00641025641025641
"K03879",0,-1,-1,"zero",0
"K03880",0,-1,-1,"zero",0
"K03881",0,-1,-1,"zero",0
"K03882",0,-1,-1,"zero",0
"K03883",0,-1,-1,"zero",0
"K03884",0,-1,-1,"zero",0
"K03885",42.7791520900873,1.32885231426423,0.0284744919404594,"zero_inflated_gamma",0.916666666666667
"K03886",0.403710324309607,1.20468304901006,0.133898707577396,"zero_inflated_gamma",0.0448717948717949
"K03887",0.215091118782956,-1,-1,"mean_only",0.00641025641025641
"K03888",0,-1,-1,"zero",0
"K03889",0.289279738864867,-1,-1,"mean_only",0.00641025641025641
"K03890",0.436271790473182,-1,-1,"mean_only",0.00641025641025641
"K03891",0.578631441410303,0.64127276886836,0.0355210811509152,"zero_inflated_gamma",0.032051282051282
"K03892",339.50491272596,5.48812046101261,0.016165069356279,"gamma_mle",1
"K03893",47.0716288497131,1.32438080983114,0.0274140147486238,"zero_inflated_gamma",0.974358974358974
"K03894",2.53535362820613,0.538769449039241,0.0367793105664468,"zero_inflated_gamma",0.173076923076923
"K03895",2.72626533917578,0.47532965089904,0.020117531540958,"zero_inflated_gamma",0.115384615384615
"K03896",2.94777034184276,0.57690869135115,0.0326183648684168,"zero_inflated_gamma",0.166666666666667
"K03897",1.94768886615781,0.569739372813703,0.037502657947202,"zero_inflated_gamma",0.128205128205128
"K03905",0,-1,-1,"zero",0
"K03910",0,-1,-1,"zero",0
"K03911",0,-1,-1,"zero",0
"K03918",0,-1,-1,"zero",0
"K03919",2.57105979906314,0.666983583852841,0.034921883849304,"zero_inflated_gamma",0.134615384615385
"K03921",0.0996943847830967,3.56135741965875,0.457983953223662,"zero_inflated_gamma",0.0128205128205128
"K03923",3.8890352559944,1.35578784689207,0.0670419306929019,"zero_inflated_gamma",0.192307692307692
"K03924",627.297693269767,14.1659633240467,0.0225825209880928,"gamma_mle",1
"K03925",456.326160044552,18.644380912845,0.0408575763244096,"gamma_mle",1
"K03926",10.8720750339406,1.13264288393974,0.0387332514270844,"zero_inflated_gamma",0.371794871794872
"K03927",1.80309067854191,2.54040257859141,0.153535673958825,"zero_inflated_gamma",0.108974358974359
"K03928",22.193559316645,1.57777329341969,0.057420053007076,"zero_inflated_gamma",0.807692307692308
"K03929",369.610192396906,7.62570428735521,0.0206317478365595,"gamma_mle",1
"K03930",116.848136978782,1.76362312091338,0.0150932925976699,"gamma_mle",1
"K03931",91.6209469201494,1.40312671472759,0.0149217962989312,"zero_inflated_gamma",0.974358974358974
"K03932",57.7772355167968,1.62750643481251,0.027265803788277,"zero_inflated_gamma",0.967948717948718
"K03933",2.13234755359286,0.983754936883529,0.12125179901644,"zero_inflated_gamma",0.262820512820513
"K03934",0,-1,-1,"zero",0
"K03935",0,-1,-1,"zero",0
"K03936",0,-1,-1,"zero",0
"K03937",0,-1,-1,"zero",0
"K03939",0,-1,-1,"zero",0
"K03941",0,-1,-1,"zero",0
"K03942",0,-1,-1,"zero",0
"K03943",0,-1,-1,"zero",0
"K03953",0,-1,-1,"zero",0
"K03954",0,-1,-1,"zero",0
"K03955",2.8433189411805,1.23252427744125,0.0222297865662137,"zero_inflated_gamma",0.0512820512820513
"K03969",19.4384891861641,1.30371553151213,0.0498716483831001,"zero_inflated_gamma",0.743589743589744
"K03970",3.2924432549496,1.13876698852588,0.0376912806042175,"zero_inflated_gamma",0.108974358974359
"K03971",3.50485960774973,1.1563810326534,0.0274947064474063,"zero_inflated_gamma",0.0833333333333333
"K03972",296.758285912437,5.15623528533988,0.0173752024125834,"gamma_mle",1
"K03973",266.570571457097,4.52344064272637,0.0169690173150054,"gamma_mle",1
"K03974",1.73893479677454,1.32370569114665,0.0975918465454213,"zero_inflated_gamma",0.128205128205128
"K03975",169.672053106972,2.49840790854929,0.0146305324169857,"zero_inflated_gamma",0.993589743589744
"K03976",582.986500141533,25.7202575414917,0.0441181014230133,"gamma_mle",1
"K03977",638.624174969189,43.1691849328581,0.0675971668860497,"gamma_mle",1
"K03978",447.878363914281,20.9718853936816,0.0468249575853487,"gamma_mle",1
"K03979",673.531796090578,36.7473284635949,0.0545591591620316,"gamma_mle",1
"K03980",249.628931512999,1.72802263416964,0.00692236522303769,"gamma_mle",1
"K03981",8.9225920495101,1.3173264724154,0.0596236190439625,"zero_inflated_gamma",0.403846153846154
"K03982",0.414666660708113,2.29086624663353,0.177070421063577,"zero_inflated_gamma",0.032051282051282
"K03989",0.205465853683325,1.79649444031924,0.168144581626621,"zero_inflated_gamma",0.0192307692307692
"K04001",0,-1,-1,"zero",0
"K04013",3.12472323003823,0.74645460028853,0.0413457627839162,"zero_inflated_gamma",0.173076923076923
"K04014",13.4291629541026,1.50420905947396,0.0718016885997573,"zero_inflated_gamma",0.641025641025641
"K04015",14.1754609347816,1.37732364915318,0.0635293465759905,"zero_inflated_gamma",0.653846153846154
"K04016",3.27599862016038,0.535906734942792,0.0367019340801631,"zero_inflated_gamma",0.224358974358974
"K04017",2.71847296313707,0.965675168077167,0.0409877381037023,"zero_inflated_gamma",0.115384615384615
"K04018",5.18999226102429,0.983878286523435,0.0546842904412038,"zero_inflated_gamma",0.288461538461538
"K04019",26.6430525028796,1.6644466328116,0.0544628299893399,"zero_inflated_gamma",0.871794871794872
"K04020",5.91668115338482,0.985775686388198,0.0758287132894119,"zero_inflated_gamma",0.455128205128205
"K04021",6.27713966163222,1.11911666166928,0.0994278902918286,"zero_inflated_gamma",0.557692307692308
"K04022",4.30937948179996,0.633902986111041,0.0348887318469721,"zero_inflated_gamma",0.237179487179487
"K04023",51.3166421329249,1.83920815136885,0.0351511456881777,"zero_inflated_gamma",0.980769230769231
"K04024",30.7595793343892,1.41715775031879,0.0416420708519531,"zero_inflated_gamma",0.903846153846154
"K04025",41.1119533897041,0.97753634379296,0.0195096811624675,"zero_inflated_gamma",0.82051282051282
"K04026",25.518269253279,1.5755701288143,0.0526397193934603,"zero_inflated_gamma",0.852564102564103
"K04027",177.680038447786,2.16016576410355,0.0120796830438424,"zero_inflated_gamma",0.993589743589744
"K04028",105.998068687415,2.05918866146372,0.0186794827686926,"zero_inflated_gamma",0.961538461538462
"K04029",31.8233141724889,1.89219903051747,0.051836505848484,"zero_inflated_gamma",0.871794871794872
"K04030",9.24785984790199,1.59263650777545,0.110395362290142,"zero_inflated_gamma",0.641025641025641
"K04031",53.4650383356229,1.57586476061117,0.0253179921817125,"zero_inflated_gamma",0.858974358974359
"K04032",20.1069872401765,1.7997144726408,0.0740153366350901,"zero_inflated_gamma",0.826923076923077
"K04033",4.72011284737902,0.830646089047638,0.059788122281064,"zero_inflated_gamma",0.33974358974359
"K04034",98.5610168566309,2.60913132225003,0.0263025504823814,"zero_inflated_gamma",0.993589743589744
"K04039",0.844449524187048,1.69572280077014,0.141595434736389,"zero_inflated_gamma",0.0705128205128205
"K04041",401.01575942084,14.6817039396987,0.0366112891944757,"gamma_mle",1
"K04042",561.006633494188,17.0777815386294,0.0304413183713385,"gamma_mle",1
"K04043",1130.01719496035,42.5473714015424,0.0376519681216312,"gamma_mle",1
"K04044",9.96485008681912,1.12906952859126,0.0617368184386756,"zero_inflated_gamma",0.544871794871795
"K04045",16.159478872555,1.44115031598749,0.0800359985225049,"zero_inflated_gamma",0.897435897435897
"K04046",4.0940526279061,0.64030163864055,0.0380969484645622,"zero_inflated_gamma",0.243589743589744
"K04047",109.827415085763,2.20368564822439,0.0194218783743123,"zero_inflated_gamma",0.967948717948718
"K04049",0,-1,-1,"zero",0
"K04051",0,-1,-1,"zero",0
"K04056",3.34463812057029,2.17260510321008,0.204034280869897,"zero_inflated_gamma",0.314102564102564
"K04058",2.78239827244929,2.28637906363406,0.36345733009904,"zero_inflated_gamma",0.442307692307692
"K04059",3.98394432953232,2.43351604657142,0.18403236734608,"zero_inflated_gamma",0.301282051282051
"K04060",3.82112092971503,2.38965355085736,0.200442386860258,"zero_inflated_gamma",0.320512820512821
"K04061",25.8790224614281,1.72657576931964,0.0440504551972856,"zero_inflated_gamma",0.66025641025641
"K04062",4.75558873073268,1.1467559785391,0.0324609645307256,"zero_inflated_gamma",0.134615384615385
"K04063",8.56162034322259,1.27796064134674,0.067935263373487,"zero_inflated_gamma",0.455128205128205
"K04064",3.3854204886102,1.02314662572079,0.0387463373499662,"zero_inflated_gamma",0.128205128205128
"K04065",7.79099619657567,0.727063976586824,0.0287141704541292,"zero_inflated_gamma",0.307692307692308
"K04066",744.414907136776,32.6220317868982,0.043822378453397,"gamma_mle",1
"K04067",9.97751893978756,1.1557764537658,0.0816806844759217,"zero_inflated_gamma",0.705128205128205
"K04068",691.316914072263,31.3157423416884,0.0452986780798118,"gamma_mle",1
"K04069",812.95167035213,21.9687050530663,0.0270233838667809,"gamma_mle",1
"K04070",381.854122420461,10.4117875108395,0.027266400699938,"gamma_mle",1
"K04072",514.147412161952,7.55922265165571,0.0147024422818151,"gamma_mle",1
"K04073",3.96146224843215,0.816684051452207,0.0409671402319879,"zero_inflated_gamma",0.198717948717949
"K04074",182.890031633315,7.21447180366474,0.0394470477107763,"gamma_mle",1
"K04075",585.616271784722,36.3127033615713,0.0620076748395409,"gamma_mle",1
"K04076",8.57698306920892,1.22549597924953,0.0696091501981213,"zero_inflated_gamma",0.487179487179487
"K04077",726.013191732428,31.821122602205,0.0438299509768862,"gamma_mle",1
"K04078",625.662021097224,16.7803897996918,0.0268202148026566,"gamma_mle",1
"K04079",527.201709270223,19.9516006253653,0.037844339793555,"gamma_mle",1
"K04080",3.61083575856633,0.868731071242447,0.0339293627272322,"zero_inflated_gamma",0.141025641025641
"K04081",4.08478074181608,0.817697310507769,0.0282307165715904,"zero_inflated_gamma",0.141025641025641
"K04082",4.61010488740532,1.06970270964501,0.0565211888066903,"zero_inflated_gamma",0.243589743589744
"K04083",389.590318505614,15.5139180263578,0.0398211076852883,"gamma_mle",1
"K04084",157.728117840694,1.91116199972895,0.0120391404352333,"zero_inflated_gamma",0.993589743589744
"K04085",490.02230466862,7.8368557735921,0.0159928552209308,"gamma_mle",1
"K04086",5.94420781471855,0.917359187598846,0.0425391970187935,"zero_inflated_gamma",0.275641025641026
"K04087",35.1486020962265,1.46547491003222,0.0379519483385081,"zero_inflated_gamma",0.91025641025641
"K04088",39.7572780627493,2.03380013033947,0.050171658789698,"zero_inflated_gamma",0.980769230769231
"K04090",0.191580221033876,-1,-1,"mean_only",0.00641025641025641
"K04091",5.46789700608796,0.540819963416972,0.0234590010449811,"zero_inflated_gamma",0.237179487179487
"K04092",97.5826509712084,1.24489647169662,0.0115306857999956,"zero_inflated_gamma",0.903846153846154
"K04093",6.20823779409258,1.87013269711784,0.102342342044349,"zero_inflated_gamma",0.33974358974359
"K04094",364.941896056885,10.5489525160593,0.0289058412586724,"gamma_mle",1
"K04095",403.413921723468,7.94305224580839,0.0196895838692776,"gamma_mle",1
"K04096",663.602814892079,25.4438308807533,0.0383419574326116,"gamma_mle",1
"K04098",2.57065971676128,3.02654098381107,0.264146836143194,"zero_inflated_gamma",0.224358974358974
"K04099",0.482655104189784,6.36088561813739,0.168960847837797,"zero_inflated_gamma",0.0128205128205128
"K04100",0.558100524800506,3.9075776317637,0.13464549906063,"zero_inflated_gamma",0.0192307692307692
"K04101",0,-1,-1,"zero",0
"K04102",0,-1,-1,"zero",0
"K04103",1.13118899220874,0.699692647013934,0.0198251985593168,"zero_inflated_gamma",0.032051282051282
"K04108",1.94875781967958,2.38454144054658,0.156874516683648,"zero_inflated_gamma",0.128205128205128
"K04109",0.830183075800019,1.66767254742498,0.15452314963715,"zero_inflated_gamma",0.0769230769230769
"K04110",1.41007350023608,2.08338279830903,0.113653802605119,"zero_inflated_gamma",0.0769230769230769
"K04112",5.02231817508394,1.60904867599105,0.0842023510726828,"zero_inflated_gamma",0.262820512820513
"K04114",114.900679213446,3.67081411734731,0.0319477146912961,"gamma_mle",1
"K04115",53.5289459922964,1.96401047940745,0.0355146433455626,"zero_inflated_gamma",0.967948717948718
"K04116",0,-1,-1,"zero",0
"K04117",0,-1,-1,"zero",0
"K04118",0.15054611012536,-1,-1,"mean_only",0.00641025641025641
"K04124",0.538975365203443,1.33371281831671,0.0951743811871114,"zero_inflated_gamma",0.0384615384615385
"K04125",0.38583393282258,10.5157792234379,0.524128404280719,"zero_inflated_gamma",0.0192307692307692
"K04127",0.668172497782134,5.67882012805463,0.163442942875022,"zero_inflated_gamma",0.0192307692307692
"K04138",0,-1,-1,"zero",0
"K04236",0.436271790473182,-1,-1,"mean_only",0.00641025641025641
"K04257",1.09377360235653,-1,-1,"mean_only",0.00641025641025641
"K04325",0,-1,-1,"zero",0
"K04333",6.23771626684746,1.0509892545319,0.0648036266905613,"zero_inflated_gamma",0.384615384615385
"K04334",1.22326426754772,2.00234235969836,0.0944356461524397,"zero_inflated_gamma",0.0576923076923077
"K04335",1.37818092077757,2.13475426463965,0.0695048480358839,"zero_inflated_gamma",0.0448717948717949
"K04336",1.20112631279466,1.98793661432883,0.106093616378574,"zero_inflated_gamma",0.0641025641025641
"K04337",1.25698617353859,1.28864511051155,0.046001953146894,"zero_inflated_gamma",0.0448717948717949
"K04338",0.9274424566761,1.9549960254373,0.121612108034167,"zero_inflated_gamma",0.0576923076923077
"K04343",2.9311007788708,1.39463560559564,0.112851444795719,"zero_inflated_gamma",0.237179487179487
"K04345",0,-1,-1,"zero",0
"K04357",0,-1,-1,"zero",0
"K04367",0,-1,-1,"zero",0
"K04371",0,-1,-1,"zero",0
"K04373",0,-1,-1,"zero",0
"K04377",0,-1,-1,"zero",0
"K04385",0.323995962042584,-1,-1,"mean_only",0.00641025641025641
"K04418",0,-1,-1,"zero",0
"K04427",0.909603897629705,1.53400562991866,0.172969697217522,"zero_inflated_gamma",0.102564102564103
"K04437",0.400576825798103,-1,-1,"mean_only",0.00641025641025641
"K04443",0,-1,-1,"zero",0
"K04457",0,-1,-1,"zero",0
"K04459",0,-1,-1,"zero",0
"K04460",1.18655799399926,2.52941893738927,0.109319386255864,"zero_inflated_gamma",0.0512820512820513
"K04466",0,-1,-1,"zero",0
"K04477",206.79019743202,5.21263069500025,0.0252073394180779,"gamma_mle",1
"K04480",0.38982678479381,4.10339237558013,1.07960964429974,"zero_inflated_gamma",0.102564102564103
"K04483",0.198105448824055,7.03997960396091,0.911192996502477,"zero_inflated_gamma",0.0256410256410256
"K04484",0.0547532682463504,-1,-1,"mean_only",0.00641025641025641
"K04485",643.658547699211,31.5357901638667,0.0489945954677258,"gamma_mle",1
"K04486",519.659470824542,12.3735233657892,0.0238108300925531,"gamma_mle",1
"K04487",1183.60180436188,17.6551886322512,0.0149164935092083,"gamma_mle",1
"K04488",669.919355085314,23.792654850474,0.0355157000165252,"gamma_mle",1
"K04498",0,-1,-1,"zero",0
"K04506",2.18608015142935,2.70160421519691,0.32479916384212,"zero_inflated_gamma",0.262820512820513
"K04508",0.595733569183177,7.02678014924554,0.453660476681787,"zero_inflated_gamma",0.0384615384615385
"K04515",0.704465382964455,1.8631279008615,0.0847673133303387,"zero_inflated_gamma",0.032051282051282
"K04516",157.540536597687,3.01576506071839,0.0188973674356363,"zero_inflated_gamma",0.987179487179487
"K04517",497.844655255049,16.3812573897208,0.0329043552377369,"gamma_mle",1
"K04518",118.964128615648,2.96205369311525,0.0248987129783056,"gamma_mle",1
"K04520",0,-1,-1,"zero",0
"K04523",0,-1,-1,"zero",0
"K04525",0.912524441148116,2.02505262819094,0.184931359723643,"zero_inflated_gamma",0.0833333333333333
"K04536",0,-1,-1,"zero",0
"K04557",0,-1,-1,"zero",0
"K04561",0.895196005682518,1.50735377281127,0.0755562679720014,"zero_inflated_gamma",0.0448717948717949
"K04562",17.5426738555943,1.59351384447177,0.0576461951937219,"zero_inflated_gamma",0.634615384615385
"K04564",134.088294644929,2.92450170106732,0.0213908402022293,"zero_inflated_gamma",0.980769230769231
"K04565",21.7382421858729,1.16196340982466,0.0380335102498731,"zero_inflated_gamma",0.711538461538462
"K04566",3.37379850541163,1.41154324268972,0.144825223464229,"zero_inflated_gamma",0.346153846153846
"K04567",979.618262737507,47.9839031440659,0.0489822464211485,"gamma_mle",1
"K04568",4.79117549877504,0.668379436748886,0.0339813007601045,"zero_inflated_gamma",0.243589743589744
"K04575",1.19385280039125,3.28026754529114,0.387486491767396,"zero_inflated_gamma",0.141025641025641
"K04612",0,-1,-1,"zero",0
"K04618",2.17802686314169,2.05173304298191,0.22342653306935,"zero_inflated_gamma",0.237179487179487
"K04630",0,-1,-1,"zero",0
"K04646",0,-1,-1,"zero",0
"K04651",261.881912384599,4.45446494722589,0.0170094410364778,"gamma_mle",1
"K04652",191.11275266806,5.69951347611746,0.0296316078035762,"zero_inflated_gamma",0.993589743589744
"K04653",170.804347333941,2.6200575328237,0.0149462037137289,"zero_inflated_gamma",0.974358974358974
"K04654",129.598223243441,2.97624377097152,0.0229651587536109,"gamma_mle",1
"K04655",231.469479594532,4.87248428233686,0.0210502235148757,"gamma_mle",1
"K04656",167.833995814383,3.36993879123585,0.0200789999361205,"gamma_mle",1
"K04659",0,-1,-1,"zero",0
"K04679",0,-1,-1,"zero",0
"K04691",7.17620761444362,0.69728195786293,0.0498286156732776,"zero_inflated_gamma",0.512820512820513
"K04705",0,-1,-1,"zero",0
"K04708",4.27908006984268,0.820897385091748,0.0393517308509953,"zero_inflated_gamma",0.205128205128205
"K04712",1.09182664684459,-1,-1,"mean_only",0.00641025641025641
"K04713",0,-1,-1,"zero",0
"K04715",2.12616347012462,1.42809734450287,0.12916885675587,"zero_inflated_gamma",0.192307692307692
"K04718",44.6190470653245,1.75072098130893,0.036721879671254,"zero_inflated_gamma",0.935897435897436
"K04719",60.3297781909455,1.93135924780608,0.0307820823397665,"zero_inflated_gamma",0.961538461538462
"K04720",428.268564758402,8.34038425294458,0.0194746589856522,"gamma_mle",1
"K04733",0.847592550117079,1.71454249836854,0.233404395434463,"zero_inflated_gamma",0.115384615384615
"K04734",1.07576169366159,1.32974020355525,0.0871603189204734,"zero_inflated_gamma",0.0705128205128205
"K04739",0.210865533671808,-1,-1,"mean_only",0.00641025641025641
"K04744",30.1749497967865,0.903582685280184,0.0272574415868815,"zero_inflated_gamma",0.91025641025641
"K04748",10.3509877025823,2.41315975707533,0.156916633547938,"zero_inflated_gamma",0.673076923076923
"K04749",79.2806521164995,1.69995200207435,0.0207549549234823,"zero_inflated_gamma",0.967948717948718
"K04750",2.68769646821141,1.13224675834308,0.056709466510296,"zero_inflated_gamma",0.134615384615385
"K04751",352.54762063705,4.23095198138156,0.0120010793825137,"gamma_mle",1
"K04752",7.14895013841064,1.23523267913671,0.0465190885296757,"zero_inflated_gamma",0.269230769230769
"K04753",4.41209889668376,0.643270228497832,0.0327108371958556,"zero_inflated_gamma",0.224358974358974
"K04754",8.28936394319865,1.58278969363027,0.112606960211531,"zero_inflated_gamma",0.58974358974359
"K04755",7.09162585501445,1.30969702778598,0.0485382691528796,"zero_inflated_gamma",0.262820512820513
"K04756",0,-1,-1,"zero",0
"K04757",30.2038385792931,1.2611435828472,0.0323864365621007,"zero_inflated_gamma",0.775641025641026
"K04758",1143.7113313648,15.4867123983953,0.0135407527876067,"gamma_mle",1
"K04759",1410.13755450111,35.5360686963437,0.0252004271377029,"gamma_mle",1
"K04760",5.78331748277924,1.0071862271032,0.0580512384747026,"zero_inflated_gamma",0.333333333333333
"K04761",493.017320124395,12.1407499164356,0.0246254024369211,"gamma_mle",1
"K04762",501.682798237273,11.4124241767279,0.0227482867996012,"gamma_mle",1
"K04763",2543.04515371996,12.8385408485217,0.00504849110907116,"gamma_mle",1
"K04764",17.6246846070092,1.9501494527728,0.0737658383211484,"zero_inflated_gamma",0.666666666666667
"K04765",14.7415594778963,1.36297418592227,0.0568971923520422,"zero_inflated_gamma",0.615384615384615
"K04766",0,-1,-1,"zero",0
"K04767",45.0610641205412,1.80126400706699,0.037923904533472,"zero_inflated_gamma",0.948717948717949
"K04768",12.3709591156306,1.51483117738869,0.0792789042166788,"zero_inflated_gamma",0.647435897435897
"K04769",336.270719384408,8.35414824821512,0.0248435197197918,"gamma_mle",1
"K04770",7.85308315826627,0.808044076090167,0.0699159271713413,"zero_inflated_gamma",0.67948717948718
"K04771",752.520034033103,15.4958393733239,0.0205919293474149,"gamma_mle",1
"K04772",16.4118579281317,1.1007524291623,0.0524526139707716,"zero_inflated_gamma",0.782051282051282
"K04773",178.149496023917,3.23471277831516,0.0181572940171601,"gamma_mle",1
"K04774",2.91892377190586,0.721413507320527,0.0411917521487433,"zero_inflated_gamma",0.166666666666667
"K04775",1.30220354996958,1.22975838692939,0.0786972709296052,"zero_inflated_gamma",0.0833333333333333
"K04780",8.20573997172022,1.74667487034253,0.13917777676713,"zero_inflated_gamma",0.653846153846154
"K04781",2.5747153541743,0.883005406438873,0.0461667004131231,"zero_inflated_gamma",0.134615384615385
"K04782",2.04175100376026,1.49882203501379,0.0705852491813606,"zero_inflated_gamma",0.0961538461538462
"K04783",11.1639832709738,0.981893332861947,0.0591983817273152,"zero_inflated_gamma",0.673076923076923
"K04784",22.2704213077363,0.683037570632638,0.0279177173401001,"zero_inflated_gamma",0.91025641025641
"K04785",1.45401920819826,0.817818868061464,0.0901368532798778,"zero_inflated_gamma",0.16025641025641
"K04786",5.94670870776482,0.444246991916192,0.0344790846950961,"zero_inflated_gamma",0.461538461538462
"K04788",1.64114686069173,2.1614633119757,0.168851848460244,"zero_inflated_gamma",0.128205128205128
"K04789",0.113290178410168,12.3142134345753,1.39354120037589,"zero_inflated_gamma",0.0128205128205128
"K04792",0.450869013814753,2.73551692306272,0.233354225118239,"zero_inflated_gamma",0.0384615384615385
"K04794",46.7378374379066,1.98769278974837,0.0373487969693182,"zero_inflated_gamma",0.878205128205128
"K04795",0.210193559650718,2.50860292722166,0.306018662450597,"zero_inflated_gamma",0.0256410256410256
"K04796",0.0817743616666269,-1,-1,"mean_only",0.00641025641025641
"K04797",0.587500866392982,13.1169680975775,0.71560004112727,"zero_inflated_gamma",0.032051282051282
"K04798",0,-1,-1,"zero",0
"K04799",0.201363540859924,2.08780767989219,0.132927564804012,"zero_inflated_gamma",0.0128205128205128
"K04800",0.246928205017205,11.8280724207746,1.22822708002863,"zero_inflated_gamma",0.0256410256410256
"K04801",0.650031114430491,15.8020250516825,0.779155259908809,"zero_inflated_gamma",0.032051282051282
"K04802",0.647155040682031,2.7065859533266,0.160857063917205,"zero_inflated_gamma",0.0384615384615385
"K04835",18.9088156179944,1.4503347621586,0.0511343418314858,"zero_inflated_gamma",0.666666666666667
"K04844",8.07194259967362,0.879991687686781,0.0573046360971348,"zero_inflated_gamma",0.525641025641026
"K04882",19.3807215504597,1.04441897303933,0.0400717400712131,"zero_inflated_gamma",0.743589743589744
"K04883",0,-1,-1,"zero",0
"K04884",0.193260749288558,-1,-1,"mean_only",0.00641025641025641
"K04940",33.3801165205792,1.62184544201415,0.043292415523003,"zero_inflated_gamma",0.891025641025641
"K04960",0,-1,-1,"zero",0
"K04961",0.610380586308229,2.61555478331459,0.549374511320139,"zero_inflated_gamma",0.128205128205128
"K04962",8.35326401358641,1.5513825498287,0.0761935256436244,"zero_inflated_gamma",0.41025641025641
"K04963",0,-1,-1,"zero",0
"K04975",0.368140648531458,-1,-1,"mean_only",0.00641025641025641
"K04981",0,-1,-1,"zero",0
"K04984",0.461834049221015,4.80829650318549,0.26695661382219,"zero_inflated_gamma",0.0256410256410256
"K04990",6.65599388627513,1.74761121554581,0.0807883145699785,"zero_inflated_gamma",0.307692307692308
"K05012",0.239187851863282,2.62809589477352,0.281732845961927,"zero_inflated_gamma",0.0256410256410256
"K05020",9.00549111761628,1.88705491861773,0.127607483523766,"zero_inflated_gamma",0.608974358974359
"K05021",0,-1,-1,"zero",0
"K05027",0,-1,-1,"zero",0
"K05030",0.710700819964378,-1,-1,"mean_only",0.00641025641025641
"K05031",0.879800254925337,0.85035808548036,0.037174438206498,"zero_inflated_gamma",0.0384615384615385
"K05039",0,-1,-1,"zero",0
"K05048",0,-1,-1,"zero",0
"K05094",0,-1,-1,"zero",0
"K05109",0.357764875316336,1.64814101167555,0.0885917585600717,"zero_inflated_gamma",0.0192307692307692
"K05119",0,-1,-1,"zero",0
"K05132",0,-1,-1,"zero",0
"K05166",0,-1,-1,"zero",0
"K05218",0,-1,-1,"zero",0
"K05236",0,-1,-1,"zero",0
"K05245",2.03448535177175,0.666710533138671,0.0609194745434549,"zero_inflated_gamma",0.185897435897436
"K05275",341.133896012306,4.05643203009792,0.0118910260091879,"gamma_mle",1
"K05281",5.3984676595803,1.30934015037133,0.119714872783694,"zero_inflated_gamma",0.493589743589744
"K05285",1.26513310663539,3.52396433963193,0.285687124988353,"zero_inflated_gamma",0.102564102564103
"K05286",2.85114023538258,2.73843570215648,0.252431313842475,"zero_inflated_gamma",0.262820512820513
"K05288",1.9230433674805,1.87254938992189,0.0374516412887611,"zero_inflated_gamma",0.0384615384615385
"K05290",1.12116772220735,1.46874517201968,0.0587826698649977,"zero_inflated_gamma",0.0448717948717949
"K05296",4.53672500266393,1.21194043219237,0.0958963877038836,"zero_inflated_gamma",0.358974358974359
"K05297",234.80147700978,3.27069949705771,0.013572467464746,"zero_inflated_gamma",0.974358974358974
"K05299",5.51947966640064,1.84907863871095,0.167504796690081,"zero_inflated_gamma",0.5
"K05301",0,-1,-1,"zero",0
"K05303",15.7600718172531,1.22399819939185,0.0552612834395651,"zero_inflated_gamma",0.711538461538462
"K05304",0,-1,-1,"zero",0
"K05305",116.875093619059,1.90697421908722,0.0162117519370794,"zero_inflated_gamma",0.993589743589744
"K05306",87.2051243132065,1.84043712188239,0.0202929712292729,"zero_inflated_gamma",0.961538461538462
"K05308",0.473508488993365,5.33879786523553,0.361377504672031,"zero_inflated_gamma",0.032051282051282
"K05309",1.9259667080792,3.47806246569611,0.18521833942383,"zero_inflated_gamma",0.102564102564103
"K05310",20.895058463016,1.35752073900419,0.0503922389206939,"zero_inflated_gamma",0.775641025641026
"K05311",12.7691291428443,1.60752927289506,0.0823139010123135,"zero_inflated_gamma",0.653846153846154
"K05337",277.767684238095,2.93575277322523,0.0105690940300628,"gamma_mle",1
"K05338",0.203685109155675,5.53443644640466,0.522529460127699,"zero_inflated_gamma",0.0192307692307692
"K05339",348.144312019923,9.8899647939057,0.0284076586991309,"gamma_mle",1
"K05340",62.5098382134221,1.87144879995138,0.0285950753413258,"zero_inflated_gamma",0.955128205128205
"K05341",237.712095341088,4.11998308620382,0.0173318193182056,"gamma_mle",1
"K05342",13.3505932292659,1.14621721323783,0.0594381822704717,"zero_inflated_gamma",0.692307692307692
"K05343",202.125003508215,3.86663736447293,0.0191299309702462,"gamma_mle",1
"K05346",13.8430898002591,1.25013119153503,0.0434169408699256,"zero_inflated_gamma",0.480769230769231
"K05349",2722.17639210773,15.2857183741109,0.00561525638765659,"gamma_mle",1
"K05350",325.313280856935,3.30573903727104,0.0101617094407063,"gamma_mle",1
"K05351",57.0043880896427,1.25364273202172,0.0186086484734274,"zero_inflated_gamma",0.846153846153846
"K05352",23.5918374066686,1.42716393875766,0.0496360791463081,"zero_inflated_gamma",0.82051282051282
"K05356",0,-1,-1,"zero",0
"K05358",2.08525991243297,0.717117918929192,0.0176358245197824,"zero_inflated_gamma",0.0512820512820513
"K05359",0.645571895499823,3.94376870761545,0.352439626528178,"zero_inflated_gamma",0.0576923076923077
"K05362",4.82508873889845,0.946908935226639,0.038997790799987,"zero_inflated_gamma",0.198717948717949
"K05363",15.484817636678,1.62812474350121,0.0768354845578912,"zero_inflated_gamma",0.730769230769231
"K05364",347.577577356752,5.66642984112107,0.0163026334558546,"gamma_mle",1
"K05365",5.06633912194153,0.47836600648721,0.0314734824609668,"zero_inflated_gamma",0.333333333333333
"K05366",877.642003084748,35.6713152058167,0.0406444940880663,"gamma_mle",1
"K05367",53.6446250195273,1.55210977426586,0.0281913069053186,"zero_inflated_gamma",0.974358974358974
"K05368",5.25621059371354,0.64530213465069,0.0251834789124717,"zero_inflated_gamma",0.205128205128205
"K05372",8.70457829508592,1.08364587851287,0.0774081669736191,"zero_inflated_gamma",0.621794871794872
"K05373",5.144330459127,1.49018383186898,0.139266818149543,"zero_inflated_gamma",0.480769230769231
"K05374",1.64395267948834,0.571458311178113,0.0356525522723821,"zero_inflated_gamma",0.102564102564103
"K05375",4.59451251893228,0.908822040012473,0.0215557796009976,"zero_inflated_gamma",0.108974358974359
"K05396",44.5837634707063,1.91447908343061,0.0412895890616987,"zero_inflated_gamma",0.961538461538462
"K05499",177.58641933455,1.57768127092186,0.00888401983008455,"gamma_mle",1
"K05501",4.03210137561402,1.10489786830068,0.0632366122261702,"zero_inflated_gamma",0.230769230769231
"K05515",737.874094971335,19.850647554434,0.0269024860605862,"gamma_mle",1
"K05516",138.193953352545,3.07590063426021,0.0222578525300113,"gamma_mle",1
"K05517",4.18179145073309,0.636174060998891,0.026330114812334,"zero_inflated_gamma",0.173076923076923
"K05518",0,-1,-1,"zero",0
"K05520",67.9855419816204,2.10392610983792,0.0295580370537478,"zero_inflated_gamma",0.955128205128205
"K05521",52.4671217963772,1.53354303036467,0.0271676535154307,"zero_inflated_gamma",0.92948717948718
"K05522",3.83286729669969,0.568660229823114,0.0256784165052485,"zero_inflated_gamma",0.173076923076923
"K05523",1.24797539657639,1.33964689907489,0.151384845573343,"zero_inflated_gamma",0.141025641025641
"K05524",238.649394828188,3.80994568610725,0.015964614906525,"gamma_mle",1
"K05525",0,-1,-1,"zero",0
"K05526",2.34159969032894,0.587403878116151,0.0450254011128983,"zero_inflated_gamma",0.179487179487179
"K05527",7.97428767198852,0.940415957599023,0.0294827574663015,"zero_inflated_gamma",0.25
"K05528",0.11378026929241,-1,-1,"mean_only",0.00641025641025641
"K05539",42.5916891606108,2.47991110999496,0.0559858028749404,"zero_inflated_gamma",0.961538461538462
"K05540",722.57990477385,40.9334644844525,0.0566490490726609,"gamma_mle",1
"K05541",123.774641327692,4.76971223819474,0.0380414116396342,"zero_inflated_gamma",0.987179487179487
"K05542",2.50239145567451,1.9400827148491,0.233581400168678,"zero_inflated_gamma",0.301282051282051
"K05544",5.37676782999205,1.6461299989279,0.153078024844745,"zero_inflated_gamma",0.5
"K05545",6.32286064491657,1.50781129382519,0.114648940817682,"zero_inflated_gamma",0.480769230769231
"K05546",1.64291016667947,1.07600032927536,0.0797677954724715,"zero_inflated_gamma",0.121794871794872
"K05548",5.40792320550927,1.24139347068726,0.111832474584933,"zero_inflated_gamma",0.487179487179487
"K05549",0.180718266419387,4.69235131712151,0.332884723893373,"zero_inflated_gamma",0.0128205128205128
"K05550",0,-1,-1,"zero",0
"K05551",0.383269811998456,0.973688571278239,0.0651404646046569,"zero_inflated_gamma",0.0256410256410256
"K05554",1.06457244314329,1.56466564419833,0.0753722908401853,"zero_inflated_gamma",0.0512820512820513
"K05555",0,-1,-1,"zero",0
"K05556",0.111518739309006,-1,-1,"mean_only",0.00641025641025641
"K05557",3.02598084983726,0.940318076570359,0.0517913652483365,"zero_inflated_gamma",0.166666666666667
"K05558",0,-1,-1,"zero",0
"K05559",1.21951749043299,2.31371211241157,0.158102974507162,"zero_inflated_gamma",0.0833333333333333
"K05560",0,-1,-1,"zero",0
"K05561",0.372899942512302,329.742465038885,11.3367341169785,"zero_inflated_gamma",0.0128205128205128
"K05562",0,-1,-1,"zero",0
"K05563",0,-1,-1,"zero",0
"K05565",0.930732540799616,0.979614883220812,0.0337346246610968,"zero_inflated_gamma",0.032051282051282
"K05566",60.2395280157395,1.33809400971541,0.0197922545549781,"zero_inflated_gamma",0.891025641025641
"K05567",33.5276583021206,1.97290604852886,0.0452647191657255,"zero_inflated_gamma",0.769230769230769
"K05568",86.8415284916603,1.5930952199737,0.0178744737863386,"zero_inflated_gamma",0.974358974358974
"K05569",22.8246228952816,1.72531594294525,0.0581462447834022,"zero_inflated_gamma",0.769230769230769
"K05570",30.0315506187781,1.90208529417651,0.0479081764157261,"zero_inflated_gamma",0.756410256410256
"K05571",27.8619867907071,1.78211434664192,0.0496117168535864,"zero_inflated_gamma",0.775641025641026
"K05572",0,-1,-1,"zero",0
"K05573",0,-1,-1,"zero",0
"K05575",0,-1,-1,"zero",0
"K05576",0,-1,-1,"zero",0
"K05577",0.200288412899052,-1,-1,"mean_only",0.00641025641025641
"K05578",0,-1,-1,"zero",0
"K05579",2.40204226497146,0.810445180939782,0.0410933930467312,"zero_inflated_gamma",0.121794871794872
"K05580",0,-1,-1,"zero",0
"K05587",5.24372046004603,1.68723012425457,0.107254009000558,"zero_inflated_gamma",0.333333333333333
"K05588",0,-1,-1,"zero",0
"K05589",7.92734809183825,1.24959443111783,0.0525436088101296,"zero_inflated_gamma",0.333333333333333
"K05590",4.88814923906475,0.792964241135165,0.0519941583331583,"zero_inflated_gamma",0.320512820512821
"K05591",53.4762878873438,1.93828807828211,0.0346193366512476,"zero_inflated_gamma",0.955128205128205
"K05592",517.250050276617,10.5014408514278,0.0203024452985782,"gamma_mle",1
"K05593",82.9116453002565,2.40357212014345,0.0286178990221388,"zero_inflated_gamma",0.987179487179487
"K05594",6.25309813459679,0.759335489878662,0.0217957534695919,"zero_inflated_gamma",0.179487179487179
"K05595",120.874196125065,1.57701541962639,0.0127122179594527,"zero_inflated_gamma",0.974358974358974
"K05596",4.08767143268199,0.772849756668097,0.0472671158504181,"zero_inflated_gamma",0.25
"K05597",0,-1,-1,"zero",0
"K05599",0,-1,-1,"zero",0
"K05601",675.44269567105,13.9847204497619,0.0207045254014749,"gamma_mle",1
"K05602",0.632260613313824,5.86835811340814,0.118994223021396,"zero_inflated_gamma",0.0128205128205128
"K05603",1.40687201604694,0.677226252961536,0.0246856508892037,"zero_inflated_gamma",0.0512820512820513
"K05604",9.80171091087739,1.27993540511113,0.0694767759857597,"zero_inflated_gamma",0.532051282051282
"K05605",0.324993839943354,508.403008269228,20.0557256304889,"zero_inflated_gamma",0.0128205128205128
"K05606",115.201454089341,2.42877191827137,0.0201367993251655,"zero_inflated_gamma",0.955128205128205
"K05607",0,-1,-1,"zero",0
"K05612",3.42986401789919,1.75626028046609,0.128012384113541,"zero_inflated_gamma",0.25
"K05613",102.776126184803,2.69205646460952,0.0261934027341028,"gamma_mle",1
"K05614",84.0611700874809,2.5046180503054,0.0294131946998582,"zero_inflated_gamma",0.987179487179487
"K05615",1.98444583193027,3.6098133643164,0.431442203554341,"zero_inflated_gamma",0.237179487179487
"K05616",15.5022004225876,1.59538728213067,0.0857613348772353,"zero_inflated_gamma",0.833333333333333
"K05617",3.26774051608179,0.873673146790581,0.0359911829303902,"zero_inflated_gamma",0.134615384615385
"K05618",6.66837913842072,0.918393961568585,0.0441422169996775,"zero_inflated_gamma",0.320512820512821
"K05633",0,-1,-1,"zero",0
"K05641",0,-1,-1,"zero",0
"K05643",0,-1,-1,"zero",0
"K05644",0,-1,-1,"zero",0
"K05648",0,-1,-1,"zero",0
"K05653",0.834048467529947,1.56217105572076,0.0840447790456978,"zero_inflated_gamma",0.0448717948717949
"K05654",0,-1,-1,"zero",0
"K05655",1.29595352536237,1.9385177737882,0.134240572981088,"zero_inflated_gamma",0.0897435897435897
"K05656",0.596687960473882,2.48519333374684,0.320383065595462,"zero_inflated_gamma",0.0769230769230769
"K05657",0.688125861584412,1.13584831190828,0.0423241114974185,"zero_inflated_gamma",0.0256410256410256
"K05658",0.78418958157524,0.479527829029723,0.0156793531164208,"zero_inflated_gamma",0.0256410256410256
"K05661",0,-1,-1,"zero",0
"K05662",0.495313162339174,4.1236535256291,1.17408727656882,"zero_inflated_gamma",0.141025641025641
"K05663",0.253183913394302,3.70201005324549,0.187459253287493,"zero_inflated_gamma",0.0128205128205128
"K05665",0,-1,-1,"zero",0
"K05666",0,-1,-1,"zero",0
"K05667",0,-1,-1,"zero",0
"K05668",0,-1,-1,"zero",0
"K05673",0,-1,-1,"zero",0
"K05674",0,-1,-1,"zero",0
"K05677",0,-1,-1,"zero",0
"K05685",13.3071489297357,0.975957723352079,0.0493640392059566,"zero_inflated_gamma",0.673076923076923
"K05687",0,-1,-1,"zero",0
"K05692",0.22641782110252,1.67955617138683,0.0951019284753494,"zero_inflated_gamma",0.0128205128205128
"K05694",0,-1,-1,"zero",0
"K05698",0.820905898644174,1.95488013534388,0.137386692501676,"zero_inflated_gamma",0.0576923076923077
"K05699",0,-1,-1,"zero",0
"K05708",1.44317944782185,0.903683834480695,0.0963347159894989,"zero_inflated_gamma",0.153846153846154
"K05709",2.18768318905972,0.667858812165929,0.0332678361771569,"zero_inflated_gamma",0.108974358974359
"K05710",3.83518884325415,0.875612947791636,0.0307340729644928,"zero_inflated_gamma",0.134615384615385
"K05711",1.63918847863424,0.75837356858424,0.0563486217492789,"zero_inflated_gamma",0.121794871794872
"K05712",3.63202993539634,0.580671970511722,0.0348446223662458,"zero_inflated_gamma",0.217948717948718
"K05713",3.58096887219319,0.688688459293745,0.0382172431040318,"zero_inflated_gamma",0.198717948717949
"K05714",5.3219196839847,0.943493248077772,0.0625041094259374,"zero_inflated_gamma",0.352564102564103
"K05715",0.100179343936617,2281.71866333863,292.004341679901,"zero_inflated_gamma",0.0128205128205128
"K05716",0,-1,-1,"zero",0
"K05727",0,-1,-1,"zero",0
"K05739",0,-1,-1,"zero",0
"K05765",0,-1,-1,"zero",0
"K05767",0.386521498577117,-1,-1,"mean_only",0.00641025641025641
"K05768",0,-1,-1,"zero",0
"K05770",55.9105285584465,1.8390789919639,0.0299412916415748,"zero_inflated_gamma",0.91025641025641
"K05772",10.9270664201961,1.61068465914555,0.0897647749262421,"zero_inflated_gamma",0.608974358974359
"K05773",6.85448743106987,1.42875646525812,0.104220518282803,"zero_inflated_gamma",0.5
"K05774",5.13310970634903,1.05297921779358,0.0512836895191997,"zero_inflated_gamma",0.25
"K05775",3.69949968840892,0.677428034462946,0.032866511002084,"zero_inflated_gamma",0.179487179487179
"K05776",66.3249327606321,1.70634129851644,0.0245725797818752,"zero_inflated_gamma",0.955128205128205
"K05777",2.14448718718726,0.66030827242727,0.0532920526439923,"zero_inflated_gamma",0.173076923076923
"K05778",4.09330492472663,0.518833846579611,0.0308754431878657,"zero_inflated_gamma",0.243589743589744
"K05779",4.11963302391947,1.18376022517748,0.0644686622487275,"zero_inflated_gamma",0.224358974358974
"K05780",15.9438942430586,1.1343644440779,0.0487997255692406,"zero_inflated_gamma",0.685897435897436
"K05781",21.9254402989771,1.18598058654479,0.0405686466396795,"zero_inflated_gamma",0.75
"K05782",3.70864493877416,0.809043293539637,0.0461472522872341,"zero_inflated_gamma",0.211538461538462
"K05783",0.843442653524068,1.89081531824519,0.0574816128340199,"zero_inflated_gamma",0.0256410256410256
"K05784",0.897517143304276,2.59806856584045,0.129891669054981,"zero_inflated_gamma",0.0448717948717949
"K05785",26.5644031294427,1.34717254470683,0.0364096568108464,"zero_inflated_gamma",0.717948717948718
"K05786",64.7805488126489,1.47466122248007,0.0221802597013824,"zero_inflated_gamma",0.974358974358974
"K05787",6.13947402873074,0.851122261944454,0.0239938505432641,"zero_inflated_gamma",0.173076923076923
"K05788",12.0644656959093,1.74388244711345,0.0602279209549781,"zero_inflated_gamma",0.416666666666667
"K05789",1.56351496009173,0.955234835149678,0.0626618907434995,"zero_inflated_gamma",0.102564102564103
"K05790",4.00453211160809,0.579790105757284,0.0278429774449335,"zero_inflated_gamma",0.192307692307692
"K05791",4.22046299202384,1.35559178603737,0.0597093346450906,"zero_inflated_gamma",0.185897435897436
"K05792",5.37197843452166,1.65738633657161,0.106796902102267,"zero_inflated_gamma",0.346153846153846
"K05793",0.333115749362743,2.61566492329116,0.151002312622736,"zero_inflated_gamma",0.0192307692307692
"K05794",78.221479661405,1.49458847145171,0.0182497647746151,"zero_inflated_gamma",0.955128205128205
"K05795",47.5150370662105,1.55315238884192,0.0284968795419763,"zero_inflated_gamma",0.871794871794872
"K05796",49.5718931235702,1.30658810129445,0.0229782793127805,"zero_inflated_gamma",0.871794871794872
"K05797",0,-1,-1,"zero",0
"K05798",4.80174546666763,0.597709351638044,0.0271297151837324,"zero_inflated_gamma",0.217948717948718
"K05799",425.377607707757,9.28384693915415,0.0218249545131965,"gamma_mle",1
"K05800",5.86306920649707,0.94376382227934,0.0423055711977681,"zero_inflated_gamma",0.262820512820513
"K05801",65.955932478676,1.45800564242027,0.0208304223842916,"zero_inflated_gamma",0.942307692307692
"K05802",36.0289836488406,0.776060966556161,0.0187783806903364,"zero_inflated_gamma",0.871794871794872
"K05803",5.12638078399041,0.841519128377801,0.0473522964144147,"zero_inflated_gamma",0.288461538461538
"K05804",19.7675204811747,1.294105287164,0.0524569249876955,"zero_inflated_gamma",0.801282051282051
"K05805",6.14866420322754,1.26074202043051,0.0722908853543528,"zero_inflated_gamma",0.352564102564103
"K05807",108.039808485589,2.18701589925475,0.0194641209810185,"zero_inflated_gamma",0.961538461538462
"K05808",401.259843537329,12.6518231831298,0.031530250003581,"gamma_mle",1
"K05809",2.42949884383795,0.932474525844673,0.0270637745065948,"zero_inflated_gamma",0.0705128205128205
"K05810",365.925241182551,9.7925261082505,0.0267610019921125,"gamma_mle",1
"K05811",8.63880854668979,1.230456369825,0.0346953575836436,"zero_inflated_gamma",0.243589743589744
"K05812",3.50310893721246,0.838855090392689,0.0537250399829328,"zero_inflated_gamma",0.224358974358974
"K05813",48.5326630524552,1.51172095906824,0.0307491867800147,"zero_inflated_gamma",0.987179487179487
"K05814",43.7924596365325,1.66055565201858,0.0359742057192155,"zero_inflated_gamma",0.948717948717949
"K05815",54.2394890504521,1.70308273852489,0.0301916479108183,"zero_inflated_gamma",0.961538461538462
"K05816",12.7189720581285,1.12278942165798,0.0582852851338714,"zero_inflated_gamma",0.66025641025641
"K05817",72.785578439176,3.0092012376855,0.0413433718906304,"gamma_mle",1
"K05818",3.42332986792842,0.569668376865292,0.0213343177865059,"zero_inflated_gamma",0.128205128205128
"K05819",3.92891672024193,0.793951315695952,0.0375659562990647,"zero_inflated_gamma",0.185897435897436
"K05820",72.1326747254327,2.38361218311426,0.0326211811986485,"zero_inflated_gamma",0.987179487179487
"K05821",0,-1,-1,"zero",0
"K05822",23.3705955208689,1.61416689547184,0.0575569021490579,"zero_inflated_gamma",0.833333333333333
"K05823",21.0226572811358,1.3521861847644,0.0503018683711281,"zero_inflated_gamma",0.782051282051282
"K05824",1.00144206449526,-1,-1,"mean_only",0.00641025641025641
"K05825",178.273965418136,2.75071761368648,0.0154297213686516,"gamma_mle",1
"K05827",0.0830605190800109,-1,-1,"mean_only",0.00641025641025641
"K05828",0.408120896588504,1.35607842961217,0.0638987896887566,"zero_inflated_gamma",0.0192307692307692
"K05829",0,-1,-1,"zero",0
"K05830",0.895854545206907,2.52764270354552,0.126605223481328,"zero_inflated_gamma",0.0448717948717949
"K05831",4.35410742661049,1.35238184327767,0.0856138541876872,"zero_inflated_gamma",0.275641025641026
"K05832",670.971811638471,13.5496246846104,0.0201940296888525,"gamma_mle",1
"K05833",602.230726653201,9.97546046897891,0.0165641838376728,"gamma_mle",1
"K05834",13.8877565489099,1.32184218453381,0.0579624213714294,"zero_inflated_gamma",0.608974358974359
"K05835",4.80395663016238,0.944151212957969,0.0466143468288748,"zero_inflated_gamma",0.237179487179487
"K05836",15.3554896408609,0.940761003860214,0.0345599982089204,"zero_inflated_gamma",0.564102564102564
"K05837",503.478744419041,15.487806061239,0.03076158871237,"gamma_mle",1
"K05838",77.7515431322558,1.15377223707079,0.0137928645426542,"zero_inflated_gamma",0.92948717948718
"K05839",14.7176955950938,0.608303271262191,0.008478240183825,"zero_inflated_gamma",0.205128205128205
"K05841",7.6137520867135,1.38839368803405,0.0946835035371163,"zero_inflated_gamma",0.519230769230769
"K05843",0,-1,-1,"zero",0
"K05844",27.7480467157635,1.17016028603147,0.034601769507557,"zero_inflated_gamma",0.82051282051282
"K05845",59.016477425419,1.63326975891336,0.0264329909438004,"zero_inflated_gamma",0.955128205128205
"K05846",77.2143593768709,1.53278126896392,0.0195964874832255,"zero_inflated_gamma",0.987179487179487
"K05847",62.7204431810641,1.89734150699206,0.0300568517348036,"zero_inflated_gamma",0.993589743589744
"K05849",0,-1,-1,"zero",0
"K05850",0.425837442893874,49.23788998623,3.70596227714047,"zero_inflated_gamma",0.032051282051282
"K05851",5.4296679644249,0.522242012553525,0.0320610158837978,"zero_inflated_gamma",0.333333333333333
"K05853",1.21761861014336,1.65382698553781,0.296028221155819,"zero_inflated_gamma",0.217948717948718
"K05864",0,-1,-1,"zero",0
"K05869",0,-1,-1,"zero",0
"K05873",7.88483424555905,2.02088310448844,0.131435903117148,"zero_inflated_gamma",0.512820512820513
"K05874",4.62547157506358,0.47270050037345,0.0268589668972197,"zero_inflated_gamma",0.262820512820513
"K05875",5.19479508460456,0.503206231099044,0.0217330678230248,"zero_inflated_gamma",0.224358974358974
"K05876",3.13385768573392,0.471340605979717,0.0269953534680899,"zero_inflated_gamma",0.179487179487179
"K05877",2.58757900325091,0.690499787132739,0.0581599801050982,"zero_inflated_gamma",0.217948717948718
"K05878",60.7469333370566,2.06269638835424,0.0326495808582521,"zero_inflated_gamma",0.961538461538462
"K05879",47.7898004301525,2.14802925215421,0.0426424443614985,"zero_inflated_gamma",0.948717948717949
"K05880",2.37215275980607,0.682105678391203,0.0645137754200931,"zero_inflated_gamma",0.224358974358974
"K05881",15.8415591688738,1.34728002156337,0.053972252349315,"zero_inflated_gamma",0.634615384615385
"K05882",117.501387865271,3.1929526089109,0.0269995531254456,"zero_inflated_gamma",0.993589743589744
"K05884",57.6680746963439,2.10086085277369,0.0354961152519501,"zero_inflated_gamma",0.974358974358974
"K05886",2.2715325207169,2.92743353230479,0.0991344798011551,"zero_inflated_gamma",0.0769230769230769
"K05887",1.23182835428358,1.27324408210175,0.112638223647345,"zero_inflated_gamma",0.108974358974359
"K05894",0.167142383389464,25.4095359947472,1.94901661312838,"zero_inflated_gamma",0.0128205128205128
"K05895",193.518026316851,3.93942192554558,0.020356873209814,"gamma_mle",1
"K05896",369.556875783329,14.1773089566428,0.0383629960248798,"gamma_mle",1
"K05898",54.058998805425,1.74962273619281,0.03174265493315,"zero_inflated_gamma",0.980769230769231
"K05901",1.72287696522028,1.36564133734858,0.0711354080354941,"zero_inflated_gamma",0.0897435897435897
"K05909",0.563167578615271,0.639784542633372,0.0873881904000784,"zero_inflated_gamma",0.0769230769230769
"K05910",5.67646785902811,1.98584898555624,0.141281073874254,"zero_inflated_gamma",0.403846153846154
"K05916",6.6545945262523,0.834249610746603,0.0458062428830026,"zero_inflated_gamma",0.365384615384615
"K05917",0.250210273235219,-1,-1,"mean_only",0.00641025641025641
"K05919",393.009078127637,4.55571237668298,0.0115918756848752,"gamma_mle",1
"K05921",79.7120825805953,1.45263118058686,0.0175225725554473,"zero_inflated_gamma",0.961538461538462
"K05922",0,-1,-1,"zero",0
"K05925",26.6608964830264,1.28880700844775,0.0359456657265241,"zero_inflated_gamma",0.743589743589744
"K05926",0,-1,-1,"zero",0
"K05928",22.83572609377,1.70095959698684,0.0606398747145436,"zero_inflated_gamma",0.814102564102564
"K05929",1.11935203007082,2.36444645241133,0.189568524195613,"zero_inflated_gamma",0.0897435897435897
"K05931",0,-1,-1,"zero",0
"K05933",0,-1,-1,"zero",0
"K05934",331.102659618864,9.19321747039573,0.0277654594529024,"gamma_mle",1
"K05936",360.23877277198,8.15101515076177,0.022626701418176,"gamma_mle",1
"K05937",1.58184338581715,1.91550754325098,0.100911145841274,"zero_inflated_gamma",0.0833333333333333
"K05939",34.5244705367478,0.63557644106112,0.0158132436950359,"zero_inflated_gamma",0.858974358974359
"K05946",188.414703773974,5.83045828057648,0.0309448156847185,"gamma_mle",1
"K05952",1.36112978414629,1.60833805849894,0.0302979465130684,"zero_inflated_gamma",0.0256410256410256
"K05956",0,-1,-1,"zero",0
"K05962",13.4830038107479,1.06990101630842,0.0615485342340647,"zero_inflated_gamma",0.775641025641026
"K05964",19.3309588456256,1.24544522006902,0.0412996751445532,"zero_inflated_gamma",0.641025641025641
"K05966",66.8263487252232,3.00359719449657,0.0437938318888362,"zero_inflated_gamma",0.974358974358974
"K05967",4.18239841499541,2.26934774078743,0.111301502795731,"zero_inflated_gamma",0.205128205128205
"K05970",500.504405393742,3.56636113763431,0.00712553395974345,"gamma_mle",1
"K05972",0.231059814271556,1.45042598834779,0.160955768422489,"zero_inflated_gamma",0.0256410256410256
"K05973",0.356789075609647,-1,-1,"mean_only",0.00641025641025641
"K05979",9.09738667436801,2.07901046890488,0.120123859115784,"zero_inflated_gamma",0.525641025641026
"K05982",5.95951090586099,0.645858432844994,0.0250094774701863,"zero_inflated_gamma",0.230769230769231
"K05984",2.25544147247988,0.807877974259543,0.0574023425833809,"zero_inflated_gamma",0.16025641025641
"K05985",226.614626064206,4.68002742807552,0.020651921322808,"gamma_mle",1
"K05986",33.6679477993789,1.78625558024034,0.0465932411502975,"zero_inflated_gamma",0.878205128205128
"K05988",59.5087782813875,1.85179606346571,0.0309185573795398,"zero_inflated_gamma",0.993589743589744
"K05989",801.255932960606,4.67038076411769,0.00582882518805301,"gamma_mle",1
"K05991",6.88076190871828,1.44244641489961,0.0873477890260932,"zero_inflated_gamma",0.416666666666667
"K05994",1.7882007519728,1.31940406167504,0.108783939218803,"zero_inflated_gamma",0.147435897435897
"K05995",284.079391127294,4.58011177216037,0.0160192968002879,"zero_inflated_gamma",0.993589743589744
"K05996",0.0325315384914797,-1,-1,"mean_only",0.00641025641025641
"K05997",2.93380733607537,1.11402804436665,0.046248061749356,"zero_inflated_gamma",0.121794871794872
"K05998",0,-1,-1,"zero",0
"K06001",248.699450214242,4.45836940932524,0.0179267360884175,"gamma_mle",1
"K06006",5.96372495348211,0.681458610751711,0.0249044065088431,"zero_inflated_gamma",0.217948717948718
"K06009",0,-1,-1,"zero",0
"K06012",310.611805666634,7.25239806613921,0.0233487521524629,"gamma_mle",1
"K06013",4.96741601874486,1.49646727826245,0.0849698339718213,"zero_inflated_gamma",0.282051282051282
"K06015",84.9748907604032,2.09864299588608,0.0242222668168883,"zero_inflated_gamma",0.980769230769231
"K06016",43.7221269123711,1.63775905455319,0.0360176513105582,"zero_inflated_gamma",0.961538461538462
"K06019",31.7779375536953,1.56484779226461,0.0438769666802368,"zero_inflated_gamma",0.891025641025641
"K06020",270.52691139977,5.46326894851881,0.020194918576679,"gamma_mle",1
"K06022",0,-1,-1,"zero",0
"K06023",377.958645012604,9.15830813563183,0.0242309793848648,"gamma_mle",1
"K06024",358.664036333445,11.8060964222431,0.0329168671131196,"gamma_mle",1
"K06027",12.3575229395773,1.17660873973443,0.0610345920709603,"zero_inflated_gamma",0.641025641025641
"K06030",0,-1,-1,"zero",0
"K06039",2.57229979878431,0.943552986548445,0.0352704800387029,"zero_inflated_gamma",0.0961538461538462
"K06041",179.51682465677,2.75906668482484,0.0151723608092278,"zero_inflated_gamma",0.987179487179487
"K06042",306.046165584803,7.99579749714347,0.0261261155873815,"gamma_mle",1
"K06044",1.34553464543733,0.585562984360367,0.0167380701203048,"zero_inflated_gamma",0.0384615384615385
"K06045",12.2843643039497,0.940340329700126,0.0368017982685402,"zero_inflated_gamma",0.480769230769231
"K06046",0,-1,-1,"zero",0
"K06048",63.7013540737412,1.03538318944956,0.014899232061798,"zero_inflated_gamma",0.916666666666667
"K06049",0,-1,-1,"zero",0
"K06058",1.386036083852,1.48034630642145,0.123235744864427,"zero_inflated_gamma",0.115384615384615
"K06059",0,-1,-1,"zero",0
"K06063",0.110303137837413,-1,-1,"mean_only",0.00641025641025641
"K06067",0,-1,-1,"zero",0
"K06068",0,-1,-1,"zero",0
"K06073",2.21257967618254,0.673301959864292,0.0448656741117741,"zero_inflated_gamma",0.147435897435897
"K06074",2.61319890874325,0.827605871266026,0.0365425627672579,"zero_inflated_gamma",0.115384615384615
"K06075",224.042783005741,4.09638640990093,0.0182839471771602,"gamma_mle",1
"K06076",122.406145174613,2.03572169522051,0.0164176618441926,"zero_inflated_gamma",0.987179487179487
"K06077",14.9562947312607,0.922078085790386,0.0320113585870356,"zero_inflated_gamma",0.519230769230769
"K06078",6.71555714828162,0.811849748729913,0.024023191698409,"zero_inflated_gamma",0.198717948717949
"K06079",42.2950773065715,1.28522922175961,0.0268809898155491,"zero_inflated_gamma",0.884615384615385
"K06080",3.26715098394935,0.865704041998563,0.0475591050221821,"zero_inflated_gamma",0.179487179487179
"K06086",0,-1,-1,"zero",0
"K06100",0.200288412899052,-1,-1,"mean_only",0.00641025641025641
"K06110",0,-1,-1,"zero",0
"K06111",0.322415493935059,-1,-1,"mean_only",0.00641025641025641
"K06113",326.531271514666,3.8848999012563,0.0118974819264188,"gamma_mle",1
"K06115",0,-1,-1,"zero",0
"K06116",0,-1,-1,"zero",0
"K06118",0,-1,-1,"zero",0
"K06119",37.6134440719207,1.60756717658711,0.0402734435459538,"zero_inflated_gamma",0.942307692307692
"K06120",6.0648342391776,1.53727073903531,0.131610896005872,"zero_inflated_gamma",0.519230769230769
"K06121",2.81293539743011,1.30584966264147,0.107130054399168,"zero_inflated_gamma",0.230769230769231
"K06122",0,-1,-1,"zero",0
"K06123",6.41900651015168,1.27298190310711,0.0750035512670098,"zero_inflated_gamma",0.378205128205128
"K06126",0,-1,-1,"zero",0
"K06127",4.00312228924731,2.26903772938484,0.181672112403012,"zero_inflated_gamma",0.320512820512821
"K06131",722.827269881808,15.0845350592155,0.020868796305488,"gamma_mle",1
"K06132",45.4870118907317,1.77635354647332,0.0380505543823892,"zero_inflated_gamma",0.974358974358974
"K06133",166.007774691276,4.21291652482112,0.0253778266268304,"gamma_mle",1
"K06134",0,-1,-1,"zero",0
"K06136",0.647858506816909,1.36564408364692,0.0945868589275199,"zero_inflated_gamma",0.0448717948717949
"K06137",0.504539269001034,41.1827639694072,1.56970186235253,"zero_inflated_gamma",0.0192307692307692
"K06138",0,-1,-1,"zero",0
"K06139",27.6963830238283,2.18753229146694,0.0769574033568606,"zero_inflated_gamma",0.974358974358974
"K06140",6.53327748131989,1.18217007337733,0.0475563062818699,"zero_inflated_gamma",0.262820512820513
"K06141",4.43636710880249,0.620485882280192,0.0331727559401757,"zero_inflated_gamma",0.237179487179487
"K06142",329.871553433222,1.86441869863824,0.00561572308204168,"zero_inflated_gamma",0.993589743589744
"K06143",12.2110057320573,0.967912357682977,0.0558923907227925,"zero_inflated_gamma",0.705128205128205
"K06144",5.07718442900189,0.732327347107901,0.0184921628782642,"zero_inflated_gamma",0.128205128205128
"K06145",7.4045029643267,0.819653380701453,0.0425756194289613,"zero_inflated_gamma",0.384615384615385
"K06146",1.05264750922996,2.65201356512696,0.129198705601863,"zero_inflated_gamma",0.0512820512820513
"K06147",7496.06004423236,34.4658592313271,0.00459786328123744,"gamma_mle",1
"K06148",393.366471333733,7.59634462458124,0.019311113625992,"gamma_mle",1
"K06149",40.0548935125433,1.76757981336071,0.039885768649513,"zero_inflated_gamma",0.903846153846154
"K06151",2.57227414576923,1.69522308353021,0.287272410913256,"zero_inflated_gamma",0.435897435897436
"K06152",3.80905891388872,1.75377827441307,0.138717181318057,"zero_inflated_gamma",0.301282051282051
"K06153",643.55323030653,41.4498616723525,0.0644078216383275,"gamma_mle",1
"K06155",9.55869903508488,0.859032395309079,0.0587606143514385,"zero_inflated_gamma",0.653846153846154
"K06156",5.86211791642911,0.802780988396783,0.0368694976988044,"zero_inflated_gamma",0.269230769230769
"K06157",0,-1,-1,"zero",0
"K06158",859.922971053818,30.0969190341361,0.0349995523404299,"gamma_mle",1
"K06159",4.94623545423158,0.543280084038027,0.0218266002252259,"zero_inflated_gamma",0.198717948717949
"K06160",0.758698301823075,8.15747840527075,0.482458833495274,"zero_inflated_gamma",0.0448717948717949
"K06162",20.1639576318995,1.26492776121633,0.0518746356982842,"zero_inflated_gamma",0.826923076923077
"K06163",21.4993803393904,1.06350359180965,0.0412222575341369,"zero_inflated_gamma",0.833333333333333
"K06164",24.4816497094961,1.18141402087045,0.0389769083448154,"zero_inflated_gamma",0.807692307692308
"K06165",17.042159558521,1.43822504321174,0.0584253572597968,"zero_inflated_gamma",0.692307692307692
"K06166",13.2968125771839,1.40957114169659,0.0611585758232746,"zero_inflated_gamma",0.576923076923077
"K06167",179.238637090517,4.09636194595735,0.0228542350714742,"gamma_mle",1
"K06168",636.584720777163,36.4945602854072,0.0573286776987885,"gamma_mle",1
"K06169",0.971659118019662,1.34064186131925,0.0353780782828239,"zero_inflated_gamma",0.0256410256410256
"K06173",850.385638108981,40.0399017231774,0.0470844049203546,"gamma_mle",1
"K06174",2.23132866102254,1.24635343029757,0.0608698164885889,"zero_inflated_gamma",0.108974358974359
"K06175",6.28227838053741,1.18098121111994,0.0710973190464152,"zero_inflated_gamma",0.378205128205128
"K06176",3.89203868675233,0.760679077353103,0.0501140746452292,"zero_inflated_gamma",0.256410256410256
"K06177",167.269259198608,3.26020313208942,0.0194907489141109,"gamma_mle",1
"K06178",509.148740971342,17.5242132485056,0.0344186518365406,"gamma_mle",1
"K06179",432.666934332662,7.88710538760963,0.018229045858969,"gamma_mle",1
"K06180",1415.37598004152,30.2387677130035,0.0213644770996582,"gamma_mle",1
"K06181",8.26048169985659,0.905778432082395,0.0358477729007108,"zero_inflated_gamma",0.326923076923077
"K06182",81.1325890423965,2.54224266174489,0.0309326971655705,"zero_inflated_gamma",0.987179487179487
"K06183",334.865990448708,8.39205316377895,0.0250609300530457,"gamma_mle",1
"K06184",2.19640448308808,2.07827736013736,0.0727859966013941,"zero_inflated_gamma",0.0769230769230769
"K06185",0.231402488144251,4.03909781821002,0.447560488886243,"zero_inflated_gamma",0.0256410256410256
"K06186",5.26358261592087,1.03652015111085,0.0429191017880693,"zero_inflated_gamma",0.217948717948718
"K06187",768.787863466087,52.4705116950213,0.0682509625717263,"gamma_mle",1
"K06188",106.687777398723,2.50701639416367,0.0234986280086633,"gamma_mle",1
"K06189",123.136260361909,2.8175031849262,0.022881182006383,"gamma_mle",1
"K06190",3.48103697737227,0.737111068929958,0.0447933597137826,"zero_inflated_gamma",0.211538461538462
"K06191",164.877050056555,1.57987038006664,0.00853790759631761,"zero_inflated_gamma",0.891025641025641
"K06192",11.6555866554863,0.859488008580539,0.0425425575859257,"zero_inflated_gamma",0.576923076923077
"K06193",9.2382382657388,1.31949873843506,0.0476100421054157,"zero_inflated_gamma",0.333333333333333
"K06194",150.317148436443,2.03894574499472,0.0135642923392524,"gamma_mle",1
"K06195",11.14501779952,0.955831429547656,0.0258388868420091,"zero_inflated_gamma",0.301282051282051
"K06196",277.473006676542,8.3724237766574,0.0301738315987521,"gamma_mle",1
"K06197",2.36755522319384,1.00805048527552,0.0218347163244029,"zero_inflated_gamma",0.0512820512820513
"K06198",4.49116630239828,1.42557448461623,0.109875265711088,"zero_inflated_gamma",0.346153846153846
"K06199",425.538775939036,2.88578266192698,0.00678147991463039,"gamma_mle",1
"K06200",794.017267823634,19.798115668404,0.0249341122299137,"gamma_mle",1
"K06201",319.590545358566,11.0991182687174,0.0347291821673408,"gamma_mle",1
"K06202",5.40444570596958,1.04261538192906,0.0420462519503255,"zero_inflated_gamma",0.217948717948718
"K06203",6.3878038460363,0.711890280993921,0.0278613079765926,"zero_inflated_gamma",0.25
"K06204",111.802343245982,1.99470104365286,0.0172694798860055,"zero_inflated_gamma",0.967948717948718
"K06205",8.74904793611236,0.595615699692702,0.0152738593354349,"zero_inflated_gamma",0.224358974358974
"K06206",183.566519744969,4.08397046248844,0.0221052900620958,"zero_inflated_gamma",0.993589743589744
"K06207",748.437761898133,53.4285142746135,0.0713867164306514,"gamma_mle",1
"K06208",0,-1,-1,"zero",0
"K06209",279.910555296745,7.38983742549091,0.0264007101041853,"gamma_mle",1
"K06210",0,-1,-1,"zero",0
"K06211",13.7628813245966,0.793012707647337,0.0313953341005513,"zero_inflated_gamma",0.544871794871795
"K06212",36.3228285093034,1.41938101716768,0.0350689505532062,"zero_inflated_gamma",0.897435897435897
"K06213",583.742660678982,15.9891676450008,0.0273907814556553,"gamma_mle",1
"K06214",1.54265409832069,1.55554744146179,0.129276653385139,"zero_inflated_gamma",0.128205128205128
"K06215",241.420253253303,3.64450937803008,0.0150961210955494,"gamma_mle",1
"K06216",0,-1,-1,"zero",0
"K06217",586.381087585849,28.3826468662057,0.0484030734740406,"gamma_mle",1
"K06218",334.241242378605,1.22892328325126,0.00362961748200039,"zero_inflated_gamma",0.987179487179487
"K06219",7.45855736244861,1.35334807881616,0.105845273772476,"zero_inflated_gamma",0.583333333333333
"K06221",607.371937567,7.50445051617391,0.0123556095565349,"gamma_mle",1
"K06222",12.710189497108,1.06606467239925,0.0478516518764698,"zero_inflated_gamma",0.57051282051282
"K06223",623.158271730241,6.03450274805919,0.00968374010554974,"gamma_mle",1
"K06228",0.292461153666995,13.1132928803194,0.862263948818478,"zero_inflated_gamma",0.0192307692307692
"K06229",7.38952215311654,1.70303920910532,0.124097484734979,"zero_inflated_gamma",0.538461538461538
"K06233",0,-1,-1,"zero",0
"K06236",0,-1,-1,"zero",0
"K06238",0,-1,-1,"zero",0
"K06240",0,-1,-1,"zero",0
"K06252",0,-1,-1,"zero",0
"K06258",0,-1,-1,"zero",0
"K06269",0,-1,-1,"zero",0
"K06276",0.290827287740749,2.91778366376648,0.321560978333532,"zero_inflated_gamma",0.032051282051282
"K06281",50.6941913741365,1.61077400798682,0.0315706492241866,"zero_inflated_gamma",0.993589743589744
"K06282",49.4159335973925,1.80748823229386,0.036108096647049,"zero_inflated_gamma",0.987179487179487
"K06283",440.307594710021,7.57515659706105,0.0172042378738662,"gamma_mle",1
"K06284",322.05869770221,3.44185880042361,0.0106870543319594,"gamma_mle",1
"K06285",1.96058684409588,2.23292143932472,0.102209390103723,"zero_inflated_gamma",0.0897435897435897
"K06286",4.35391347837242,1.80271695643189,0.108819570557194,"zero_inflated_gamma",0.262820512820513
"K06287",581.832954063674,36.2348083432483,0.0622769956396848,"gamma_mle",1
"K06288",0,-1,-1,"zero",0
"K06291",0,-1,-1,"zero",0
"K06294",0.0860364475131827,-1,-1,"mean_only",0.00641025641025641
"K06295",197.612595085037,4.23256877684375,0.021418517251,"gamma_mle",1
"K06296",0.409977742676537,2.7396309858226,0.257014982920118,"zero_inflated_gamma",0.0384615384615385
"K06297",12.1061308591285,1.46050376120434,0.0842944954088332,"zero_inflated_gamma",0.698717948717949
"K06298",85.0604359238582,2.91306180062662,0.0342469653369076,"gamma_mle",1
"K06303",0,-1,-1,"zero",0
"K06305",0,-1,-1,"zero",0
"K06306",50.5063924029417,1.7515108694346,0.0324559813849396,"zero_inflated_gamma",0.935897435897436
"K06307",1.58887035885302,1.40800489323287,0.0795278310726837,"zero_inflated_gamma",0.0897435897435897
"K06310",96.1676372620787,1.69352048990756,0.0174972021486354,"zero_inflated_gamma",0.993589743589744
"K06311",1.53712860696036,1.2464746456341,0.119557405397306,"zero_inflated_gamma",0.147435897435897
"K06312",0,-1,-1,"zero",0
"K06313",21.8942337668194,1.48451420971881,0.0543300397625036,"zero_inflated_gamma",0.801282051282051
"K06314",0,-1,-1,"zero",0
"K06316",0,-1,-1,"zero",0
"K06317",66.2671719883164,1.97089213591572,0.0266911850871911,"zero_inflated_gamma",0.897435897435897
"K06320",11.6178244298118,1.06550569319908,0.0482081226810715,"zero_inflated_gamma",0.525641025641026
"K06322",0,-1,-1,"zero",0
"K06324",0.0964894738465603,-1,-1,"mean_only",0.00641025641025641
"K06328",0,-1,-1,"zero",0
"K06330",59.2751092214318,1.66452015461631,0.0268212099237022,"zero_inflated_gamma",0.955128205128205
"K06331",25.458689761394,1.56234740921916,0.0535002575578223,"zero_inflated_gamma",0.871794871794872
"K06333",164.801193394358,3.12712076534334,0.0188534746345959,"zero_inflated_gamma",0.993589743589744
"K06334",242.379729567709,3.90545184839766,0.01611294746208,"gamma_mle",1
"K06336",0,-1,-1,"zero",0
"K06338",35.2087831460656,1.78024412863104,0.0469971963261327,"zero_inflated_gamma",0.92948717948718
"K06342",0,-1,-1,"zero",0
"K06344",0,-1,-1,"zero",0
"K06345",0,-1,-1,"zero",0
"K06346",473.974841419988,17.3515871095829,0.036608666944429,"gamma_mle",1
"K06348",8.50261508255668,1.87817995724657,0.099119276782012,"zero_inflated_gamma",0.448717948717949
"K06349",0,-1,-1,"zero",0
"K06350",81.3693442632137,1.96809113715779,0.0241871328198419,"gamma_mle",1
"K06351",89.1500651738287,1.84128652690034,0.0206537877825453,"gamma_mle",1
"K06370",6.7577826443786,1.67861417350945,0.0971296677878893,"zero_inflated_gamma",0.391025641025641
"K06373",217.115751659338,5.15294328975263,0.0237336225049105,"gamma_mle",1
"K06374",230.569698320572,3.7476405341726,0.0162538293690356,"gamma_mle",1
"K06375",0,-1,-1,"zero",0
"K06377",0,-1,-1,"zero",0
"K06378",364.308157575008,7.24337686510032,0.0198825546847903,"gamma_mle",1
"K06379",385.008847770924,7.58891851232693,0.0197110236719605,"gamma_mle",1
"K06381",585.423897367242,6.50011418835868,0.0111032607612892,"gamma_mle",1
"K06382",282.552650164103,5.96633554143303,0.021115836421877,"gamma_mle",1
"K06383",115.539398419163,4.16864685378958,0.036079873279816,"gamma_mle",1
"K06384",24.4551142262261,1.77207012443014,0.0548111125058526,"zero_inflated_gamma",0.756410256410256
"K06385",366.540046416611,9.79469218841438,0.0267220247396425,"gamma_mle",1
"K06386",65.6618396767639,2.58764581734799,0.0386508116476319,"zero_inflated_gamma",0.980769230769231
"K06387",262.781071060236,6.64547445738174,0.0252890150366212,"gamma_mle",1
"K06390",273.266132381972,9.3588855520092,0.0342482453659033,"gamma_mle",1
"K06391",55.9307077356343,1.85535182042486,0.0321091130191417,"zero_inflated_gamma",0.967948717948718
"K06392",411.298208070676,6.9569097095789,0.0169145149992568,"gamma_mle",1
"K06393",210.466169412676,5.73847692688077,0.027265555043333,"gamma_mle",1
"K06394",171.230765391564,4.9967736598782,0.0291815179851107,"gamma_mle",1
"K06395",83.1441728196755,2.44097348565181,0.0282291567821623,"zero_inflated_gamma",0.961538461538462
"K06396",228.8267933133,6.71720172324835,0.0293549615671598,"gamma_mle",1
"K06397",259.674478600427,9.14630909588569,0.0352222103041536,"gamma_mle",1
"K06398",330.222672419565,9.62667750883499,0.0291520792267219,"gamma_mle",1
"K06399",282.380303261211,8.86164698366325,0.0313819585903126,"gamma_mle",1
"K06400",1904.87555161798,7.24655649423047,0.00380421518249595,"gamma_mle",1
"K06401",21.9018255834008,1.15879166800892,0.0403596518051282,"zero_inflated_gamma",0.762820512820513
"K06402",186.967239304465,3.59487610627946,0.0192273048457726,"gamma_mle",1
"K06403",77.015247969741,1.95848256087371,0.0247777564783353,"zero_inflated_gamma",0.974358974358974
"K06404",94.8270115415075,1.91376840008653,0.0197935707464718,"zero_inflated_gamma",0.980769230769231
"K06405",386.79525987419,7.70517531978903,0.0199205526000893,"gamma_mle",1
"K06406",447.714246055339,9.28441734278074,0.0207373730556547,"gamma_mle",1
"K06407",444.587198917594,8.41162190669169,0.018920072208941,"gamma_mle",1
"K06408",74.9687090173142,2.74686605932349,0.036170421811151,"zero_inflated_gamma",0.987179487179487
"K06409",415.613594168802,10.6207664253952,0.0255544250101731,"gamma_mle",1
"K06410",229.748576256264,5.60126299337309,0.0243799682446144,"gamma_mle",1
"K06411",276.694495200144,5.23919415921837,0.0189349417863505,"gamma_mle",1
"K06412",386.762804334862,4.88072954071899,0.0126194388033582,"gamma_mle",1
"K06413",211.86217934974,4.22773425634001,0.0199551154874174,"gamma_mle",1
"K06415",2.71293026548157,0.624291053354823,0.045728354725556,"zero_inflated_gamma",0.198717948717949
"K06416",59.6106336343721,1.75577531941192,0.0275659814241954,"zero_inflated_gamma",0.935897435897436
"K06418",4.79444088567121,2.82780314323501,0.109643932647321,"zero_inflated_gamma",0.185897435897436
"K06419",0.13406520121253,-1,-1,"mean_only",0.00641025641025641
"K06421",186.026337711653,3.17702642357752,0.0170783689162446,"gamma_mle",1
"K06423",2.14073147404741,1.77458783833129,0.0903357448004534,"zero_inflated_gamma",0.108974358974359
"K06436",0,-1,-1,"zero",0
"K06438",108.436857386733,3.3826363767246,0.0311945260886771,"gamma_mle",1
"K06441",2.00440238511643,2.50374612975899,0.304273673934179,"zero_inflated_gamma",0.243589743589744
"K06442",436.486940075954,24.4930552691275,0.0561140621180222,"gamma_mle",1
"K06443",0.271996610109823,-1,-1,"mean_only",0.00641025641025641
"K06445",3.78886038413615,0.537973501288612,0.0418683181313911,"zero_inflated_gamma",0.294871794871795
"K06446",22.7005500684687,1.29451311260225,0.0478869051572764,"zero_inflated_gamma",0.83974358974359
"K06447",3.15499408541906,0.577606909893372,0.0434221133132938,"zero_inflated_gamma",0.237179487179487
"K06464",0,-1,-1,"zero",0
"K06485",0,-1,-1,"zero",0
"K06512",0.205903975877529,-1,-1,"mean_only",0.00641025641025641
"K06518",379.928930414906,10.34442369688,0.027227259807731,"gamma_mle",1
"K06545",0,-1,-1,"zero",0
"K06560",1.57843696758911,1.05910378701808,0.103228096846654,"zero_inflated_gamma",0.153846153846154
"K06563",0.45969277334895,1.05156280587245,0.117309431131983,"zero_inflated_gamma",0.0512820512820513
"K06580",0.620757743300871,2.835580313161,0.204971391058412,"zero_inflated_gamma",0.0448717948717949
"K06595",0,-1,-1,"zero",0
"K06596",2.59656512133942,1.09524483688361,0.0297426788822187,"zero_inflated_gamma",0.0705128205128205
"K06597",0,-1,-1,"zero",0
"K06598",0,-1,-1,"zero",0
"K06599",0.49233021023091,1.42633272348126,0.111427147396451,"zero_inflated_gamma",0.0384615384615385
"K06600",0,-1,-1,"zero",0
"K06601",0.229640474227413,-1,-1,"mean_only",0.00641025641025641
"K06602",0.0839680725251514,16.708591349585,2.5511209578605,"zero_inflated_gamma",0.0128205128205128
"K06603",23.0931999639142,1.40680818830592,0.0363169293805026,"zero_inflated_gamma",0.596153846153846
"K06605",15.059705477303,1.40652061520756,0.0670537464347248,"zero_inflated_gamma",0.717948717948718
"K06606",35.1789951406321,1.80397149120555,0.0450341747505668,"zero_inflated_gamma",0.878205128205128
"K06607",54.0420958197696,1.26797131872906,0.0222594466459934,"zero_inflated_gamma",0.948717948717949
"K06608",24.3392001549669,1.61809535693795,0.0541223857258438,"zero_inflated_gamma",0.814102564102564
"K06609",4.39941694870478,1.08364137046921,0.0347366982248217,"zero_inflated_gamma",0.141025641025641
"K06610",34.4840142794209,1.13676756406108,0.0281048259122224,"zero_inflated_gamma",0.852564102564103
"K06611",0,-1,-1,"zero",0
"K06617",13.9424502494,0.769675048888632,0.0336176469079158,"zero_inflated_gamma",0.608974358974359
"K06630",0,-1,-1,"zero",0
"K06633",0,-1,-1,"zero",0
"K06634",0,-1,-1,"zero",0
"K06636",0,-1,-1,"zero",0
"K06638",0,-1,-1,"zero",0
"K06640",0,-1,-1,"zero",0
"K06641",0.355675643847282,1.81015407837953,0.0978719121076486,"zero_inflated_gamma",0.0192307692307692
"K06661",0.269889732927876,-1,-1,"mean_only",0.00641025641025641
"K06669",0,-1,-1,"zero",0
"K06671",0,-1,-1,"zero",0
"K06672",0,-1,-1,"zero",0
"K06674",0.648178765735737,8.78992092222446,0.347716709746758,"zero_inflated_gamma",0.0256410256410256
"K06677",0.205903975877529,-1,-1,"mean_only",0.00641025641025641
"K06678",0,-1,-1,"zero",0
"K06682",0.239475276292344,-1,-1,"mean_only",0.00641025641025641
"K06683",0.481948953990882,2.38696377227084,0.222237952523431,"zero_inflated_gamma",0.0448717948717949
"K06689",0.239475276292344,-1,-1,"mean_only",0.00641025641025641
"K06694",5.6264365095263,0.868036775832788,0.0484591937654969,"zero_inflated_gamma",0.314102564102564
"K06699",0.511675569287471,2.99908514686187,0.0751449001731607,"zero_inflated_gamma",0.0128205128205128
"K06712",0,-1,-1,"zero",0
"K06714",18.4584094537131,1.27770724813885,0.0559091680348904,"zero_inflated_gamma",0.807692307692308
"K06718",0.0895176910541782,-1,-1,"mean_only",0.00641025641025641
"K06720",0,-1,-1,"zero",0
"K06726",23.974786866931,1.78307666677385,0.0543494952181691,"zero_inflated_gamma",0.730769230769231
"K06751",0,-1,-1,"zero",0
"K06756",0.468656594502457,14.325513535675,1.56754802641395,"zero_inflated_gamma",0.0512820512820513
"K06765",1.21566808923786,1.19455470175902,0.125978496962167,"zero_inflated_gamma",0.128205128205128
"K06770",0,-1,-1,"zero",0
"K06776",0,-1,-1,"zero",0
"K06778",0,-1,-1,"zero",0
"K06792",0,-1,-1,"zero",0
"K06793",0,-1,-1,"zero",0
"K06795",0.616289281424991,1.10654215161647,0.0345286822328828,"zero_inflated_gamma",0.0192307692307692
"K06811",0,-1,-1,"zero",0
"K06820",0,-1,-1,"zero",0
"K06826",0,-1,-1,"zero",0
"K06834",0,-1,-1,"zero",0
"K06842",0.349709927284058,-1,-1,"mean_only",0.00641025641025641
"K06857",6.24196592289528,1.79558003665919,0.127235372986481,"zero_inflated_gamma",0.442307692307692
"K06858",3.5129853135283,0.673712425055974,0.0344216477345061,"zero_inflated_gamma",0.179487179487179
"K06859",25.1543094162504,1.35111075715617,0.0468266256021598,"zero_inflated_gamma",0.871794871794872
"K06860",0.0978637853739109,-1,-1,"mean_only",0.00641025641025641
"K06861",175.956128506304,2.55738191903846,0.0143478661004299,"zero_inflated_gamma",0.987179487179487
"K06862",0,-1,-1,"zero",0
"K06863",0.614298565253548,1.32704626130055,0.138478376548015,"zero_inflated_gamma",0.0641025641025641
"K06864",139.16710024814,3.3196354588565,0.0237006859990296,"zero_inflated_gamma",0.993589743589744
"K06865",1.61732816502695,1.68311496972603,0.18011703898079,"zero_inflated_gamma",0.173076923076923
"K06866",2.89066319212787,0.747969550205759,0.0298561863260054,"zero_inflated_gamma",0.115384615384615
"K06867",65.4011826371074,0.800578851021462,0.0106716806737367,"zero_inflated_gamma",0.871794871794872
"K06869",0,-1,-1,"zero",0
"K06871",668.903075386342,11.6106421706877,0.0173577347719349,"gamma_mle",1
"K06872",410.787361874437,10.1784396935836,0.0247778793562174,"gamma_mle",1
"K06873",0,-1,-1,"zero",0
"K06874",0,-1,-1,"zero",0
"K06875",0.105825644509753,-1,-1,"mean_only",0.00641025641025641
"K06876",0,-1,-1,"zero",0
"K06877",50.3941168229428,2.04467450955559,0.0397934118571022,"zero_inflated_gamma",0.980769230769231
"K06878",24.7895043902805,1.43698268687615,0.0390165075577964,"zero_inflated_gamma",0.673076923076923
"K06879",5.21797535626405,1.13955211242977,0.0615970970213988,"zero_inflated_gamma",0.282051282051282
"K06880",12.1528128363874,1.01972946671961,0.0457196068346874,"zero_inflated_gamma",0.544871794871795
"K06881",608.13611548606,24.7406886409181,0.0406828142761161,"gamma_mle",1
"K06882",5.06602027683505,1.95282499373924,0.170498629942556,"zero_inflated_gamma",0.442307692307692
"K06883",1.85258703685289,1.75469134179753,0.127501944663621,"zero_inflated_gamma",0.134615384615385
"K06884",7.92193873863016,0.739141174980897,0.0131581247279566,"zero_inflated_gamma",0.141025641025641
"K06885",41.6314202087791,1.48543525279299,0.0331646870682118,"zero_inflated_gamma",0.92948717948718
"K06886",0.853615424103612,4.30065953124366,0.258367686900078,"zero_inflated_gamma",0.0512820512820513
"K06887",4.64895931560252,0.76044058036641,0.0293591158088832,"zero_inflated_gamma",0.179487179487179
"K06888",17.4495570558623,1.26607902005497,0.0413944210968381,"zero_inflated_gamma",0.57051282051282
"K06889",1138.3320631465,20.9754162114121,0.0184264476864802,"gamma_mle",1
"K06890",322.957523787294,6.93436255916085,0.0214714383422383,"gamma_mle",1
"K06891",42.1198494268763,1.81630812299893,0.0312360824408805,"zero_inflated_gamma",0.724358974358974
"K06892",0.225646420187698,3.8813644772155,0.2205268002915,"zero_inflated_gamma",0.0128205128205128
"K06893",0,-1,-1,"zero",0
"K06894",104.693609672542,1.449278581827,0.013754309733054,"zero_inflated_gamma",0.993589743589744
"K06895",66.1196571263416,1.37480908949147,0.0201263096851019,"zero_inflated_gamma",0.967948717948718
"K06896",38.7321193810991,1.49054443867943,0.0320695171194874,"zero_inflated_gamma",0.833333333333333
"K06897",74.7524320477727,2.42535105736745,0.0316131864071894,"zero_inflated_gamma",0.974358974358974
"K06898",159.112961002803,3.44302226006932,0.021638854800827,"gamma_mle",1
"K06899",2.89360429754437,0.711386372193299,0.0457024834512934,"zero_inflated_gamma",0.185897435897436
"K06900",0.241907159818441,1.69401803600168,0.179557975588979,"zero_inflated_gamma",0.0256410256410256
"K06901",529.402190621325,16.2080471016496,0.0306157537478779,"gamma_mle",1
"K06902",348.760834832133,5.42648953043762,0.0155593432188265,"gamma_mle",1
"K06903",72.9198790592239,1.64945317888183,0.0201550673837692,"zero_inflated_gamma",0.891025641025641
"K06904",117.939445329427,1.48085245643286,0.0125560405367057,"gamma_mle",1
"K06905",94.8108087653113,1.9689512164285,0.0205009141618721,"zero_inflated_gamma",0.987179487179487
"K06906",28.7275799547713,1.29052917192922,0.027932893138602,"zero_inflated_gamma",0.621794871794872
"K06907",130.775744486785,2.17481444164125,0.0165235023658684,"zero_inflated_gamma",0.993589743589744
"K06908",112.323116374806,2.14538467628669,0.0184879338638463,"zero_inflated_gamma",0.967948717948718
"K06909",205.704783196107,2.71664007022444,0.0132064992753939,"gamma_mle",1
"K06910",117.330409300011,1.34716424928742,0.0110401919453572,"zero_inflated_gamma",0.961538461538462
"K06911",110.959710997714,2.1057013107292,0.0183689274762553,"zero_inflated_gamma",0.967948717948718
"K06912",0,-1,-1,"zero",0
"K06913",0,-1,-1,"zero",0
"K06914",0,-1,-1,"zero",0
"K06915",66.5266380397261,1.92834904579055,0.0284286936184152,"zero_inflated_gamma",0.980769230769231
"K06916",4.61195384043118,0.709097075559019,0.0404091765629041,"zero_inflated_gamma",0.262820512820513
"K06917",4.39310663306823,0.592376418548757,0.0293886972817647,"zero_inflated_gamma",0.217948717948718
"K06918",2.87737563642823,0.532374569327894,0.0308368131587172,"zero_inflated_gamma",0.166666666666667
"K06919",1858.78596661286,6.88261990585426,0.00370275009037001,"gamma_mle",1
"K06920",151.238112922088,3.46189128104821,0.022890336398416,"gamma_mle",1
"K06921",341.246381877744,2.48303172280612,0.00727636058481549,"gamma_mle",1
"K06922",14.4179231079969,0.702247637064446,0.032158827626293,"zero_inflated_gamma",0.66025641025641
"K06923",263.779838636888,6.00985538485262,0.0227836039930467,"gamma_mle",1
"K06924",61.9994544826579,2.04244983009891,0.0327318557867397,"zero_inflated_gamma",0.993589743589744
"K06925",644.945199755426,34.1480459348689,0.0529472053560806,"gamma_mle",1
"K06926",199.761171605144,4.02339542631238,0.0201410283789543,"gamma_mle",1
"K06927",32.1935382307497,1.65557235981595,0.0421953727726068,"zero_inflated_gamma",0.82051282051282
"K06928",25.9112901808113,2.25060229522932,0.065700266074463,"zero_inflated_gamma",0.756410256410256
"K06929",10.2726066587824,1.4230557053077,0.0515044361266871,"zero_inflated_gamma",0.371794871794872
"K06931",0,-1,-1,"zero",0
"K06932",1.21031717678749,2.58415287661371,0.123179068876206,"zero_inflated_gamma",0.0576923076923077
"K06933",69.2959998543474,2.09313026396984,0.0300120175284151,"zero_inflated_gamma",0.993589743589744
"K06934",112.834087504956,2.68709378060185,0.0236618993382874,"zero_inflated_gamma",0.993589743589744
"K06935",0,-1,-1,"zero",0
"K06936",0.383965152970329,1.62514969228146,0.162790182681684,"zero_inflated_gamma",0.0384615384615385
"K06937",47.1902985245109,1.11564417560062,0.0230351989429177,"zero_inflated_gamma",0.974358974358974
"K06938",2.70322146529035,1.65977643236814,0.0708460878001634,"zero_inflated_gamma",0.115384615384615
"K06939",26.8042635565342,1.57492758284083,0.0557434477772785,"zero_inflated_gamma",0.948717948717949
"K06940",208.494847303325,6.78316852095817,0.0325339863727653,"gamma_mle",1
"K06941",855.699195833409,8.63022157273119,0.0100855786878773,"gamma_mle",1
"K06942",680.982722561024,33.701719958812,0.0494898311546985,"gamma_mle",1
"K06943",0,-1,-1,"zero",0
"K06944",0.379758958526559,3.14018791317809,0.265028766904675,"zero_inflated_gamma",0.032051282051282
"K06945",0.834310110178638,8.64705306809441,0.863692944485889,"zero_inflated_gamma",0.0833333333333333
"K06946",23.802492769661,0.795126584119843,0.021199441919054,"zero_inflated_gamma",0.634615384615385
"K06948",5.25514116127523,1.01037676589938,0.0456011809844384,"zero_inflated_gamma",0.237179487179487
"K06949",515.984456072021,31.8398167389661,0.0617069300524082,"gamma_mle",1
"K06950",706.2089787171,12.9301382073614,0.0183092237525079,"gamma_mle",1
"K06951",7.67064836776497,1.83431294815743,0.124165738985537,"zero_inflated_gamma",0.519230769230769
"K06952",76.3086554910311,2.29760609947818,0.0287583154986152,"zero_inflated_gamma",0.955128205128205
"K06953",0,-1,-1,"zero",0
"K06954",1.16261203384645,0.927299041739936,0.0357897313759113,"zero_inflated_gamma",0.0448717948717949
"K06955",0.0709731947111238,2.30016437389174,0.623248403107545,"zero_inflated_gamma",0.0192307692307692
"K06956",90.3910106591279,1.88822367958957,0.0208895073284469,"gamma_mle",1
"K06957",4.77389219516476,0.581914489222798,0.0281296588949848,"zero_inflated_gamma",0.230769230769231
"K06958",505.319505625709,20.0650741267837,0.0397076976119064,"gamma_mle",1
"K06959",573.484673634354,17.5731456309443,0.0306427467705069,"gamma_mle",1
"K06960",654.897006277102,11.6044887498135,0.0177195629825546,"gamma_mle",1
"K06961",0,-1,-1,"zero",0
"K06962",152.474676911759,6.51008731483291,0.0426961869779889,"gamma_mle",1
"K06964",0.115008613348167,1.26412685182255,0.140917745538611,"zero_inflated_gamma",0.0128205128205128
"K06965",0,-1,-1,"zero",0
"K06966",571.861783134224,19.7799386923933,0.0345886703321643,"gamma_mle",1
"K06967",369.706382623839,8.70790862440635,0.0235535793637252,"gamma_mle",1
"K06968",8.90971545675267,1.29190653388052,0.0780767896750949,"zero_inflated_gamma",0.538461538461538
"K06969",912.91256977553,20.6311463419307,0.0225992576123731,"gamma_mle",1
"K06970",3.96725029226363,0.96874443670769,0.0579157582152981,"zero_inflated_gamma",0.237179487179487
"K06971",43.2797857739586,1.39804409189215,0.0285752641780076,"zero_inflated_gamma",0.884615384615385
"K06972",312.830447426886,5.46029712036403,0.017454493848909,"gamma_mle",1
"K06973",360.856705852366,7.79522366706157,0.021601991983629,"gamma_mle",1
"K06974",2.10854677797081,2.06044096557494,0.131544178178059,"zero_inflated_gamma",0.134615384615385
"K06975",104.714593622181,2.09762175635862,0.0186193009255562,"zero_inflated_gamma",0.92948717948718
"K06976",12.6689686356691,1.65024836068337,0.0893443777262059,"zero_inflated_gamma",0.685897435897436
"K06977",0.284698687966969,4.18567595063577,0.282733190153642,"zero_inflated_gamma",0.0192307692307692
"K06978",101.384764394889,4.60476008790224,0.0451275142013521,"zero_inflated_gamma",0.993589743589744
"K06979",0.399945911947906,4.73545927631523,0.303596134123875,"zero_inflated_gamma",0.0256410256410256
"K06980",5.03815896384206,0.872801941849276,0.0510830795550007,"zero_inflated_gamma",0.294871794871795
"K06981",0.655551768771464,1.69188000109644,0.0827195130808501,"zero_inflated_gamma",0.032051282051282
"K06982",0.189035152597247,-1,-1,"mean_only",0.00641025641025641
"K06984",0.491181366589141,461.916924707559,12.0566704236944,"zero_inflated_gamma",0.0128205128205128
"K06985",3.69099127005945,1.10263308935694,0.0785140285614898,"zero_inflated_gamma",0.262820512820513
"K06986",0,-1,-1,"zero",0
"K06987",142.374157072817,2.67933974338412,0.0188190033814477,"gamma_mle",1
"K06988",10.9559627217527,1.09267167282947,0.0294084660157778,"zero_inflated_gamma",0.294871794871795
"K06989",83.2862276028238,2.10035400866692,0.0245718750455936,"zero_inflated_gamma",0.974358974358974
"K06990",44.8326406170298,0.894215923733058,0.0171327974284321,"zero_inflated_gamma",0.858974358974359
"K06992",0.916545742525821,2.30710648427919,0.145221663245251,"zero_inflated_gamma",0.0576923076923077
"K06993",57.8408060847574,2.16098008049044,0.0364028525423976,"zero_inflated_gamma",0.974358974358974
"K06994",4.41561147612881,1.01084710902737,0.0469591254245963,"zero_inflated_gamma",0.205128205128205
"K06995",0.275819146510308,-1,-1,"mean_only",0.00641025641025641
"K06996",10.0318761183376,1.17341760345608,0.044988041872123,"zero_inflated_gamma",0.384615384615385
"K06997",511.973782386926,31.8858555936579,0.0622802508460484,"gamma_mle",1
"K06998",28.3572873669509,1.62916772062394,0.0530321221233048,"zero_inflated_gamma",0.923076923076923
"K06999",168.497389453425,1.25403366411318,0.00710849542927694,"zero_inflated_gamma",0.955128205128205
"K07000",76.5089343685854,0.666012234621853,0.00675197500808058,"zero_inflated_gamma",0.775641025641026
"K07001",741.698795558086,16.1495755224477,0.0217737653332658,"gamma_mle",1
"K07002",0.851782836749257,2.1760872392002,0.131012521713598,"zero_inflated_gamma",0.0512820512820513
"K07003",516.495121338977,9.75376434754954,0.0188845236761648,"gamma_mle",1
"K07004",127.906649941262,1.23837677514888,0.00937156287333997,"zero_inflated_gamma",0.967948717948718
"K07005",442.97339228081,12.7660702954422,0.028819045382639,"gamma_mle",1
"K07006",73.9795378863744,1.60585623706684,0.0198978653562131,"zero_inflated_gamma",0.916666666666667
"K07007",763.840476805246,16.5469282767732,0.0216628062785838,"gamma_mle",1
"K07008",0,-1,-1,"zero",0
"K07009",205.994966727177,3.86330293296275,0.0187543559648201,"gamma_mle",1
"K07010",220.106710268368,5.4018761487368,0.0245420784407277,"gamma_mle",1
"K07011",676.408184086685,16.1788191273376,0.0239187217244909,"gamma_mle",1
"K07012",243.677063117668,7.12777464802676,0.0292509050988721,"gamma_mle",1
"K07013",6.03246728726842,1.80769713279319,0.115254355289212,"zero_inflated_gamma",0.384615384615385
"K07014",20.5460191018496,1.16037842787951,0.0499604621308671,"zero_inflated_gamma",0.884615384615385
"K07015",333.341887296813,7.57706792518353,0.0227306204648586,"gamma_mle",1
"K07016",46.2190575507514,1.31794819798652,0.0263217735678905,"zero_inflated_gamma",0.923076923076923
"K07017",211.479316540238,2.67538880452489,0.012650829633336,"gamma_mle",1
"K07018",1.33505722613202,1.80885505501339,0.121592649951836,"zero_inflated_gamma",0.0897435897435897
"K07019",10.3119189017863,1.43515317418798,0.0883220952660442,"zero_inflated_gamma",0.634615384615385
"K07023",192.717930454441,6.30819474607744,0.0327327858451069,"gamma_mle",1
"K07025",656.9191635079,12.1039298545561,0.0184252957242441,"gamma_mle",1
"K07026",11.098275407049,1.15599289597017,0.0587567466821866,"zero_inflated_gamma",0.564102564102564
"K07027",331.371744198269,8.52200204638838,0.0257173467430266,"gamma_mle",1
"K07028",2.03748806608161,2.04563928080913,0.0579231126702385,"zero_inflated_gamma",0.0576923076923077
"K07029",531.452563237792,23.8476537617507,0.0448725914810958,"gamma_mle",1
"K07030",836.439811708246,13.5404799196157,0.0161882298404259,"gamma_mle",1
"K07031",36.8204852408973,1.53439808697672,0.0333913482826768,"zero_inflated_gamma",0.801282051282051
"K07032",12.609692278292,1.03957006495141,0.0380502202472544,"zero_inflated_gamma",0.461538461538462
"K07033",227.707054731568,6.07128400888041,0.0266626961384114,"gamma_mle",1
"K07034",9.83279820780147,1.02630971358169,0.0428209884924966,"zero_inflated_gamma",0.41025641025641
"K07035",314.231559229988,7.85393934212673,0.0249941137719346,"gamma_mle",1
"K07037",144.807189546858,1.57847421579464,0.0108306486455696,"zero_inflated_gamma",0.993589743589744
"K07038",37.2494814522528,1.86579767343857,0.0468783776416558,"zero_inflated_gamma",0.935897435897436
"K07039",28.7526653068117,1.02450801711621,0.0280942708692212,"zero_inflated_gamma",0.788461538461538
"K07040",396.429106585787,11.5026764023391,0.0290157211245283,"gamma_mle",1
"K07041",1.341408133686,0.939750739017473,0.0449083544936972,"zero_inflated_gamma",0.0641025641025641
"K07042",604.461708235166,32.9555661895808,0.0545205192332207,"gamma_mle",1
"K07043",534.859158089413,21.0286063266541,0.0393161564284906,"gamma_mle",1
"K07044",0.202125921274272,-1,-1,"mean_only",0.00641025641025641
"K07045",220.571050216976,4.0293822799866,0.0182679561802099,"gamma_mle",1
"K07046",5.88901300320778,1.32664736913417,0.0981967922690392,"zero_inflated_gamma",0.435897435897436
"K07048",31.9484470151608,1.9081982624356,0.0543672654760932,"zero_inflated_gamma",0.91025641025641
"K07049",0.314719696493415,2.2377143142495,0.227890448025081,"zero_inflated_gamma",0.032051282051282
"K07050",13.2148406999678,1.19369057353975,0.0440067023637677,"zero_inflated_gamma",0.487179487179487
"K07051",6.83689793522006,0.872050061942887,0.0359757949167007,"zero_inflated_gamma",0.282051282051282
"K07052",850.014738444907,24.4083457623798,0.02871520299405,"gamma_mle",1
"K07053",488.654243902046,13.399361136026,0.0274209449794771,"gamma_mle",1
"K07054",5.59635985016861,1.05689780718661,0.0641621097676359,"zero_inflated_gamma",0.33974358974359
"K07055",1.17925846729717,2.92263685699915,0.0794348828818261,"zero_inflated_gamma",0.032051282051282
"K07056",816.140692766899,51.8593355745538,0.0635421515360778,"gamma_mle",1
"K07057",22.3176968201278,0.619130201147557,0.0147599915856971,"zero_inflated_gamma",0.532051282051282
"K07058",300.536432207223,13.4645822688673,0.0448018304136363,"gamma_mle",1
"K07059",38.8523831994906,1.63956454492292,0.0384126793299205,"zero_inflated_gamma",0.91025641025641
"K07060",0,-1,-1,"zero",0
"K07061",3.14646980543427,1.23962345844743,0.0505093308513104,"zero_inflated_gamma",0.128205128205128
"K07062",24.6967644303599,1.40108745975779,0.0381847443633608,"zero_inflated_gamma",0.673076923076923
"K07063",11.2479320590979,1.39817251818266,0.0541841658018477,"zero_inflated_gamma",0.435897435897436
"K07064",0.407994915164735,-1,-1,"mean_only",0.00641025641025641
"K07065",0.17911971885281,-1,-1,"mean_only",0.00641025641025641
"K07066",2.80394784916275,1.3272908736757,0.0758597813596555,"zero_inflated_gamma",0.16025641025641
"K07067",29.8179120783332,1.29066516444369,0.0357932777538347,"zero_inflated_gamma",0.826923076923077
"K07068",5.01047737493665,1.35414912732473,0.0571711239573347,"zero_inflated_gamma",0.211538461538462
"K07069",49.2272285528828,1.28906671312656,0.0196395381837579,"zero_inflated_gamma",0.75
"K07070",6.3582617534707,0.823387948316539,0.0182626663900308,"zero_inflated_gamma",0.141025641025641
"K07071",44.1556993966121,1.04905796622717,0.0217783090786092,"zero_inflated_gamma",0.916666666666667
"K07072",0,-1,-1,"zero",0
"K07074",23.0419714543746,1.47769334344917,0.0509755323021438,"zero_inflated_gamma",0.794871794871795
"K07075",245.284098942072,3.66338616998647,0.0149352778504066,"gamma_mle",1
"K07076",84.9274903840487,2.18182122484683,0.02503167209184,"zero_inflated_gamma",0.974358974358974
"K07077",11.3847369495274,1.23719858655173,0.0703579521197281,"zero_inflated_gamma",0.647435897435897
"K07078",67.7312416372312,1.92146669645796,0.0267323144359738,"zero_inflated_gamma",0.942307692307692
"K07079",770.092359021441,17.6690161245346,0.022944022126108,"gamma_mle",1
"K07080",249.225755855875,6.98849215171597,0.0280408103396719,"gamma_mle",1
"K07082",519.892087634777,33.7662718558914,0.0649486165667751,"gamma_mle",1
"K07084",6.66718012345817,1.31342019551762,0.099761735196903,"zero_inflated_gamma",0.506410256410256
"K07085",478.634484675892,2.48368203715981,0.00518909965052276,"gamma_mle",1
"K07086",0,-1,-1,"zero",0
"K07088",1049.82784441043,13.5233490604859,0.0128814920774753,"gamma_mle",1
"K07089",467.133003592304,12.0685104358168,0.0258352767691613,"gamma_mle",1
"K07090",742.815510253935,14.7853352419842,0.019904451425536,"gamma_mle",1
"K07091",147.328134861271,1.84451900822125,0.0124395463918056,"zero_inflated_gamma",0.993589743589744
"K07092",0,-1,-1,"zero",0
"K07093",9.45004079299136,0.925898563174063,0.0489891304945878,"zero_inflated_gamma",0.5
"K07094",0.364193551614977,1.3530716254553,0.0714471963230739,"zero_inflated_gamma",0.0192307692307692
"K07095",974.807246335189,19.6320334772367,0.0201394004312584,"gamma_mle",1
"K07096",14.0997888047906,1.13310003058975,0.0546055656947623,"zero_inflated_gamma",0.67948717948718
"K07097",24.5184236197555,0.518330569566265,0.00514959740044785,"zero_inflated_gamma",0.243589743589744
"K07098",633.871782048745,8.87476979296642,0.0140008911017969,"gamma_mle",1
"K07099",257.978097561937,7.05181663518857,0.0273349431670087,"gamma_mle",1
"K07100",0.213900246785395,-1,-1,"mean_only",0.00641025641025641
"K07101",6.2294721668488,2.29944176298192,0.130139536681522,"zero_inflated_gamma",0.352564102564103
"K07102",22.5485546367429,1.21398884951794,0.0434852464460007,"zero_inflated_gamma",0.807692307692308
"K07103",0.340022311444098,8.72149479263254,0.657686463738803,"zero_inflated_gamma",0.0256410256410256
"K07104",3.94112612786545,0.825539956650969,0.0295403643024331,"zero_inflated_gamma",0.141025641025641
"K07105",417.626092277989,5.8961134491433,0.0141181634916111,"gamma_mle",1
"K07106",181.244592834337,3.75672902238208,0.0207273991661414,"gamma_mle",1
"K07107",438.176241529055,5.7420695161174,0.0131044748023762,"gamma_mle",1
"K07108",1.12742608748354,1.59903854827419,0.0454586212706887,"zero_inflated_gamma",0.032051282051282
"K07109",47.8903105529375,1.69658771486226,0.0317930433293617,"zero_inflated_gamma",0.897435897435897
"K07110",74.3477395937216,1.4654119002618,0.0181940690507314,"zero_inflated_gamma",0.923076923076923
"K07111",0.214658070238893,2.97792310884465,0.355714568317467,"zero_inflated_gamma",0.0256410256410256
"K07112",83.4888254743705,2.6460900572058,0.0316939427782237,"gamma_mle",1
"K07113",2.72875792713509,0.816336320329564,0.030683118224777,"zero_inflated_gamma",0.102564102564103
"K07114",768.653381045974,3.37689469658357,0.0043932607074314,"gamma_mle",1
"K07115",7.49444178210798,0.757590220239142,0.0356396278569565,"zero_inflated_gamma",0.352564102564103
"K07116",0.0630097508607556,-1,-1,"mean_only",0.00641025641025641
"K07117",0.735047206234912,2.57692744326757,0.157311474219585,"zero_inflated_gamma",0.0448717948717949
"K07118",34.0151162551054,1.34805561491476,0.0332799409754366,"zero_inflated_gamma",0.83974358974359
"K07119",3.22025550036365,0.679600892237635,0.0365260555678079,"zero_inflated_gamma",0.173076923076923
"K07120",11.0359709186827,1.63976818308183,0.0942936624112414,"zero_inflated_gamma",0.634615384615385
"K07121",11.8133243854452,0.863998082780083,0.0511025472931333,"zero_inflated_gamma",0.698717948717949
"K07122",7.84043336617678,1.13826467383439,0.0400172321469078,"zero_inflated_gamma",0.275641025641026
"K07123",0.760802457730304,5.9239258393966,0.399303479635572,"zero_inflated_gamma",0.0512820512820513
"K07124",551.799302291167,14.8500976274052,0.0269121355640448,"gamma_mle",1
"K07126",283.279808743738,2.55152860919056,0.0090070966247324,"gamma_mle",1
"K07127",16.6609799000125,1.20466960535127,0.0268825713832365,"zero_inflated_gamma",0.371794871794872
"K07128",6.30072404559393,1.20418153394445,0.0588055265361021,"zero_inflated_gamma",0.307692307692308
"K07129",16.1005755795779,1.97203660429243,0.0965726353842342,"zero_inflated_gamma",0.788461538461538
"K07130",126.025964499033,4.01582163825793,0.0318650339572585,"gamma_mle",1
"K07131",0.386521498577117,-1,-1,"mean_only",0.00641025641025641
"K07132",143.634895678079,1.28815528953733,0.00873830597225981,"zero_inflated_gamma",0.974358974358974
"K07133",1681.98978338732,5.25415785100162,0.00312377512806315,"gamma_mle",1
"K07134",0,-1,-1,"zero",0
"K07136",3.81147526388474,0.909342604674771,0.0275284868532248,"zero_inflated_gamma",0.115384615384615
"K07137",1012.4547509453,25.8718944611375,0.0255536303592646,"gamma_mle",1
"K07138",508.940760644084,12.0021091514525,0.0235825268470606,"gamma_mle",1
"K07139",303.403494410623,7.1071851921952,0.023424862676685,"gamma_mle",1
"K07140",1.84944393391469,0.901798784409526,0.0843932362468199,"zero_inflated_gamma",0.173076923076923
"K07141",266.635661489063,6.95543977857935,0.0260859321657716,"gamma_mle",1
"K07142",0.468603995480269,-1,-1,"mean_only",0.00641025641025641
"K07144",0,-1,-1,"zero",0
"K07146",9.78845621997631,0.878073229025562,0.0281765629337835,"zero_inflated_gamma",0.314102564102564
"K07147",2.72163050615685,0.842298606626986,0.0515805142494266,"zero_inflated_gamma",0.166666666666667
"K07148",109.490995754564,1.71120092427626,0.0153281391097776,"zero_inflated_gamma",0.980769230769231
"K07149",313.32477873203,5.29413977172625,0.0168966520718556,"gamma_mle",1
"K07150",195.863894834914,4.90340565934904,0.0250347603037401,"gamma_mle",1
"K07151",5.88532712915133,1.32530594630225,0.151568949167537,"zero_inflated_gamma",0.673076923076923
"K07152",1.58399258901545,1.0040981903449,0.0284443805739658,"zero_inflated_gamma",0.0448717948717949
"K07153",3.5807515754613,0.602374941915722,0.0204890446256711,"zero_inflated_gamma",0.121794871794872
"K07154",337.49885991809,3.08882187874175,0.00915209574186829,"gamma_mle",1
"K07155",1.75760896904192,3.13853882091925,0.194594054849556,"zero_inflated_gamma",0.108974358974359
"K07156",4.17933651393921,0.866369461231961,0.0252478729831406,"zero_inflated_gamma",0.121794871794872
"K07157",0,-1,-1,"zero",0
"K07158",0,-1,-1,"zero",0
"K07159",0,-1,-1,"zero",0
"K07160",148.906061181233,2.36593912086205,0.0158888033307286,"gamma_mle",1
"K07161",4.69947422536261,1.68900247887127,0.101369917507459,"zero_inflated_gamma",0.282051282051282
"K07162",29.2483458276235,1.90249948763663,0.0492017611438552,"zero_inflated_gamma",0.756410256410256
"K07164",137.867239611512,2.12529671769505,0.0154155310839891,"gamma_mle",1
"K07165",442.125983293195,1.71691293949719,0.00388331155456796,"gamma_mle",1
"K07166",578.814063614594,11.6234217914032,0.0200814432856329,"gamma_mle",1
"K07168",6.84837326997749,1.58442248816997,0.0993650782067282,"zero_inflated_gamma",0.429487179487179
"K07169",0.808557352888903,1.00240067982894,0.0238411487839197,"zero_inflated_gamma",0.0192307692307692
"K07171",1080.79523927048,6.1140239252654,0.00565696785395934,"gamma_mle",1
"K07172",156.704400797325,0.525201308234751,0.00240623494932865,"zero_inflated_gamma",0.717948717948718
"K07173",470.549486206505,16.9775226889475,0.0360802066235744,"gamma_mle",1
"K07175",60.3944703432096,1.86526482516832,0.0302907590275262,"zero_inflated_gamma",0.980769230769231
"K07177",74.9286693569725,1.22227808208818,0.0157897172429097,"zero_inflated_gamma",0.967948717948718
"K07178",0.661814622099227,1.26546115989658,0.061285518945072,"zero_inflated_gamma",0.032051282051282
"K07179",0.171665554745691,14.4942938286016,1.08247854456971,"zero_inflated_gamma",0.0128205128205128
"K07180",3.21127497570054,0.574042041779688,0.0435436874216425,"zero_inflated_gamma",0.243589743589744
"K07181",7.11995596542219,1.42640593095293,0.101453800662116,"zero_inflated_gamma",0.506410256410256
"K07182",29.3591211687027,1.73378005212813,0.0495904041689077,"zero_inflated_gamma",0.83974358974359
"K07183",4.40704401779875,1.2883907714428,0.0674649370542337,"zero_inflated_gamma",0.230769230769231
"K07184",5.22932921680719,0.580958278399077,0.0220767965809318,"zero_inflated_gamma",0.198717948717949
"K07186",4.59505331062459,0.600297501105353,0.0267979369597238,"zero_inflated_gamma",0.205128205128205
"K07188",0,-1,-1,"zero",0
"K07189",0,-1,-1,"zero",0
"K07190",0,-1,-1,"zero",0
"K07192",118.984492669261,2.93880657635439,0.0246990722103874,"gamma_mle",1
"K07198",1.21455167303601,1.34804175504996,0.0640332078420472,"zero_inflated_gamma",0.0576923076923077
"K07200",0,-1,-1,"zero",0
"K07203",0.0278858486374506,-1,-1,"mean_only",0.00641025641025641
"K07204",0,-1,-1,"zero",0
"K07212",6.9335227071748,0.76129132975482,0.0281534961821561,"zero_inflated_gamma",0.256410256410256
"K07213",164.489439336181,3.31532778476959,0.0200260618364245,"zero_inflated_gamma",0.993589743589744
"K07214",183.201705453635,2.5641976629663,0.0139068601580507,"zero_inflated_gamma",0.993589743589744
"K07215",0.169922498018905,11.3598638373357,0.857092390141528,"zero_inflated_gamma",0.0128205128205128
"K07216",40.1876665350361,1.33095568192009,0.0290848463236092,"zero_inflated_gamma",0.878205128205128
"K07217",30.9468703767809,1.5004469501078,0.0372958540740637,"zero_inflated_gamma",0.769230769230769
"K07218",1.7666349032208,1.79899146114958,0.124025588972187,"zero_inflated_gamma",0.121794871794872
"K07219",94.5364354565124,2.30627322855689,0.0240828376071983,"zero_inflated_gamma",0.987179487179487
"K07220",123.792854600104,2.44298298353736,0.0196079397639559,"zero_inflated_gamma",0.993589743589744
"K07221",56.2858445165405,1.06119206619001,0.0172824873174222,"zero_inflated_gamma",0.916666666666667
"K07222",0.637191721709083,9.22229101383357,0.371111224923712,"zero_inflated_gamma",0.0256410256410256
"K07223",11.8313514045249,1.06578148722683,0.0525473250089769,"zero_inflated_gamma",0.583333333333333
"K07224",4.03470519771427,0.978865382624124,0.062208045309473,"zero_inflated_gamma",0.256410256410256
"K07225",0.949622415224321,0.95206564084008,0.0385604938089315,"zero_inflated_gamma",0.0384615384615385
"K07226",0,-1,-1,"zero",0
"K07227",7.00283778873473,1.16745661717158,0.0566393102273248,"zero_inflated_gamma",0.33974358974359
"K07228",8.79340737841546,1.91903465747579,0.0923304520333885,"zero_inflated_gamma",0.423076923076923
"K07229",4.01803291377339,0.573253919652446,0.0210347221927637,"zero_inflated_gamma",0.147435897435897
"K07230",93.294789678109,1.1915566598304,0.0118713664800168,"zero_inflated_gamma",0.92948717948718
"K07231",14.1300465033793,1.28788895473457,0.0613478755862681,"zero_inflated_gamma",0.673076923076923
"K07232",3.23181100789964,0.693548320766892,0.0343911088717087,"zero_inflated_gamma",0.16025641025641
"K07233",1.17477972286753,0.931365595960383,0.0559025780079588,"zero_inflated_gamma",0.0705128205128205
"K07234",0.622329667294356,2.92852076967865,0.0603299827180578,"zero_inflated_gamma",0.0128205128205128
"K07235",3.31032390527017,0.716084835338174,0.0235731874388492,"zero_inflated_gamma",0.108974358974359
"K07236",3.72742168803015,0.910851306597735,0.0313288429139029,"zero_inflated_gamma",0.128205128205128
"K07237",4.51049295594512,0.795240727106029,0.02486409676397,"zero_inflated_gamma",0.141025641025641
"K07238",759.636041101278,14.5211029987874,0.0191158689334113,"gamma_mle",1
"K07239",9.7782455462963,0.584861142872967,0.0295228280144402,"zero_inflated_gamma",0.493589743589744
"K07240",1049.40812512545,11.3474497953247,0.0108131903342832,"gamma_mle",1
"K07241",1.72992756845944,0.692520084535935,0.0179629596894438,"zero_inflated_gamma",0.0448717948717949
"K07242",0,-1,-1,"zero",0
"K07243",88.5806358663955,1.23138000143266,0.0130992381817395,"zero_inflated_gamma",0.942307692307692
"K07244",0.753421468932493,1.70836118173619,0.0726753461895234,"zero_inflated_gamma",0.032051282051282
"K07245",3.34337662101931,0.854235236533549,0.0458591090994785,"zero_inflated_gamma",0.179487179487179
"K07246",3.49777717000311,1.29268891978686,0.0900245347853033,"zero_inflated_gamma",0.243589743589744
"K07248",12.8384404094742,1.45564654512495,0.088670446761462,"zero_inflated_gamma",0.782051282051282
"K07249",0,-1,-1,"zero",0
"K07250",20.3837999115526,1.24243463248058,0.0468862014054763,"zero_inflated_gamma",0.769230769230769
"K07251",3.06488695369908,0.861248408275825,0.054039413655796,"zero_inflated_gamma",0.192307692307692
"K07253",10.066420628279,0.779401490996759,0.0258086271766826,"zero_inflated_gamma",0.333333333333333
"K07254",0.237608522578502,-1,-1,"mean_only",0.00641025641025641
"K07257",12.8016934897661,1.51088519700723,0.0794380806209007,"zero_inflated_gamma",0.673076923076923
"K07258",1281.00717404962,13.6871923463593,0.0106847117046896,"gamma_mle",1
"K07259",176.39593447562,3.1077434264555,0.0176179991658767,"gamma_mle",1
"K07260",350.191722544404,4.80381595300285,0.0137176741874409,"gamma_mle",1
"K07261",3.87185368289216,0.711606705067114,0.0388785837325102,"zero_inflated_gamma",0.211538461538462
"K07262",8.99291460685454,1.05901130593984,0.0596351917512465,"zero_inflated_gamma",0.506410256410256
"K07263",374.497915426855,2.1675012019571,0.00578775238170971,"gamma_mle",1
"K07264",18.4989345864063,1.02734272589391,0.0306155796516338,"zero_inflated_gamma",0.551282051282051
"K07265",3.51527898095939,1.51783667475553,0.188212974907743,"zero_inflated_gamma",0.435897435897436
"K07266",5.8272285249953,1.2921605667144,0.103765431196707,"zero_inflated_gamma",0.467948717948718
"K07267",7.98147728561913,0.654294969721498,0.0294275243705969,"zero_inflated_gamma",0.358974358974359
"K07268",0,-1,-1,"zero",0
"K07269",3.56313799865315,0.730984565397374,0.0236713742106952,"zero_inflated_gamma",0.115384615384615
"K07270",1.95919667332189,1.69216403509111,0.116267710903103,"zero_inflated_gamma",0.134615384615385
"K07271",220.693029647015,3.06424041482849,0.0138846270755789,"gamma_mle",1
"K07272",84.6044629783024,1.33235717412223,0.0152433260982005,"zero_inflated_gamma",0.967948717948718
"K07273",560.090001318677,7.43973773312572,0.0132831111350133,"gamma_mle",1
"K07274",8.01988293389749,0.75651743056137,0.041722987936375,"zero_inflated_gamma",0.442307692307692
"K07275",3.30452524750956,1.76889935985498,0.116667090969044,"zero_inflated_gamma",0.217948717948718
"K07276",7.41517290844027,0.654203180632644,0.0316704910736852,"zero_inflated_gamma",0.358974358974359
"K07277",191.149359583558,2.04589194677619,0.0106344968104436,"zero_inflated_gamma",0.993589743589744
"K07278",14.4350992366965,1.14609723858928,0.0651458962904953,"zero_inflated_gamma",0.82051282051282
"K07279",2.01448382017507,0.548681289264967,0.0680920446927793,"zero_inflated_gamma",0.25
"K07280",0,-1,-1,"zero",0
"K07281",5.188160196338,2.02189349476036,0.16737673884878,"zero_inflated_gamma",0.429487179487179
"K07282",490.865651622036,19.1062274448186,0.0389235371871778,"gamma_mle",1
"K07283",2.52979928363593,0.978431832310328,0.0520642006179591,"zero_inflated_gamma",0.134615384615385
"K07284",941.260490373372,5.50619812322403,0.00584981328711659,"gamma_mle",1
"K07285",5.30273396039405,0.786553746359627,0.0294758040287181,"zero_inflated_gamma",0.198717948717949
"K07286",2.70316095582989,0.783567894888278,0.0445955342192635,"zero_inflated_gamma",0.153846153846154
"K07287",5.80155820253916,1.19891958512828,0.0794825978226354,"zero_inflated_gamma",0.384615384615385
"K07289",8.63968309682505,1.00753747383583,0.0814826781359304,"zero_inflated_gamma",0.698717948717949
"K07290",3.29059955042769,0.71845163724252,0.0587823841782172,"zero_inflated_gamma",0.269230769230769
"K07291",5.188160196338,2.02189349476036,0.16737673884878,"zero_inflated_gamma",0.429487179487179
"K07299",0,-1,-1,"zero",0
"K07300",56.3853704861041,1.48398656544385,0.0212573673506874,"zero_inflated_gamma",0.807692307692308
"K07301",456.218188817998,8.76287018289201,0.0192076300280694,"gamma_mle",1
"K07302",1.64221669720165,2.35861326702413,0.0736532071072992,"zero_inflated_gamma",0.0512820512820513
"K07303",1.06892965825112,1.29933887982034,0.0623359662194496,"zero_inflated_gamma",0.0512820512820513
"K07304",78.9822360187248,1.54552772349942,0.0186899889764062,"zero_inflated_gamma",0.955128205128205
"K07305",8.60252728242881,1.04344385971017,0.0443193402169594,"zero_inflated_gamma",0.365384615384615
"K07306",78.394513863572,1.39215714172909,0.0176445134910134,"zero_inflated_gamma",0.993589743589744
"K07307",190.427455881366,2.21843052180671,0.0115750630765492,"zero_inflated_gamma",0.993589743589744
"K07308",87.764807858087,1.11547645728926,0.0120580510825459,"zero_inflated_gamma",0.948717948717949
"K07309",30.6646349977904,1.0485504976687,0.0317830049077115,"zero_inflated_gamma",0.92948717948718
"K07310",18.8922600892297,1.22011555850229,0.0500930899070569,"zero_inflated_gamma",0.775641025641026
"K07311",6.58586994403789,1.4713983376009,0.0701759971854729,"zero_inflated_gamma",0.314102564102564
"K07312",3.11718901058761,0.706951818685664,0.0421599492203781,"zero_inflated_gamma",0.185897435897436
"K07313",117.031476188848,2.74945551065791,0.0231921032650594,"zero_inflated_gamma",0.987179487179487
"K07314",2.25083443698147,0.70406764280027,0.0401029417922639,"zero_inflated_gamma",0.128205128205128
"K07315",92.6133985396771,2.60540574675137,0.028132060671925,"gamma_mle",1
"K07316",277.024262325026,3.40520095968563,0.01229206760125,"gamma_mle",1
"K07317",37.8159490921579,1.09099863814166,0.0266309768802222,"zero_inflated_gamma",0.923076923076923
"K07318",29.0744979059489,1.24227261363093,0.0347843434250469,"zero_inflated_gamma",0.814102564102564
"K07319",52.2793408932557,0.988019699090669,0.0180508297484202,"zero_inflated_gamma",0.955128205128205
"K07320",6.87892970801244,1.26456837780367,0.0659910250678339,"zero_inflated_gamma",0.358974358974359
"K07321",118.59556401082,2.79446669414931,0.0231098605828209,"zero_inflated_gamma",0.980769230769231
"K07322",209.629603860631,2.30413230337149,0.010850529237026,"zero_inflated_gamma",0.987179487179487
"K07323",9.99521774730526,1.24703157878714,0.0671799814070962,"zero_inflated_gamma",0.538461538461538
"K07326",9.01226655028065,1.092502637834,0.0543953665687522,"zero_inflated_gamma",0.448717948717949
"K07332",0,-1,-1,"zero",0
"K07333",0,-1,-1,"zero",0
"K07334",78.0518731983241,1.30629697532844,0.0144833078214574,"zero_inflated_gamma",0.865384615384615
"K07335",630.900791168591,9.44509429119459,0.0149708074920937,"gamma_mle",1
"K07336",2.79197026673034,0.905446713457045,0.0561295129259317,"zero_inflated_gamma",0.173076923076923
"K07337",4.01055330568453,0.737286256124153,0.0377100601480793,"zero_inflated_gamma",0.205128205128205
"K07338",0.138420997313044,16.1904037528591,1.49955052276776,"zero_inflated_gamma",0.0128205128205128
"K07339",14.1884966922828,2.6761929185946,0.0737541174514217,"zero_inflated_gamma",0.391025641025641
"K07340",37.1812474714803,1.47070056666308,0.0360051022871048,"zero_inflated_gamma",0.91025641025641
"K07341",150.052926333523,3.47489900992643,0.0231578223419833,"gamma_mle",1
"K07342",0,-1,-1,"zero",0
"K07343",54.6843066133772,1.20261708068226,0.0190315354490863,"zero_inflated_gamma",0.865384615384615
"K07344",2.03513410825451,0.795742342571681,0.0526349399116051,"zero_inflated_gamma",0.134615384615385
"K07345",22.4858260050681,0.500771030695438,0.00628142862930431,"zero_inflated_gamma",0.282051282051282
"K07346",10.4367544374476,0.5273964174456,0.0126331519201332,"zero_inflated_gamma",0.25
"K07347",35.9921508145259,0.375511846960146,0.00421339130023086,"zero_inflated_gamma",0.403846153846154
"K07348",3.18832806691173,0.749236754111363,0.0346464952527188,"zero_inflated_gamma",0.147435897435897
"K07349",6.03351152480073,0.600877343786556,0.0159599340655641,"zero_inflated_gamma",0.16025641025641
"K07350",5.44338624305495,0.545271226307882,0.0256849557808106,"zero_inflated_gamma",0.256410256410256
"K07351",1.41853363508661,0.901794601603363,0.0611272212658142,"zero_inflated_gamma",0.0961538461538462
"K07352",1.3513132744238,1.0049753197343,0.0572078993737989,"zero_inflated_gamma",0.0769230769230769
"K07353",1.2716365342245,0.820246135469453,0.0537526587061607,"zero_inflated_gamma",0.0833333333333333
"K07354",1.04867790684116,0.553393106905726,0.0676545522279504,"zero_inflated_gamma",0.128205128205128
"K07355",1.46311001958587,1.14928348767727,0.0704942379154677,"zero_inflated_gamma",0.0897435897435897
"K07356",2.2766814596257,1.01799887191067,0.0401280876312,"zero_inflated_gamma",0.0897435897435897
"K07357",4.25890034844979,1.01014273962634,0.0592959835274159,"zero_inflated_gamma",0.25
"K07358",4.09536927073806,1.31257806051802,0.0862892641778824,"zero_inflated_gamma",0.269230769230769
"K07359",0,-1,-1,"zero",0
"K07367",0,-1,-1,"zero",0
"K07369",0.781719734454364,3.36038938769483,0.248002717567537,"zero_inflated_gamma",0.0576923076923077
"K07375",0.355350409982188,-1,-1,"mean_only",0.00641025641025641
"K07378",0,-1,-1,"zero",0
"K07386",202.985073736492,4.69479808277809,0.0231287847739618,"gamma_mle",1
"K07387",70.9250252903457,1.87793383203057,0.024950170808161,"zero_inflated_gamma",0.942307692307692
"K07388",0,-1,-1,"zero",0
"K07389",1.11868925914947,2.34783551347604,0.242162061978444,"zero_inflated_gamma",0.115384615384615
"K07390",2.73497950118411,1.18845734441696,0.0445681808266089,"zero_inflated_gamma",0.102564102564103
"K07391",704.005397347166,43.0670210637958,0.0611742768252643,"gamma_mle",1
"K07392",3.3735360250024,2.24192445299336,0.161880530874675,"zero_inflated_gamma",0.243589743589744
"K07393",26.1157824183077,1.59140846209108,0.0542961234075183,"zero_inflated_gamma",0.891025641025641
"K07394",0,-1,-1,"zero",0
"K07395",0.302367976749582,5.32380887680327,0.33859716574191,"zero_inflated_gamma",0.0192307692307692
"K07396",2.33381842086515,1.72548747346391,0.12796285265595,"zero_inflated_gamma",0.173076923076923
"K07397",101.456690599601,1.58162890592663,0.0145898947506555,"zero_inflated_gamma",0.935897435897436
"K07399",6.70464980317535,1.08896048365984,0.0676744570079377,"zero_inflated_gamma",0.416666666666667
"K07400",4.47501861300492,1.07126611315002,0.0537088640734103,"zero_inflated_gamma",0.224358974358974
"K07401",0.370421090764718,1.73945857864759,0.0903056746671613,"zero_inflated_gamma",0.0192307692307692
"K07402",492.791771933195,7.01039701978592,0.0142258808264686,"gamma_mle",1
"K07403",107.710073006565,2.57075095587792,0.0238673216359368,"gamma_mle",1
"K07404",104.944669289517,3.10984417474919,0.0294432227678835,"zero_inflated_gamma",0.993589743589744
"K07405",95.3441490232165,1.95372423243779,0.0199658684754198,"zero_inflated_gamma",0.974358974358974
"K07406",82.953937039982,1.86960273736081,0.0223933687865071,"zero_inflated_gamma",0.993589743589744
"K07407",1067.76487186218,10.6745803575289,0.00999712637007101,"gamma_mle",1
"K07427",0,-1,-1,"zero",0
"K07432",4.97246198574369,1.17989414722307,0.0547582395852266,"zero_inflated_gamma",0.230769230769231
"K07441",13.1397246279858,1.25465895941517,0.0495792381548013,"zero_inflated_gamma",0.519230769230769
"K07442",73.6079944010569,1.39467775352733,0.0185829954834134,"zero_inflated_gamma",0.980769230769231
"K07443",276.500820781629,5.75896504209373,0.0208280215075454,"gamma_mle",1
"K07444",440.340454383347,11.3518864571386,0.0257797945751675,"gamma_mle",1
"K07445",23.6954191268818,0.802745392470349,0.0225851077845297,"zero_inflated_gamma",0.666666666666667
"K07446",1.71767507249905,2.36044042672705,0.220225417174526,"zero_inflated_gamma",0.16025641025641
"K07447",558.353764847102,25.4297528023534,0.0455441592828106,"gamma_mle",1
"K07448",121.683113447952,3.25621955564341,0.0267598310346998,"gamma_mle",1
"K07450",100.877643481493,0.9313161528831,0.00869951303921124,"zero_inflated_gamma",0.942307692307692
"K07451",140.005120621255,2.38520852603768,0.0169273717795294,"zero_inflated_gamma",0.993589743589744
"K07452",75.3214355841019,1.90710091844074,0.0248325843270731,"zero_inflated_gamma",0.980769230769231
"K07453",3.67091805761,1.64733329964528,0.0805453031063145,"zero_inflated_gamma",0.179487179487179
"K07454",37.2422399589582,1.28835963585484,0.0279413421042338,"zero_inflated_gamma",0.807692307692308
"K07455",96.0495883630691,1.96600138858938,0.0200749810846606,"zero_inflated_gamma",0.980769230769231
"K07456",681.364446316743,13.6110215287816,0.0199761252621249,"gamma_mle",1
"K07457",24.5803222145471,1.19109304252775,0.0329260310304233,"zero_inflated_gamma",0.67948717948718
"K07458",177.400796660076,2.62469619588286,0.0147952897918048,"gamma_mle",1
"K07459",39.0135470342002,1.20157403579817,0.0296143195796353,"zero_inflated_gamma",0.961538461538462
"K07460",586.320798325563,25.2898482113404,0.0431331248756041,"gamma_mle",1
"K07461",261.537891295728,5.68058970251991,0.0217199491606236,"gamma_mle",1
"K07462",583.680773970204,28.2079352299974,0.0483276758254802,"gamma_mle",1
"K07463",2.51140345983917,1.22723582996074,0.0751792833453144,"zero_inflated_gamma",0.153846153846154
"K07464",208.729561795775,5.35884505725361,0.0256736276890994,"gamma_mle",1
"K07465",10.3288516007711,0.634797298710623,0.02048621741786,"zero_inflated_gamma",0.333333333333333
"K07466",0.8726662016756,2.82933551398364,0.145482158657214,"zero_inflated_gamma",0.0448717948717949
"K07467",173.175992902815,1.66081608603745,0.00959033673316075,"gamma_mle",1
"K07468",0,-1,-1,"zero",0
"K07469",46.6976660719411,1.27540417817459,0.0271368703612193,"zero_inflated_gamma",0.993589743589744
"K07470",1.71034672973476,1.14767241675618,0.0645209039063676,"zero_inflated_gamma",0.0961538461538462
"K07471",1.98644170716304,0.689018263356768,0.0355754410394401,"zero_inflated_gamma",0.102564102564103
"K07473",2211.52774041612,2.40762230267762,0.00108866927539629,"gamma_mle",1
"K07474",88.9829126857588,1.49987957643317,0.0157753146909901,"zero_inflated_gamma",0.935897435897436
"K07475",0.152921669858143,170.20713479724,14.2696764679265,"zero_inflated_gamma",0.0128205128205128
"K07476",0,-1,-1,"zero",0
"K07477",0.682661399642402,1.71326416703484,0.096526295011998,"zero_inflated_gamma",0.0384615384615385
"K07478",800.441176498865,45.2419064016429,0.0565212132133573,"gamma_mle",1
"K07479",2.9427993562932,0.934291964737763,0.0569843231784399,"zero_inflated_gamma",0.179487179487179
"K07480",76.4438394503108,0.355102086591693,0.00202486021293792,"zero_inflated_gamma",0.435897435897436
"K07481",239.200809290028,1.59900170026586,0.00664191602897287,"zero_inflated_gamma",0.993589743589744
"K07482",802.559136656109,2.59827817556754,0.00323749124132255,"gamma_mle",1
"K07483",992.610611591432,4.31115374141335,0.00434324768551625,"gamma_mle",1
"K07484",915.532669015008,1.92024628169666,0.00209740880547998,"gamma_mle",1
"K07485",218.740528172993,1.38818844715558,0.00630559784592242,"zero_inflated_gamma",0.993589743589744
"K07486",655.527106022238,4.99662384404017,0.00762229936510157,"gamma_mle",1
"K07487",492.865540197993,2.17294945852756,0.00440880784169785,"gamma_mle",1
"K07488",8.4313495291633,0.715677461809377,0.0146912724442301,"zero_inflated_gamma",0.173076923076923
"K07489",20.7933420606177,0.396941324588609,0.0030592673162183,"zero_inflated_gamma",0.16025641025641
"K07490",5.51915665939763,0.77543761414965,0.0189133665007045,"zero_inflated_gamma",0.134615384615385
"K07491",981.219652844393,6.34546905604758,0.00646692005979815,"gamma_mle",1
"K07492",198.653250483047,1.57652510557993,0.00773257614053051,"zero_inflated_gamma",0.974358974358974
"K07493",750.124786576802,4.70347669713494,0.0062702590039709,"gamma_mle",1
"K07494",71.0575744476873,1.4335764838317,0.0190109240109306,"zero_inflated_gamma",0.942307692307692
"K07495",233.491270315539,0.783106495490808,0.0032034049943348,"zero_inflated_gamma",0.955128205128205
"K07496",658.083196781982,1.61389625722104,0.00245241979298814,"gamma_mle",1
"K07497",1846.04080567918,5.96115402431973,0.00322915615190129,"gamma_mle",1
"K07498",7.69354809192299,0.86363606072329,0.0331007114401271,"zero_inflated_gamma",0.294871794871795
"K07499",3.27884369845939,1.6465271420132,0.115884695016593,"zero_inflated_gamma",0.230769230769231
"K07501",0.119850309407648,710.598086230773,76.0134197381736,"zero_inflated_gamma",0.0128205128205128
"K07502",37.7844050240021,1.85662844028223,0.0472475258769718,"zero_inflated_gamma",0.961538461538462
"K07503",80.7579769666599,1.28198576908448,0.0145515485379967,"zero_inflated_gamma",0.916666666666667
"K07504",14.3489108014365,1.41651240586279,0.0575861760418246,"zero_inflated_gamma",0.583333333333333
"K07505",71.0187407169197,1.36611803595535,0.0192360216777243,"gamma_mle",1
"K07506",727.013912651609,7.26492667910775,0.00999283033334351,"gamma_mle",1
"K07507",307.089063848375,3.96995924154842,0.0129277128654395,"gamma_mle",1
"K07511",0,-1,-1,"zero",0
"K07512",8.48800164756127,0.701085478098304,0.0270029426480893,"zero_inflated_gamma",0.326923076923077
"K07515",0,-1,-1,"zero",0
"K07516",3.88191872716036,1.79452443716952,0.0711196452181829,"zero_inflated_gamma",0.153846153846154
"K07518",0,-1,-1,"zero",0
"K07533",149.74791665989,4.00519037089769,0.02674621764518,"gamma_mle",1
"K07535",2.90138351072822,1.53212794059884,0.0812412388744151,"zero_inflated_gamma",0.153846153846154
"K07536",0,-1,-1,"zero",0
"K07540",0,-1,-1,"zero",0
"K07542",0.844949831056025,3.47195478990015,0.395102519050072,"zero_inflated_gamma",0.0961538461538462
"K07543",0,-1,-1,"zero",0
"K07544",0,-1,-1,"zero",0
"K07552",116.675218008175,1.75957991164231,0.0150810081324984,"gamma_mle",1
"K07555",0,-1,-1,"zero",0
"K07556",0.23148460195919,1.73414124640445,0.0960434512444495,"zero_inflated_gamma",0.0128205128205128
"K07557",0,-1,-1,"zero",0
"K07558",0.355715196485543,3.73624436954314,0.201989833356375,"zero_inflated_gamma",0.0192307692307692
"K07559",13.9980234868483,1.65124912441096,0.076373493712001,"zero_inflated_gamma",0.647435897435897
"K07560",603.503920194768,25.1093490963581,0.0416059419933089,"gamma_mle",1
"K07561",1.08679878654822,1.90948401717315,0.123889633887676,"zero_inflated_gamma",0.0705128205128205
"K07562",0,-1,-1,"zero",0
"K07566",769.572664616791,49.3314143113941,0.0641023474189519,"gamma_mle",1
"K07568",639.612903151817,15.7344128236222,0.0245998990109296,"gamma_mle",1
"K07569",0,-1,-1,"zero",0
"K07570",12.3695921642363,2.01501762180973,0.085627392993211,"zero_inflated_gamma",0.525641025641026
"K07571",179.090516740672,3.4720627039488,0.0192629177386284,"zero_inflated_gamma",0.993589743589744
"K07572",0.551980570958483,5.76992078068835,0.268028793889277,"zero_inflated_gamma",0.0256410256410256
"K07573",0.835372857276633,3.43177462758819,0.263338162276054,"zero_inflated_gamma",0.0641025641025641
"K07574",491.227357953177,11.2377850840326,0.0228769528042121,"gamma_mle",1
"K07575",0.205583253588044,-1,-1,"mean_only",0.00641025641025641
"K07576",352.564525408902,9.99140881169802,0.0283392346411201,"gamma_mle",1
"K07577",2.04474263058317,2.61804005809593,0.20518851387095,"zero_inflated_gamma",0.16025641025641
"K07579",2.00378266251494,1.36450711980626,0.139685257092311,"zero_inflated_gamma",0.205128205128205
"K07580",0.166464440079631,41.3711211400973,3.1862600127804,"zero_inflated_gamma",0.0128205128205128
"K07581",0.862582678156368,3.71703718326002,0.138115232513599,"zero_inflated_gamma",0.032051282051282
"K07583",0,-1,-1,"zero",0
"K07584",229.281708800098,4.24197624838718,0.0185011541940556,"gamma_mle",1
"K07585",0.388029193976191,14.7834638833498,0.732670084585324,"zero_inflated_gamma",0.0192307692307692
"K07586",11.6714867384902,1.61091187290015,0.0707800703782639,"zero_inflated_gamma",0.512820512820513
"K07588",158.4434356235,2.3739782953104,0.0148870824243553,"zero_inflated_gamma",0.993589743589744
"K07589",2.5089655387828,1.44839835367204,0.0814125595308803,"zero_inflated_gamma",0.141025641025641
"K07590",69.6936436635152,2.56122304105055,0.0334516832333902,"zero_inflated_gamma",0.91025641025641
"K07592",8.40391193397801,1.10250529852216,0.0672766845984591,"zero_inflated_gamma",0.512820512820513
"K07601",0,-1,-1,"zero",0
"K07603",0,-1,-1,"zero",0
"K07614",0,-1,-1,"zero",0
"K07636",1983.82247536316,20.1996631591232,0.0101821929179553,"gamma_mle",1
"K07637",3.17286496290106,0.565897080956176,0.0377289923442319,"zero_inflated_gamma",0.211538461538462
"K07638",12.6484000740497,1.48693220945778,0.0949514326403226,"zero_inflated_gamma",0.807692307692308
"K07639",12.3385807962657,1.04731858535248,0.0554995132901805,"zero_inflated_gamma",0.653846153846154
"K07640",18.914576046293,1.32068105057215,0.0568434537999162,"zero_inflated_gamma",0.814102564102564
"K07641",8.98520286212979,1.01017908461798,0.0742306241005538,"zero_inflated_gamma",0.66025641025641
"K07642",359.695711198952,9.38545728156596,0.0260927694975344,"gamma_mle",1
"K07643",5.10334685044401,0.936807143426015,0.055305505602174,"zero_inflated_gamma",0.301282051282051
"K07644",146.482332411068,3.6274315767596,0.024763611536305,"gamma_mle",1
"K07645",22.239829552038,1.48094497590452,0.060613758500257,"zero_inflated_gamma",0.91025641025641
"K07646",703.869029899901,14.8966865335552,0.0211640033880645,"gamma_mle",1
"K07647",26.3121129881061,1.20850528293586,0.0423965699219556,"zero_inflated_gamma",0.923076923076923
"K07648",30.6783906597392,1.50596320940561,0.0475153724323323,"zero_inflated_gamma",0.967948717948718
"K07649",84.7498600001545,2.80667423412821,0.0329048653605127,"zero_inflated_gamma",0.993589743589744
"K07650",29.7515605105188,1.63799910812426,0.0497620685596679,"zero_inflated_gamma",0.903846153846154
"K07651",179.477073535199,4.28262448214648,0.0238616799226257,"gamma_mle",1
"K07652",410.932226763288,6.08407748512624,0.01480554964756,"gamma_mle",1
"K07653",15.7629181173353,1.50150084408818,0.0726626653365756,"zero_inflated_gamma",0.762820512820513
"K07654",84.1581722830248,2.46893900059696,0.0293368894977174,"gamma_mle",1
"K07655",0,-1,-1,"zero",0
"K07656",1.68182723464694,1.56080521718249,0.190367456394886,"zero_inflated_gamma",0.205128205128205
"K07657",356.859948073124,6.06621357097602,0.0169988635702346,"gamma_mle",1
"K07658",1288.66239723109,19.2035083182549,0.014901892349398,"gamma_mle",1
"K07659",41.3936860814365,1.67722851755376,0.0379215773609633,"zero_inflated_gamma",0.935897435897436
"K07660",19.0568788818282,1.06963801355186,0.0413769330847635,"zero_inflated_gamma",0.737179487179487
"K07661",31.1907103032057,0.673578994484889,0.0141201348277804,"zero_inflated_gamma",0.653846153846154
"K07662",43.7555823630852,2.15595503855559,0.0451666281636164,"zero_inflated_gamma",0.916666666666667
"K07663",33.3965439661807,2.35880172971009,0.0597639431771657,"zero_inflated_gamma",0.846153846153846
"K07664",13.3798419756192,1.4210677560095,0.0585514499327592,"zero_inflated_gamma",0.551282051282051
"K07665",183.395128401424,3.86141836087932,0.0209202158886191,"zero_inflated_gamma",0.993589743589744
"K07666",70.0168102513449,2.18456605648297,0.029800567164119,"zero_inflated_gamma",0.955128205128205
"K07667",606.975284039465,13.7723364873042,0.0226901108652206,"gamma_mle",1
"K07668",518.560759329915,10.3024610505875,0.0198674135387729,"gamma_mle",1
"K07669",120.485116513876,2.77526870765568,0.0228864660085603,"zero_inflated_gamma",0.993589743589744
"K07670",128.622796319367,2.26052559873685,0.017574844144455,"gamma_mle",1
"K07671",5.69459665245851,1.46363469179926,0.0461320930459966,"zero_inflated_gamma",0.179487179487179
"K07672",4.22561525798358,1.77694545604661,0.107825017706267,"zero_inflated_gamma",0.256410256410256
"K07673",8.25023098718993,1.36285729461045,0.10589115289749,"zero_inflated_gamma",0.641025641025641
"K07674",3.83770005971873,0.692145319456435,0.0450885496968179,"zero_inflated_gamma",0.25
"K07675",25.8817818843852,1.15714153879871,0.0386902451296454,"zero_inflated_gamma",0.865384615384615
"K07676",3.41429354706626,0.60717958292236,0.0512984470133552,"zero_inflated_gamma",0.288461538461538
"K07677",135.833108897102,2.34310549536082,0.017139308724082,"zero_inflated_gamma",0.993589743589744
"K07678",71.8611173870331,2.05491527708243,0.0282290379441494,"zero_inflated_gamma",0.987179487179487
"K07679",139.838215091902,2.13857786052764,0.0152932291013738,"gamma_mle",1
"K07680",4.6916076681318,2.02909700168563,0.138620202094465,"zero_inflated_gamma",0.320512820512821
"K07682",0,-1,-1,"zero",0
"K07683",12.2622916493629,1.57026477390661,0.0993257879186203,"zero_inflated_gamma",0.775641025641026
"K07684",139.835223853904,1.85619371709302,0.0131890591554114,"zero_inflated_gamma",0.993589743589744
"K07685",41.0065306176367,1.14226467465165,0.0233916262576167,"zero_inflated_gamma",0.83974358974359
"K07686",7.85749790587341,1.11529191902893,0.0564119838213305,"zero_inflated_gamma",0.397435897435897
"K07687",12.8176565750544,0.736219553913586,0.0228278919322084,"zero_inflated_gamma",0.397435897435897
"K07688",35.5397550925028,1.31219074053146,0.0317148555826112,"zero_inflated_gamma",0.858974358974359
"K07689",42.1078339144019,1.81718770588011,0.0390059987914623,"zero_inflated_gamma",0.903846153846154
"K07690",48.7278355036797,1.13642822622514,0.0174914637775054,"zero_inflated_gamma",0.75
"K07691",9.7393596945686,1.31090952897324,0.0716136499129834,"zero_inflated_gamma",0.532051282051282
"K07692",61.8549465483248,1.70380143566524,0.0271919696220518,"zero_inflated_gamma",0.987179487179487
"K07693",150.953348377373,2.31544580512561,0.0153388171247262,"gamma_mle",1
"K07694",80.1439532239567,2.42425152557447,0.0300548120575187,"zero_inflated_gamma",0.993589743589744
"K07695",8.59569945400434,1.35533069165597,0.071762539901414,"zero_inflated_gamma",0.455128205128205
"K07696",82.5922131071846,3.12902346748642,0.0369137958873755,"zero_inflated_gamma",0.974358974358974
"K07697",12.4527536976563,1.45308234417512,0.0583438161331579,"zero_inflated_gamma",0.5
"K07698",0,-1,-1,"zero",0
"K07699",386.161421383137,9.64985063788755,0.0249891628307254,"gamma_mle",1
"K07700",23.4805730045797,1.60763490183371,0.0588110502668772,"zero_inflated_gamma",0.858974358974359
"K07701",3.28091872023959,0.734459379176481,0.0559644600951015,"zero_inflated_gamma",0.25
"K07702",4.98416709802508,0.5040701137533,0.0142625256167864,"zero_inflated_gamma",0.141025641025641
"K07703",2.81148005280718,0.785106807936962,0.0411715269669592,"zero_inflated_gamma",0.147435897435897
"K07704",183.2027460154,3.56626085023954,0.0194661975751158,"gamma_mle",1
"K07705",351.073485397441,3.63189692339278,0.0103451188268496,"gamma_mle",1
"K07706",90.7662715543897,2.04256757614525,0.0223593429529687,"zero_inflated_gamma",0.993589743589744
"K07707",42.7166402113753,1.6447226774504,0.0355413146001933,"zero_inflated_gamma",0.923076923076923
"K07708",32.7326317373005,1.30140626595197,0.034406550929316,"zero_inflated_gamma",0.865384615384615
"K07709",69.8975246908061,2.05094672627307,0.0291541029655651,"zero_inflated_gamma",0.993589743589744
"K07710",26.1732004376214,1.58633574146712,0.0543928375580637,"zero_inflated_gamma",0.897435897435897
"K07711",9.99934574799844,0.914742504229418,0.0615732354566956,"zero_inflated_gamma",0.673076923076923
"K07712",72.4137326049035,2.35923599975147,0.0321622612257434,"zero_inflated_gamma",0.987179487179487
"K07713",552.251778887346,2.35860445081864,0.00427088610845339,"gamma_mle",1
"K07714",41.9245512732087,1.84313144987665,0.0431176138898183,"zero_inflated_gamma",0.980769230769231
"K07715",8.54450963217651,1.31120386319323,0.0855810736716363,"zero_inflated_gamma",0.557692307692308
"K07716",55.1845173398578,2.59402548295157,0.0464037536148042,"zero_inflated_gamma",0.987179487179487
"K07717",4.93327292104747,1.83065273520913,0.128451738917812,"zero_inflated_gamma",0.346153846153846
"K07718",796.570508694251,7.71868744074031,0.00968989857959075,"gamma_mle",1
"K07719",2.50015745365857,1.51574552213294,0.139906159779125,"zero_inflated_gamma",0.230769230769231
"K07720",3119.09270876486,14.0471902516904,0.00450361421198441,"gamma_mle",1
"K07721",0,-1,-1,"zero",0
"K07722",72.7077979303847,1.66166561377842,0.0224145215810488,"zero_inflated_gamma",0.980769230769231
"K07723",0.19018583134493,-1,-1,"mean_only",0.00641025641025641
"K07724",6.79589081641458,0.834303238810053,0.0188870521760433,"zero_inflated_gamma",0.153846153846154
"K07726",709.520404711882,8.31881485667721,0.0117245604233965,"gamma_mle",1
"K07727",1066.81185505183,10.3069929809868,0.00966149085443557,"gamma_mle",1
"K07728",6.66394114183796,2.41067884631417,0.0973941555525957,"zero_inflated_gamma",0.269230769230769
"K07729",1640.55280584226,7.47195824171816,0.0045545368701997,"gamma_mle",1
"K07730",0.173482185349616,30.4125485937428,2.24751877758964,"zero_inflated_gamma",0.0128205128205128
"K07731",0.646049889810211,3.72266341045465,0.110811381751512,"zero_inflated_gamma",0.0192307692307692
"K07732",0.381613687777594,-1,-1,"mean_only",0.00641025641025641
"K07733",16.7814532590763,0.988577354280218,0.0241677636833048,"zero_inflated_gamma",0.41025641025641
"K07734",0.201092557655733,-1,-1,"mean_only",0.00641025641025641
"K07735",44.9754533387398,1.58142568255328,0.0322318087177239,"zero_inflated_gamma",0.916666666666667
"K07736",247.987499778308,5.60288474807243,0.0225934160112151,"gamma_mle",1
"K07738",467.130474966706,10.5545699580443,0.022594479537642,"gamma_mle",1
"K07739",83.9371712895596,2.13458476982257,0.0254307446513638,"gamma_mle",1
"K07740",3.21711410325866,0.950131782845313,0.0454364115620515,"zero_inflated_gamma",0.153846153846154
"K07741",447.043897012392,6.15246316329072,0.0137625481622897,"gamma_mle",1
"K07742",431.10195259154,8.06985059279507,0.0187191232706874,"gamma_mle",1
"K07744",2.88474485835246,2.3269164247748,0.103413866116136,"zero_inflated_gamma",0.128205128205128
"K07746",25.7920565953329,1.79918634824844,0.0424804570760081,"zero_inflated_gamma",0.608974358974359
"K07748",0,-1,-1,"zero",0
"K07749",70.7984498423249,2.30863327329565,0.0321904704960791,"zero_inflated_gamma",0.987179487179487
"K07751",5.28968280773908,0.567569611200812,0.027512173192266,"zero_inflated_gamma",0.256410256410256
"K07752",4.95798057216438,1.86702250794466,0.193112382357249,"zero_inflated_gamma",0.512820512820513
"K07753",0,-1,-1,"zero",0
"K07755",79.689768463968,2.02080466902445,0.0250332879026932,"zero_inflated_gamma",0.987179487179487
"K07757",86.7937625613798,2.17603291128255,0.0250713052074874,"gamma_mle",1
"K07761",0.723182163309061,1.59183720546886,0.112879826612433,"zero_inflated_gamma",0.0512820512820513
"K07762",0,-1,-1,"zero",0
"K07763",0.202570299877481,1.81492002301559,0.114864841673976,"zero_inflated_gamma",0.0128205128205128
"K07765",0,-1,-1,"zero",0
"K07766",0,-1,-1,"zero",0
"K07767",0,-1,-1,"zero",0
"K07768",182.992464842512,2.63881824839912,0.0144203656181699,"gamma_mle",1
"K07769",9.0222285143544,1.96953200350254,0.123142309185609,"zero_inflated_gamma",0.564102564102564
"K07770",24.0698656452105,1.78457073652778,0.0627349323300877,"zero_inflated_gamma",0.846153846153846
"K07771",15.294110858671,1.34734790877922,0.0581658588614648,"zero_inflated_gamma",0.66025641025641
"K07772",2.76453632860886,0.917195474215887,0.0616755457719977,"zero_inflated_gamma",0.185897435897436
"K07773",3.1225900000972,0.835402383642804,0.0514490549645302,"zero_inflated_gamma",0.192307692307692
"K07774",16.8756386850874,1.77511230238033,0.0728223639164476,"zero_inflated_gamma",0.692307692307692
"K07775",830.446750034014,13.1900334723871,0.0158830574890525,"gamma_mle",1
"K07776",663.632211265899,11.258367874076,0.0169647700683491,"gamma_mle",1
"K07777",37.7342360747744,1.02804931734536,0.0241008785884767,"zero_inflated_gamma",0.884615384615385
"K07778",171.107430038461,1.84992053662444,0.0108114564996308,"gamma_mle",1
"K07780",0.487341657584047,-1,-1,"mean_only",0.00641025641025641
"K07781",2.32976223168205,1.01706515373512,0.0475731049530415,"zero_inflated_gamma",0.108974358974359
"K07782",4.24761534893819,0.943110024533677,0.0597780675780645,"zero_inflated_gamma",0.269230769230769
"K07783",116.06369232697,1.57138882371351,0.0133654442836695,"zero_inflated_gamma",0.987179487179487
"K07784",3.63085220376084,0.601835962147346,0.0435641076333414,"zero_inflated_gamma",0.262820512820513
"K07785",3.44453769645454,1.12987519223847,0.124058619644718,"zero_inflated_gamma",0.378205128205128
"K07786",1.60032695233371,1.05823895584992,0.0762997178343453,"zero_inflated_gamma",0.115384615384615
"K07787",162.748706090108,1.87003572969142,0.0114903262496972,"gamma_mle",1
"K07788",16.4308203283175,0.981256177729189,0.0455559932947258,"zero_inflated_gamma",0.762820512820513
"K07789",9.23460470123701,0.75462801083678,0.04295402504241,"zero_inflated_gamma",0.525641025641026
"K07790",0,-1,-1,"zero",0
"K07791",74.9481857915744,1.84653608287013,0.023847838545828,"zero_inflated_gamma",0.967948717948718
"K07792",25.6164792939001,1.27426920115503,0.0430477955181216,"zero_inflated_gamma",0.865384615384615
"K07793",195.613550150865,2.91206719564518,0.0146959809206065,"zero_inflated_gamma",0.987179487179487
"K07794",30.6021595221959,1.51764467685127,0.0394198634051114,"zero_inflated_gamma",0.794871794871795
"K07795",46.9191893014792,1.72554557211817,0.0346552208220521,"zero_inflated_gamma",0.942307692307692
"K07796",2.15205207040768,0.762999005376529,0.0727271512802399,"zero_inflated_gamma",0.205128205128205
"K07797",0.664062160181946,1.66069479773439,0.240462718198088,"zero_inflated_gamma",0.0961538461538462
"K07798",51.8688467462631,1.71250790602469,0.0319579079948036,"zero_inflated_gamma",0.967948717948718
"K07799",35.3479890903207,1.73551270826782,0.0472095375842821,"zero_inflated_gamma",0.961538461538462
"K07800",1.50785399753692,3.00505023037112,0.114976836487225,"zero_inflated_gamma",0.0576923076923077
"K07803",16.0083514959538,1.67932642785253,0.0719527985870367,"zero_inflated_gamma",0.685897435897436
"K07804",8.73639681408733,0.515092921048662,0.0136060208452761,"zero_inflated_gamma",0.230769230769231
"K07806",35.1948316495736,1.65267271556779,0.0436466955234644,"zero_inflated_gamma",0.92948717948718
"K07807",0,-1,-1,"zero",0
"K07809",0,-1,-1,"zero",0
"K07810",3.68942801149342,1.05992745618946,0.0349901741506549,"zero_inflated_gamma",0.121794871794872
"K07811",2.67985489253983,0.71707124037508,0.0668945958950297,"zero_inflated_gamma",0.25
"K07812",29.8867367121823,1.21934555562436,0.0358297906631925,"zero_inflated_gamma",0.878205128205128
"K07813",32.2255854809018,1.67337386340659,0.0436052581844612,"zero_inflated_gamma",0.83974358974359
"K07814",555.036425587141,5.28427512956286,0.00952059159716037,"gamma_mle",1
"K07816",357.717568642253,7.00356739711116,0.0195784831695401,"gamma_mle",1
"K07817",0,-1,-1,"zero",0
"K07821",1.14755614690434,0.771141209826433,0.0861520004374104,"zero_inflated_gamma",0.128205128205128
"K07823",0,-1,-1,"zero",0
"K07862",300.936137017151,5.1061710024276,0.0169676232739592,"gamma_mle",1
"K07877",0,-1,-1,"zero",0
"K07890",0,-1,-1,"zero",0
"K07891",0,-1,-1,"zero",0
"K07897",0,-1,-1,"zero",0
"K07901",0,-1,-1,"zero",0
"K07903",0,-1,-1,"zero",0
"K07904",0,-1,-1,"zero",0
"K07937",0.431994616056778,-1,-1,"mean_only",0.00641025641025641
"K07942",0,-1,-1,"zero",0
"K07958",0,-1,-1,"zero",0
"K07964",1.27500540199865,1.67860792469743,0.0843942087832059,"zero_inflated_gamma",0.0641025641025641
"K07978",0,-1,-1,"zero",0
"K07979",995.387904698295,21.4241283285137,0.0215233962833891,"gamma_mle",1
"K07980",0,-1,-1,"zero",0
"K07991",2.00495851576014,1.56430253722712,0.0650180758076703,"zero_inflated_gamma",0.0833333333333333
"K07993",0,-1,-1,"zero",0
"K07999",1.37703332955904,1.87628310201129,0.0960775681774721,"zero_inflated_gamma",0.0705128205128205
"K08003",0,-1,-1,"zero",0
"K08042",0.215997308028389,-1,-1,"mean_only",0.00641025641025641
"K08048",0,-1,-1,"zero",0
"K08052",0,-1,-1,"zero",0
"K08068",1.16135377454055,4.82305194690616,0.399322760265961,"zero_inflated_gamma",0.0961538461538462
"K08069",0.824613757295145,15.3366800108937,0.596109696704314,"zero_inflated_gamma",0.032051282051282
"K08070",2.726089899601,1.19594461178341,0.0899904187619732,"zero_inflated_gamma",0.205128205128205
"K08073",5.14462714462446,1.09209832631781,0.0408229601491562,"zero_inflated_gamma",0.192307692307692
"K08075",2.05380694902382,0.604368842962049,0.00943165386502887,"zero_inflated_gamma",0.032051282051282
"K08081",1.88110344171578,1.22951616730027,0.0586576963575498,"zero_inflated_gamma",0.0897435897435897
"K08082",49.677892787101,0.83517338823737,0.0148719518201458,"zero_inflated_gamma",0.884615384615385
"K08083",224.43740921646,5.33438554162482,0.0237678092981372,"gamma_mle",1
"K08084",3.5284447873911,1.7399950378121,0.151733446551512,"zero_inflated_gamma",0.307692307692308
"K08085",0,-1,-1,"zero",0
"K08086",1.02123194194648,1.75412991158136,0.110106451319031,"zero_inflated_gamma",0.0641025641025641
"K08088",0,-1,-1,"zero",0
"K08092",30.7099795630192,1.27496590213468,0.0377905131097503,"zero_inflated_gamma",0.91025641025641
"K08093",7.85990978160776,1.64532849913621,0.0912471636329328,"zero_inflated_gamma",0.435897435897436
"K08094",21.61087748278,1.56502674148617,0.054313854541534,"zero_inflated_gamma",0.75
"K08097",0.249380855561164,2.01261193371855,0.155200669118488,"zero_inflated_gamma",0.0192307692307692
"K08099",0,-1,-1,"zero",0
"K08100",0.685693407906565,1.2050595261175,0.135187075674868,"zero_inflated_gamma",0.0769230769230769
"K08121",4.19827811041246,0.922732525085201,0.104258565701375,"zero_inflated_gamma",0.474358974358974
"K08122",2.36962376697224,0.667724265207603,0.0361262729635757,"zero_inflated_gamma",0.128205128205128
"K08136",0.650650803976841,4.03484839731633,0.119254810622952,"zero_inflated_gamma",0.0192307692307692
"K08137",15.778166001784,0.720828929356718,0.0307496649345301,"zero_inflated_gamma",0.673076923076923
"K08138",73.4710600084329,1.46391423846326,0.0187755239631,"zero_inflated_gamma",0.942307692307692
"K08139",48.2254217065841,1.02943120786297,0.0177885295665271,"zero_inflated_gamma",0.833333333333333
"K08141",0.488876846446675,2.01111832280485,0.0791106239592601,"zero_inflated_gamma",0.0192307692307692
"K08144",0.4786553920836,1.1560224515107,0.108371916767873,"zero_inflated_gamma",0.0448717948717949
"K08145",2.69545016065269,1.1691529297341,0.0528285899194972,"zero_inflated_gamma",0.121794871794872
"K08147",0,-1,-1,"zero",0
"K08149",0,-1,-1,"zero",0
"K08150",2.59741408043919,1.3910495674236,0.157919095684764,"zero_inflated_gamma",0.294871794871795
"K08151",10.1471234022518,1.09136964207385,0.0599823644697595,"zero_inflated_gamma",0.557692307692308
"K08152",0.220317254188957,-1,-1,"mean_only",0.00641025641025641
"K08153",13.4392089568228,1.25157816033032,0.0561161057463431,"zero_inflated_gamma",0.602564102564103
"K08154",3.96882240292837,0.622650403716314,0.0392213571497237,"zero_inflated_gamma",0.25
"K08156",183.56492729424,4.31538828354499,0.023508784314924,"gamma_mle",1
"K08157",0,-1,-1,"zero",0
"K08158",0,-1,-1,"zero",0
"K08159",75.8357369612224,2.13346619863461,0.0279523904981984,"zero_inflated_gamma",0.993589743589744
"K08160",7.41067461347377,0.626896378782488,0.0271133651135525,"zero_inflated_gamma",0.320512820512821
"K08161",36.6425483228081,1.32465986199463,0.0319796124161363,"zero_inflated_gamma",0.884615384615385
"K08162",7.7729276496524,0.469217328011691,0.0135435608317889,"zero_inflated_gamma",0.224358974358974
"K08163",5.76695749102201,0.629548540316824,0.0251918680876316,"zero_inflated_gamma",0.230769230769231
"K08164",0.312040350860571,1.89730540041428,0.194882073290806,"zero_inflated_gamma",0.032051282051282
"K08166",11.3129956186658,0.974237866763407,0.0436103808878184,"zero_inflated_gamma",0.506410256410256
"K08167",31.2963230846787,1.16152799463334,0.0314040527193916,"zero_inflated_gamma",0.846153846153846
"K08168",60.5274502299373,0.918644226662228,0.0133287965672767,"zero_inflated_gamma",0.878205128205128
"K08169",108.131236453783,2.29444348637022,0.0210830430694107,"zero_inflated_gamma",0.993589743589744
"K08170",3.88360070811414,0.897278937521955,0.0266588130140088,"zero_inflated_gamma",0.115384615384615
"K08171",0,-1,-1,"zero",0
"K08172",87.960101610736,1.11147750317,0.012312151307015,"zero_inflated_gamma",0.974358974358974
"K08173",15.7986886930467,1.50857347955181,0.0765122267860743,"zero_inflated_gamma",0.801282051282051
"K08174",3.09657052736589,1.55183703480222,0.167049000508561,"zero_inflated_gamma",0.333333333333333
"K08175",0.395145393828384,5.202544449322,0.928382536389476,"zero_inflated_gamma",0.0705128205128205
"K08176",0.218135895236591,-1,-1,"mean_only",0.00641025641025641
"K08177",190.340448600338,4.14384908237561,0.0217707224756864,"gamma_mle",1
"K08178",0,-1,-1,"zero",0
"K08180",0,-1,-1,"zero",0
"K08185",0.393423668194566,-1,-1,"mean_only",0.00641025641025641
"K08186",0.459448059665944,1.66344899592359,0.139251447883011,"zero_inflated_gamma",0.0384615384615385
"K08187",0,-1,-1,"zero",0
"K08189",0.556764225783046,2.09909392841899,0.555857906824805,"zero_inflated_gamma",0.147435897435897
"K08190",0,-1,-1,"zero",0
"K08191",95.7168533067585,1.89121781833505,0.0193784916744078,"zero_inflated_gamma",0.980769230769231
"K08192",0.345744298513981,2.06915607796574,0.230178563804682,"zero_inflated_gamma",0.0384615384615385
"K08193",0.298412537216243,1.93188563794305,0.248995214678923,"zero_inflated_gamma",0.0384615384615385
"K08194",9.7966850941115,0.741932706206863,0.0330118362626974,"zero_inflated_gamma",0.435897435897436
"K08195",14.027517531394,0.83510593581557,0.0435051833626985,"zero_inflated_gamma",0.730769230769231
"K08196",3.01591766028497,2.26990197085653,0.183335522164935,"zero_inflated_gamma",0.243589743589744
"K08209",0.367191128463139,2.98251525028658,0.208269601521773,"zero_inflated_gamma",0.0256410256410256
"K08214",0,-1,-1,"zero",0
"K08217",315.5979716864,7.93174984242735,0.0251324487291347,"gamma_mle",1
"K08218",188.968656584933,2.13876314913182,0.0111729804662573,"zero_inflated_gamma",0.987179487179487
"K08219",8.94477464536735,0.724267412663403,0.0384093239521218,"zero_inflated_gamma",0.474358974358974
"K08220",0.483116531932372,4.1013398777576,0.380931865357928,"zero_inflated_gamma",0.0448717948717949
"K08221",13.2077334024441,1.23610904556972,0.0671926724647065,"zero_inflated_gamma",0.717948717948718
"K08222",9.22215178121774,0.987303693235358,0.0569602635287006,"zero_inflated_gamma",0.532051282051282
"K08223",83.4841068453191,2.2497074674641,0.0266022497928849,"zero_inflated_gamma",0.987179487179487
"K08224",11.5882153877603,1.25882388940825,0.0800795565314925,"zero_inflated_gamma",0.737179487179487
"K08225",4.80266744377953,0.764961443100478,0.0490087549218261,"zero_inflated_gamma",0.307692307692308
"K08226",0,-1,-1,"zero",0
"K08227",9.65387925350536,0.758115259917676,0.0357410351285831,"zero_inflated_gamma",0.455128205128205
"K08229",0,-1,-1,"zero",0
"K08231",0,-1,-1,"zero",0
"K08232",0,-1,-1,"zero",0
"K08234",148.28483110527,2.71102362565377,0.0181653460370927,"zero_inflated_gamma",0.993589743589744
"K08235",1.25429807085474,2.39525455292926,0.183618984301485,"zero_inflated_gamma",0.0961538461538462
"K08239",34.7999470625194,1.43497547478344,0.0375344141224045,"zero_inflated_gamma",0.91025641025641
"K08242",4.42709401284968,1.90285302783176,0.170825850684416,"zero_inflated_gamma",0.397435897435897
"K08245",0,-1,-1,"zero",0
"K08251",0.582891415473884,1.08342861998202,0.119148353740101,"zero_inflated_gamma",0.0641025641025641
"K08252",13.1104523176602,1.68525438512233,0.106295016203696,"zero_inflated_gamma",0.826923076923077
"K08253",72.6001591074703,1.88981630462051,0.0258636085736401,"zero_inflated_gamma",0.993589743589744
"K08254",0,-1,-1,"zero",0
"K08255",5.64768756812705,2.52270569249075,0.151756462710565,"zero_inflated_gamma",0.33974358974359
"K08256",40.701659897306,1.22949822270111,0.0265284425013505,"zero_inflated_gamma",0.878205128205128
"K08257",0.102517221865507,9.08780146001595,1.13649465922184,"zero_inflated_gamma",0.0128205128205128
"K08258",1.30585731795855,2.50375560697757,0.31955451443599,"zero_inflated_gamma",0.166666666666667
"K08259",6.38100368369518,1.92713627783341,0.0987345177701799,"zero_inflated_gamma",0.326923076923077
"K08260",16.1435604560392,1.56233264854276,0.0688608793693687,"zero_inflated_gamma",0.711538461538462
"K08261",0.180680622921319,-1,-1,"mean_only",0.00641025641025641
"K08264",32.1653059565701,1.46450681143676,0.0417364155952059,"zero_inflated_gamma",0.916666666666667
"K08268",0,-1,-1,"zero",0
"K08269",0,-1,-1,"zero",0
"K08276",3.69449092525255,0.823077730827628,0.0228497594149762,"zero_inflated_gamma",0.102564102564103
"K08277",3.02873698030393,0.857869328379757,0.0308662524187117,"zero_inflated_gamma",0.108974358974359
"K08279",80.9518416070122,1.82261329676752,0.0217931571277507,"zero_inflated_gamma",0.967948717948718
"K08280",25.6853586374971,1.65545403705179,0.0483384540317958,"zero_inflated_gamma",0.75
"K08281",163.00745289289,3.59804647016072,0.0219314025602255,"zero_inflated_gamma",0.993589743589744
"K08282",292.865755689705,5.5452478835271,0.0189344359174664,"gamma_mle",1
"K08286",1.31216223380137,1.49247196464541,0.116657867230701,"zero_inflated_gamma",0.102564102564103
"K08287",0,-1,-1,"zero",0
"K08289",170.976266693179,3.2612035165999,0.019074012900587,"gamma_mle",1
"K08292",0.557281963731467,1.04372156186026,0.0360168995294894,"zero_inflated_gamma",0.0192307692307692
"K08294",0.253504337883997,55.4052849330024,4.20302965071608,"zero_inflated_gamma",0.0192307692307692
"K08295",0,-1,-1,"zero",0
"K08296",108.716620182989,1.26514318587362,0.0108911062697615,"zero_inflated_gamma",0.935897435897436
"K08297",34.5261959752343,1.22485596891692,0.0332020232253586,"zero_inflated_gamma",0.935897435897436
"K08298",34.1210562854443,1.3540887846527,0.0379041135083876,"zero_inflated_gamma",0.955128205128205
"K08299",16.7102635099191,1.06234705713783,0.0415679583357277,"zero_inflated_gamma",0.653846153846154
"K08300",90.9014910049164,1.27631693875782,0.0139506558792423,"zero_inflated_gamma",0.993589743589744
"K08301",267.150603815877,8.16592647813448,0.0305667528408902,"gamma_mle",1
"K08302",74.5653288284859,2.1569590442111,0.0283708138330303,"zero_inflated_gamma",0.980769230769231
"K08303",1290.39600387748,51.2008072943836,0.0396783678347823,"gamma_mle",1
"K08304",17.5558863661129,1.11152622911511,0.0499203322675928,"zero_inflated_gamma",0.788461538461538
"K08305",10.8060278117942,1.11496718706892,0.0687867430097358,"zero_inflated_gamma",0.666666666666667
"K08306",7.79240220460291,1.03542422036576,0.0851770041081005,"zero_inflated_gamma",0.641025641025641
"K08307",245.019325426068,2.54111402281399,0.0103710759075645,"gamma_mle",1
"K08308",2.88639560651021,1.00731392882826,0.0514531801397921,"zero_inflated_gamma",0.147435897435897
"K08309",254.178334907961,7.11296376498646,0.0279841465149344,"gamma_mle",1
"K08310",14.3706579774243,1.46175880702303,0.0475989450706608,"zero_inflated_gamma",0.467948717948718
"K08311",13.6778331660778,1.22582979405181,0.0465343113330306,"zero_inflated_gamma",0.519230769230769
"K08312",3.28315367784733,1.01007160000121,0.0532476093931179,"zero_inflated_gamma",0.173076923076923
"K08313",2.49328496532786,1.00540722167549,0.0465283861215947,"zero_inflated_gamma",0.115384615384615
"K08314",7.09934275820168,1.10069064546608,0.0496926934374096,"zero_inflated_gamma",0.320512820512821
"K08315",21.0045970172762,1.33806140513736,0.0400187176106867,"zero_inflated_gamma",0.628205128205128
"K08316",564.263927027396,23.5130225846703,0.0416702565208083,"gamma_mle",1
"K08317",6.12480887457807,0.842221719565311,0.0440736787649772,"zero_inflated_gamma",0.320512820512821
"K08318",4.98151209308199,1.26109152363217,0.0924987097726905,"zero_inflated_gamma",0.365384615384615
"K08319",3.21818780334026,1.05705800558549,0.0779048616813212,"zero_inflated_gamma",0.237179487179487
"K08320",2.35936849525567,0.91130756547498,0.0420914147051701,"zero_inflated_gamma",0.108974358974359
"K08321",25.6419709941817,1.80251026736437,0.0599312567979577,"zero_inflated_gamma",0.852564102564103
"K08322",66.6582224016443,1.64001135233049,0.023499293003989,"zero_inflated_gamma",0.955128205128205
"K08323",40.4421047458394,1.6178497862019,0.0366704200981935,"zero_inflated_gamma",0.916666666666667
"K08324",2.42977885669017,0.621805677358995,0.052494440876371,"zero_inflated_gamma",0.205128205128205
"K08325",72.5002787362024,1.89211694453812,0.0250942927064026,"zero_inflated_gamma",0.961538461538462
"K08326",3.04582068508949,0.887428310695919,0.0616337069641955,"zero_inflated_gamma",0.211538461538462
"K08329",0,-1,-1,"zero",0
"K08337",0,-1,-1,"zero",0
"K08344",2.22937479126226,0.970969559575013,0.0390864264499362,"zero_inflated_gamma",0.0897435897435897
"K08348",6.12065980167225,0.597801233260171,0.0313042981617621,"zero_inflated_gamma",0.320512820512821
"K08349",2.61025715889564,0.663942013187765,0.0358711200904334,"zero_inflated_gamma",0.141025641025641
"K08350",2.17107869877389,0.915970910674929,0.0513848529288637,"zero_inflated_gamma",0.121794871794872
"K08351",7.65289457941995,0.557118965277552,0.0354659180242433,"zero_inflated_gamma",0.487179487179487
"K08352",111.145512995515,1.67065174204238,0.0150312117602965,"gamma_mle",1
"K08353",3.99771006015981,1.4187356356649,0.122845526456537,"zero_inflated_gamma",0.346153846153846
"K08354",0.977557741713008,0.750094742932291,0.0688616047995062,"zero_inflated_gamma",0.0897435897435897
"K08356",0,-1,-1,"zero",0
"K08357",10.2673823692371,0.90669178181276,0.0537772946170865,"zero_inflated_gamma",0.608974358974359
"K08358",12.9324285215942,1.63707856996355,0.0868257645210029,"zero_inflated_gamma",0.685897435897436
"K08359",0.98635185010079,1.61429720428069,0.0839299606990495,"zero_inflated_gamma",0.0512820512820513
"K08363",4.52756477998598,1.98811853387544,0.0788153909379502,"zero_inflated_gamma",0.179487179487179
"K08364",97.5100009775273,2.08120574746059,0.0195648847917854,"zero_inflated_gamma",0.916666666666667
"K08365",23.1310469670015,1.20275844873486,0.044664587339124,"zero_inflated_gamma",0.858974358974359
"K08368",21.0077708122364,1.24972913270262,0.0499554206623182,"zero_inflated_gamma",0.83974358974359
"K08369",141.404798506904,2.11634815814307,0.0149665936410194,"gamma_mle",1
"K08372",140.416617018675,1.60182114372243,0.0114076323567131,"gamma_mle",1
"K08384",620.461254286834,9.51401805743219,0.0153337827168076,"gamma_mle",1
"K08450",0,-1,-1,"zero",0
"K08474",0,-1,-1,"zero",0
"K08475",0.102598061925664,12.5126668276841,1.56356565097067,"zero_inflated_gamma",0.0128205128205128
"K08476",0.313522968086634,4.4874702816578,0.275250983821543,"zero_inflated_gamma",0.0192307692307692
"K08478",0.314638137500647,-1,-1,"mean_only",0.00641025641025641
"K08479",11.5436993577461,1.73039848434833,0.103776800170047,"zero_inflated_gamma",0.692307692307692
"K08482",2.25384547287483,0.747120310829183,0.0339986592292274,"zero_inflated_gamma",0.102564102564103
"K08483",706.975715578309,12.2830424492439,0.0173740655846946,"gamma_mle",1
"K08484",15.6190937915655,1.06559495223508,0.0529172289186101,"zero_inflated_gamma",0.775641025641026
"K08485",3.88969004659491,0.793246817519628,0.0222237665243599,"zero_inflated_gamma",0.108974358974359
"K08490",4.27546646935688,1.07097057524342,0.00321143718204988,"zero_inflated_gamma",0.0128205128205128
"K08515",0,-1,-1,"zero",0
"K08517",0,-1,-1,"zero",0
"K08524",0.349709927284058,-1,-1,"mean_only",0.00641025641025641
"K08566",0.243783688843785,1.15977328957272,0.0914882066046463,"zero_inflated_gamma",0.0192307692307692
"K08568",0,-1,-1,"zero",0
"K08569",0,-1,-1,"zero",0
"K08570",0,-1,-1,"zero",0
"K08587",7.4765914294515,0.86229109364179,0.0613625990135419,"zero_inflated_gamma",0.532051282051282
"K08589",9.40543857127953,1.00577020519476,0.036330467460969,"zero_inflated_gamma",0.33974358974359
"K08591",469.470589217552,21.1704159330099,0.0450942325658648,"gamma_mle",1
"K08595",0,-1,-1,"zero",0
"K08596",0,-1,-1,"zero",0
"K08600",855.226966001844,6.46619885588365,0.00756079861011972,"gamma_mle",1
"K08602",380.72794517889,6.76839542949428,0.0177775115149849,"gamma_mle",1
"K08604",4.17480257693813,2.30273983370581,0.155573996699894,"zero_inflated_gamma",0.282051282051282
"K08606",0.54917034250324,1.01195883849479,0.0472488416021017,"zero_inflated_gamma",0.0256410256410256
"K08618",0,-1,-1,"zero",0
"K08621",0,-1,-1,"zero",0
"K08624",0.137938314258237,-1,-1,"mean_only",0.00641025641025641
"K08630",0,-1,-1,"zero",0
"K08640",538.040985448575,0.00960090161581757,1.76154110744215e-05,"zero_inflated_gamma",0.987179487179487
"K08641",85.5693612949854,2.35486546590294,0.0266379107447661,"zero_inflated_gamma",0.967948717948718
"K08642",0.149139137133534,-1,-1,"mean_only",0.00641025641025641
"K08643",11.2698559749663,0.584451629744305,0.0176190090771248,"zero_inflated_gamma",0.33974358974359
"K08651",28.5825108625933,1.79112471883059,0.0622633595304324,"zero_inflated_gamma",0.993589743589744
"K08652",0,-1,-1,"zero",0
"K08653",5.44179771092555,1.74181003292226,0.170298917808992,"zero_inflated_gamma",0.532051282051282
"K08654",0,-1,-1,"zero",0
"K08655",0,-1,-1,"zero",0
"K08659",482.184339436674,5.52004045862145,0.0114479878485278,"gamma_mle",1
"K08660",23.5085810916089,1.08853980448271,0.0400707127479231,"zero_inflated_gamma",0.865384615384615
"K08669",1.59579434616066,1.02764531788673,0.177504833313262,"zero_inflated_gamma",0.275641025641026
"K08675",0,-1,-1,"zero",0
"K08676",191.176436253389,1.44723195409593,0.00747308468696733,"zero_inflated_gamma",0.987179487179487
"K08677",0,-1,-1,"zero",0
"K08678",92.3962638306092,2.05445411263934,0.0219501836250354,"zero_inflated_gamma",0.987179487179487
"K08679",142.088923184563,2.3144806490021,0.0161845426303805,"zero_inflated_gamma",0.993589743589744
"K08680",35.3762149896847,1.70806102622679,0.0439496848005201,"zero_inflated_gamma",0.91025641025641
"K08681",202.351508444369,3.25423355802239,0.0160820820316101,"gamma_mle",1
"K08682",10.2441827908886,1.6190709052474,0.0891551886331275,"zero_inflated_gamma",0.564102564102564
"K08683",2.28329414246614,2.23770563804362,0.100516296301925,"zero_inflated_gamma",0.102564102564103
"K08688",0,-1,-1,"zero",0
"K08691",0,-1,-1,"zero",0
"K08693",50.8867385891698,1.67388539123731,0.0297314175519024,"zero_inflated_gamma",0.903846153846154
"K08696",1.51654397400494,1.74126351288574,0.139842279517255,"zero_inflated_gamma",0.121794871794872
"K08697",2.65683435680051,2.89112450029267,0.0906819956894837,"zero_inflated_gamma",0.0833333333333333
"K08698",1.07771250589819,1.24991235662829,0.0669105423499916,"zero_inflated_gamma",0.0576923076923077
"K08700",0.12164114875816,-1,-1,"mean_only",0.00641025641025641
"K08713",2.35436515223064,1.60157486917455,0.113376272414465,"zero_inflated_gamma",0.166666666666667
"K08714",0.195539666973014,16969.7012717064,1112.61452002068,"zero_inflated_gamma",0.0128205128205128
"K08715",0,-1,-1,"zero",0
"K08716",0,-1,-1,"zero",0
"K08717",24.3582070929325,1.56288536460001,0.0542914122253915,"zero_inflated_gamma",0.846153846153846
"K08720",1.37671884671302,2.19101294135754,0.183631673340456,"zero_inflated_gamma",0.115384615384615
"K08721",0,-1,-1,"zero",0
"K08722",271.507050558903,5.00100379891317,0.0184194251626928,"gamma_mle",1
"K08723",6.2158569759506,0.827521119101349,0.0366962706656908,"zero_inflated_gamma",0.275641025641026
"K08724",5.95393402288572,1.74543495561679,0.0920812345125311,"zero_inflated_gamma",0.314102564102564
"K08726",0.662505228025391,4.10786552743863,0.079493625758152,"zero_inflated_gamma",0.0128205128205128
"K08728",6.62915788646993,0.791241879179191,0.0298394567126735,"zero_inflated_gamma",0.25
"K08732",0,-1,-1,"zero",0
"K08734",0.565733446840858,38.5046420323554,2.18145691925094,"zero_inflated_gamma",0.032051282051282
"K08735",3.39934021557782,1.26302966740336,0.13814091073127,"zero_inflated_gamma",0.371794871794872
"K08736",3.41882610078198,1.60897398507168,0.156873922767785,"zero_inflated_gamma",0.333333333333333
"K08737",11.7202468943356,1.53746324454042,0.103430469174184,"zero_inflated_gamma",0.788461538461538
"K08738",2.17665899233024,1.96389437972494,0.185077281555745,"zero_inflated_gamma",0.205128205128205
"K08739",0,-1,-1,"zero",0
"K08740",8.05838302413942,1.24838136072917,0.107250302744035,"zero_inflated_gamma",0.692307692307692
"K08743",0,-1,-1,"zero",0
"K08744",185.643342731115,3.46592379225226,0.0186697984493432,"gamma_mle",1
"K08751",0,-1,-1,"zero",0
"K08762",0,-1,-1,"zero",0
"K08764",0,-1,-1,"zero",0
"K08770",2.83311163760489,1.69679097773987,0.0883014623369037,"zero_inflated_gamma",0.147435897435897
"K08776",0,-1,-1,"zero",0
"K08777",0,-1,-1,"zero",0
"K08783",0,-1,-1,"zero",0
"K08784",0,-1,-1,"zero",0
"K08789",0,-1,-1,"zero",0
"K08790",0,-1,-1,"zero",0
"K08794",0.548851474629529,9.64784148602193,0.901448068771682,"zero_inflated_gamma",0.0512820512820513
"K08797",0.11933650441003,1209.03174758284,129.888227386272,"zero_inflated_gamma",0.0128205128205128
"K08798",0,-1,-1,"zero",0
"K08799",0,-1,-1,"zero",0
"K08800",0,-1,-1,"zero",0
"K08802",0,-1,-1,"zero",0
"K08804",0.869406090388703,3.3739894650145,0.273646016733501,"zero_inflated_gamma",0.0705128205128205
"K08807",0.374995121802834,3.71890799882846,0.254287615519203,"zero_inflated_gamma",0.0256410256410256
"K08811",0,-1,-1,"zero",0
"K08815",0.803483412278957,2.32752151667842,0.167122414039406,"zero_inflated_gamma",0.0576923076923077
"K08818",0,-1,-1,"zero",0
"K08819",0.389211401914322,-1,-1,"mean_only",0.00641025641025641
"K08821",0.974592861820245,1.63840624800983,0.20475163192923,"zero_inflated_gamma",0.121794871794872
"K08823",0,-1,-1,"zero",0
"K08824",0,-1,-1,"zero",0
"K08825",0,-1,-1,"zero",0
"K08827",0.185893284254287,16.1058094614453,1.11077028690688,"zero_inflated_gamma",0.0128205128205128
"K08835",0.246033817840853,5.42603776670003,0.42411600585877,"zero_inflated_gamma",0.0192307692307692
"K08836",0,-1,-1,"zero",0
"K08837",1.19924516237112,3.56338568456444,0.247613095607504,"zero_inflated_gamma",0.0833333333333333
"K08838",0,-1,-1,"zero",0
"K08843",0,-1,-1,"zero",0
"K08844",0,-1,-1,"zero",0
"K08846",0,-1,-1,"zero",0
"K08847",0,-1,-1,"zero",0
"K08850",1.36148199170531,2.54266181740985,0.059857986787436,"zero_inflated_gamma",0.032051282051282
"K08851",24.3971439985752,1.24425580155403,0.0330192694508013,"zero_inflated_gamma",0.647435897435897
"K08852",0.126237857404144,-1,-1,"mean_only",0.00641025641025641
"K08853",0,-1,-1,"zero",0
"K08856",0.425733824519724,-1,-1,"mean_only",0.00641025641025641
"K08857",0,-1,-1,"zero",0
"K08860",0.518421279202459,3.07462590901846,0.152070458780138,"zero_inflated_gamma",0.0256410256410256
"K08864",0.668031304119059,6.17604888065515,0.592637750404294,"zero_inflated_gamma",0.0641025641025641
"K08866",0,-1,-1,"zero",0
"K08869",12.7376023013484,1.24254851774077,0.0575292748153588,"zero_inflated_gamma",0.58974358974359
"K08874",0,-1,-1,"zero",0
"K08876",0,-1,-1,"zero",0
"K08884",209.850095804986,3.268162160257,0.0155737939871807,"gamma_mle",1
"K08900",1.9051984408853,0.941998006969395,0.0507113475051419,"zero_inflated_gamma",0.102564102564103
"K08927",0,-1,-1,"zero",0
"K08952",0.972977028241801,3.44407627275936,0.249596367647431,"zero_inflated_gamma",0.0705128205128205
"K08954",0,-1,-1,"zero",0
"K08955",3.56021274408767,1.83363922923467,0.211296993175591,"zero_inflated_gamma",0.41025641025641
"K08956",0.874747845446265,0.950925748343644,0.0487794800983082,"zero_inflated_gamma",0.0448717948717949
"K08961",56.6042325750801,1.17324030253335,0.0199298819927733,"zero_inflated_gamma",0.961538461538462
"K08963",108.692569177949,2.48876062462883,0.0227504699684924,"zero_inflated_gamma",0.993589743589744
"K08964",0.832592557517344,8.22175758207311,0.253202235682778,"zero_inflated_gamma",0.0256410256410256
"K08965",4.61183441105226,1.20122883989233,0.0634469928930545,"zero_inflated_gamma",0.243589743589744
"K08966",2.94898261503385,3.08098279769979,0.388436879360799,"zero_inflated_gamma",0.371794871794872
"K08967",0.697509713554147,5.6757620102201,0.104322819029183,"zero_inflated_gamma",0.0128205128205128
"K08968",104.004117313271,2.53115762292893,0.0235570556179082,"zero_inflated_gamma",0.967948717948718
"K08969",26.9736771446637,1.18353320421153,0.0345955950317122,"zero_inflated_gamma",0.788461538461538
"K08970",5.7040520658877,0.566927499725809,0.0172021689365428,"zero_inflated_gamma",0.173076923076923
"K08971",0,-1,-1,"zero",0
"K08972",104.765420383554,1.64216042615206,0.0144689000227511,"zero_inflated_gamma",0.923076923076923
"K08973",0,-1,-1,"zero",0
"K08974",134.790435010998,3.20855292582578,0.0236514206561114,"zero_inflated_gamma",0.993589743589744
"K08975",0,-1,-1,"zero",0
"K08976",0,-1,-1,"zero",0
"K08978",266.991155963092,5.08168670693601,0.0190331649323938,"gamma_mle",1
"K08979",0.138441716419385,34.1231666177649,4.74000727252933,"zero_inflated_gamma",0.0192307692307692
"K08981",23.7149706942646,1.36915621275843,0.0470012633721351,"zero_inflated_gamma",0.814102564102564
"K08982",0.71287935928699,2.70553708655849,0.1702985274921,"zero_inflated_gamma",0.0448717948717949
"K08983",0,-1,-1,"zero",0
"K08984",4.13486434123312,0.785232684154044,0.0365202514405117,"zero_inflated_gamma",0.192307692307692
"K08986",35.1272230047999,2.10199066398119,0.0540855784927921,"zero_inflated_gamma",0.903846153846154
"K08987",3.60908152222823,1.71081087022568,0.0729276051874586,"zero_inflated_gamma",0.153846153846154
"K08988",0.873703508388736,2.79010973777536,0.286589742678587,"zero_inflated_gamma",0.0897435897435897
"K08989",2.63243775695126,1.46554351664594,0.0785124789143466,"zero_inflated_gamma",0.141025641025641
"K08990",2.5917070444431,0.744121614208004,0.0570551834124746,"zero_inflated_gamma",0.198717948717949
"K08992",2.62184449150254,0.986207785687045,0.0409907458695911,"zero_inflated_gamma",0.108974358974359
"K08993",4.25772172237815,0.855051268621452,0.0205972986800728,"zero_inflated_gamma",0.102564102564103
"K08994",2.64006636954165,0.621123603374863,0.0301625868654698,"zero_inflated_gamma",0.128205128205128
"K08995",1.65274270705665,0.775270961402248,0.00902079730038231,"zero_inflated_gamma",0.0192307692307692
"K08996",3.41424219233206,0.739220177537378,0.027757789955804,"zero_inflated_gamma",0.128205128205128
"K08997",2.78916641722108,0.651745559164568,0.0479323843590899,"zero_inflated_gamma",0.205128205128205
"K08998",539.674370464298,11.4892334319082,0.0212891959683461,"gamma_mle",1
"K08999",109.153201613107,2.51714043599866,0.0227649704089808,"zero_inflated_gamma",0.987179487179487
"K09000",1.37652303792045,2.11889854105126,0.236817243119618,"zero_inflated_gamma",0.153846153846154
"K09001",59.3711999397351,1.64112827306605,0.0274646330491675,"zero_inflated_gamma",0.993589743589744
"K09002",34.9478774530808,1.58680451408735,0.0352178950624659,"zero_inflated_gamma",0.775641025641026
"K09003",2.03048910090343,0.923176443729358,0.0845196035250048,"zero_inflated_gamma",0.185897435897436
"K09004",10.7837288836686,1.43111664063839,0.0646539502802345,"zero_inflated_gamma",0.487179487179487
"K09005",57.1377867619368,1.24354303519814,0.0191131986824223,"zero_inflated_gamma",0.878205128205128
"K09006",0,-1,-1,"zero",0
"K09007",23.1274599590574,1.06290099423629,0.0332903775595386,"zero_inflated_gamma",0.724358974358974
"K09008",0,-1,-1,"zero",0
"K09009",119.806616311812,1.26317459290607,0.00939448075590522,"zero_inflated_gamma",0.891025641025641
"K09011",89.1980227013297,1.839452189914,0.0202255392519126,"zero_inflated_gamma",0.980769230769231
"K09012",0,-1,-1,"zero",0
"K09013",496.125696430016,18.4631905533392,0.0372147435341391,"gamma_mle",1
"K09014",434.493258171783,17.4776413789357,0.0402253453885023,"gamma_mle",1
"K09015",262.761824146321,8.09052873521951,0.0307903507730036,"gamma_mle",1
"K09016",7.92865903400805,0.982907132812765,0.0532430528742494,"zero_inflated_gamma",0.429487179487179
"K09017",263.695324338381,5.6138170340933,0.0212890275858267,"gamma_mle",1
"K09018",2.06566068790405,0.786286493900336,0.0707612067910191,"zero_inflated_gamma",0.185897435897436
"K09019",40.7573073451074,1.77934255294318,0.037780112846465,"zero_inflated_gamma",0.865384615384615
"K09020",38.196079236647,1.55391596971299,0.0370316011669062,"zero_inflated_gamma",0.91025641025641
"K09021",5.20000128556456,1.04615540564219,0.060613032432638,"zero_inflated_gamma",0.301282051282051
"K09022",717.229469344249,22.124462473222,0.0308471185567012,"gamma_mle",1
"K09023",3.73001377941306,0.734858985938752,0.0429386011232506,"zero_inflated_gamma",0.217948717948718
"K09024",72.4106303823058,1.77490222427764,0.0234117444745601,"zero_inflated_gamma",0.955128205128205
"K09065",87.6585842577341,3.11834812460842,0.03534575352533,"zero_inflated_gamma",0.993589743589744
"K09067",0,-1,-1,"zero",0
"K09116",10.5548720594102,1.4304119391367,0.0816603821961477,"zero_inflated_gamma",0.602564102564103
"K09117",320.741029501863,6.7493458193867,0.0210429761040207,"gamma_mle",1
"K09118",89.410914308921,1.01815953909338,0.0109494412889913,"zero_inflated_gamma",0.961538461538462
"K09119",0.735369526660651,1.89321474884758,0.0660130263210785,"zero_inflated_gamma",0.0256410256410256
"K09121",250.113816708423,4.48478174125471,0.0179309635919993,"gamma_mle",1
"K09122",0,-1,-1,"zero",0
"K09123",54.3120903447091,1.47437943795847,0.0240141509063774,"zero_inflated_gamma",0.884615384615385
"K09124",24.2089434340986,1.21016055751422,0.0346071882556595,"zero_inflated_gamma",0.692307692307692
"K09125",144.260147725089,2.77019521995405,0.0190796807135738,"zero_inflated_gamma",0.993589743589744
"K09126",6.4745221314764,1.38455428766428,0.0781362432013146,"zero_inflated_gamma",0.365384615384615
"K09127",0.890170723995788,-1,-1,"mean_only",0.00641025641025641
"K09128",43.4576804017202,1.73445591892765,0.0319802710068628,"zero_inflated_gamma",0.801282051282051
"K09129",0.367195423648262,-1,-1,"mean_only",0.00641025641025641
"K09131",16.6823205064948,1.05576447759035,0.0251522983549384,"zero_inflated_gamma",0.397435897435897
"K09132",5.36240317356728,1.66173241984181,0.0933630195132783,"zero_inflated_gamma",0.301282051282051
"K09133",13.0568979984738,1.63244414910199,0.0897618396121079,"zero_inflated_gamma",0.717948717948718
"K09136",6.78618123184701,0.977765940746074,0.0600341283841577,"zero_inflated_gamma",0.416666666666667
"K09137",10.4291223379429,1.38945099598248,0.0666139944934495,"zero_inflated_gamma",0.5
"K09138",12.1350100085728,1.47953850988531,0.0789374168016221,"zero_inflated_gamma",0.647435897435897
"K09139",0.241595439264474,3.63088696217632,0.19267678640844,"zero_inflated_gamma",0.0128205128205128
"K09140",0.754727413769533,1.81571372601762,0.123373714419751,"zero_inflated_gamma",0.0512820512820513
"K09141",6.27256529767892,1.88583176910902,0.115633696386417,"zero_inflated_gamma",0.384615384615385
"K09142",0.063566756132649,5.178136376794,1.04435663928671,"zero_inflated_gamma",0.0128205128205128
"K09143",0,-1,-1,"zero",0
"K09144",124.440913889873,2.66116298072521,0.0213849520832053,"gamma_mle",1
"K09145",1.2635731765056,1.74927514467815,0.14198848051505,"zero_inflated_gamma",0.102564102564103
"K09146",0,-1,-1,"zero",0
"K09148",0,-1,-1,"zero",0
"K09153",427.737567979106,6.80045004484109,0.0158986503733366,"gamma_mle",1
"K09154",0.112082056317896,-1,-1,"mean_only",0.00641025641025641
"K09155",88.7716131228558,2.98828401765153,0.0334468220912307,"zero_inflated_gamma",0.993589743589744
"K09157",548.231787726652,19.1647988952601,0.0349574747840336,"gamma_mle",1
"K09158",3.7561458232326,0.872998914906506,0.0297972823941654,"zero_inflated_gamma",0.128205128205128
"K09159",4.67905969317986,1.24982681618518,0.0479429425556372,"zero_inflated_gamma",0.179487179487179
"K09160",4.16521647630803,0.947095176887554,0.0378969969618098,"zero_inflated_gamma",0.166666666666667
"K09161",11.7401730928171,1.12364579045735,0.0276085020926539,"zero_inflated_gamma",0.288461538461538
"K09163",156.165581336732,3.22908266596795,0.020677300582676,"gamma_mle",1
"K09164",0.230386373834171,3.88679638496628,0.216291970982843,"zero_inflated_gamma",0.0128205128205128
"K09165",0,-1,-1,"zero",0
"K09167",15.9406904743034,1.4279212086675,0.0597180827254349,"zero_inflated_gamma",0.666666666666667
"K09181",70.1932642187887,1.29976921283385,0.0179235138470021,"zero_inflated_gamma",0.967948717948718
"K09190",0.189928667404273,-1,-1,"mean_only",0.00641025641025641
"K09209",0,-1,-1,"zero",0
"K09228",0,-1,-1,"zero",0
"K09241",0,-1,-1,"zero",0
"K09250",0.0433615489794447,-1,-1,"mean_only",0.00641025641025641
"K09251",18.694400625015,1.34769049318401,0.0596133779155492,"zero_inflated_gamma",0.826923076923077
"K09252",0.158236784784214,-1,-1,"mean_only",0.00641025641025641
"K09256",0,-1,-1,"zero",0
"K09258",0,-1,-1,"zero",0
"K09265",0,-1,-1,"zero",0
"K09273",0.17345530079661,-1,-1,"mean_only",0.00641025641025641
"K09276",0,-1,-1,"zero",0
"K09285",0.0402797275509581,-1,-1,"mean_only",0.00641025641025641
"K09286",0.336182739015722,6.91714931581422,0.26378927646446,"zero_inflated_gamma",0.0128205128205128
"K09291",0,-1,-1,"zero",0
"K09313",0,-1,-1,"zero",0
"K09326",0,-1,-1,"zero",0
"K09353",0,-1,-1,"zero",0
"K09384",55.2288109056119,1.08636287954679,0.0177788529982604,"zero_inflated_gamma",0.903846153846154
"K09386",0,-1,-1,"zero",0
"K09388",0.257776446549401,3.98517256990204,0.297303865665208,"zero_inflated_gamma",0.0192307692307692
"K09420",0,-1,-1,"zero",0
"K09422",0,-1,-1,"zero",0
"K09456",5.58176056600208,0.497841272113715,0.0217259458532149,"zero_inflated_gamma",0.243589743589744
"K09457",145.12749177527,2.29619274795639,0.0156190557120833,"zero_inflated_gamma",0.987179487179487
"K09458",660.044196911623,15.0974712660781,0.0228734247444638,"gamma_mle",1
"K09459",16.9092087178344,1.38441191717079,0.0566814825917254,"zero_inflated_gamma",0.692307692307692
"K09461",6.37594589750771,1.66340550582772,0.137133248963419,"zero_inflated_gamma",0.525641025641026
"K09469",6.38611434708499,1.59797529363273,0.110677123220323,"zero_inflated_gamma",0.442307692307692
"K09470",4.27356279557055,0.614832164810825,0.0249003616852141,"zero_inflated_gamma",0.173076923076923
"K09471",10.0989791457724,1.01579382877334,0.0625424990402661,"zero_inflated_gamma",0.621794871794872
"K09472",4.22081781711584,1.31387849580297,0.123715948360453,"zero_inflated_gamma",0.397435897435897
"K09473",1.97696578844323,0.799268621116231,0.0596069426873686,"zero_inflated_gamma",0.147435897435897
"K09474",20.4146590423885,1.47003086507757,0.0558528185822362,"zero_inflated_gamma",0.775641025641026
"K09475",4.23258210326773,0.798466998049412,0.0362784092623236,"zero_inflated_gamma",0.192307692307692
"K09476",3.60837337946379,0.968757030181189,0.0430247947596179,"zero_inflated_gamma",0.16025641025641
"K09477",3.12829027698646,0.673130520857305,0.0524144745084253,"zero_inflated_gamma",0.243589743589744
"K09478",0.445804229380205,1.56014609604771,0.0897338863476511,"zero_inflated_gamma",0.0256410256410256
"K09482",2.47562718468462,1.29590683747837,0.0503332761295745,"zero_inflated_gamma",0.0961538461538462
"K09487",0,-1,-1,"zero",0
"K09488",5.89136277886552,1.28245799822664,0.0516302834786893,"zero_inflated_gamma",0.237179487179487
"K09489",0,-1,-1,"zero",0
"K09490",0.376610690921294,-1,-1,"mean_only",0.00641025641025641
"K09495",0,-1,-1,"zero",0
"K09496",0,-1,-1,"zero",0
"K09497",0,-1,-1,"zero",0
"K09498",0,-1,-1,"zero",0
"K09500",13.2970799371068,1.38151142680218,0.0785878867784341,"zero_inflated_gamma",0.756410256410256
"K09503",9.66198342967751,1.66254722514746,0.116920043695147,"zero_inflated_gamma",0.67948717948718
"K09505",0,-1,-1,"zero",0
"K09508",0.0129570210146438,-1,-1,"mean_only",0.00641025641025641
"K09510",0.450128495650179,2.69319940795984,0.191768560930991,"zero_inflated_gamma",0.032051282051282
"K09511",0,-1,-1,"zero",0
"K09512",0.623775199165292,8.57650467184326,0.26441061198255,"zero_inflated_gamma",0.0192307692307692
"K09513",0.984126060713631,4.45900762428421,0.319488749285283,"zero_inflated_gamma",0.0705128205128205
"K09516",38.2164564797921,1.31730965514946,0.0313762621745558,"zero_inflated_gamma",0.91025641025641
"K09519",0,-1,-1,"zero",0
"K09523",2.74617564563781,2.28220380288687,0.122526309030788,"zero_inflated_gamma",0.147435897435897
"K09527",0,-1,-1,"zero",0
"K09531",1.33299996957655,2.83672509215664,0.259188729783893,"zero_inflated_gamma",0.121794871794872
"K09533",0.511961362779337,1.41633129729743,0.0354677029854725,"zero_inflated_gamma",0.0128205128205128
"K09536",0.780164488878353,2.54116333352323,0.35495289681535,"zero_inflated_gamma",0.108974358974359
"K09539",1.08312321776049,1.54839723818666,0.0641472383868052,"zero_inflated_gamma",0.0448717948717949
"K09552",0.181344780169054,12.5030409701339,1.32588925556804,"zero_inflated_gamma",0.0192307692307692
"K09553",4.10322643643207,1.36639622945163,0.102463175156285,"zero_inflated_gamma",0.307692307692308
"K09560",4.91073493773216,1.42518812565102,0.169294362352008,"zero_inflated_gamma",0.583333333333333
"K09561",0,-1,-1,"zero",0
"K09568",1.96093923925616,0.914430044717177,0.0269032198687225,"zero_inflated_gamma",0.0576923076923077
"K09569",3.1630447679757,2.63462794571079,0.256289370524845,"zero_inflated_gamma",0.307692307692308
"K09571",0,-1,-1,"zero",0
"K09578",1.7234102534065,0.881489598737474,0.0229510184113075,"zero_inflated_gamma",0.0448717948717949
"K09580",2.06101809407176,2.81587104591585,0.113854371860171,"zero_inflated_gamma",0.0833333333333333
"K09584",0,-1,-1,"zero",0
"K09591",1.03060562935088,2.24642265893642,0.139725078531371,"zero_inflated_gamma",0.0641025641025641
"K09607",82.451368332748,0.458918747624127,0.00453123988977088,"zero_inflated_gamma",0.814102564102564
"K09612",24.3575321399154,0.817947888577354,0.0254009383452741,"zero_inflated_gamma",0.756410256410256
"K09620",0,-1,-1,"zero",0
"K09633",0,-1,-1,"zero",0
"K09647",0.993304749833563,2.44557269452619,0.110476906821627,"zero_inflated_gamma",0.0448717948717949
"K09649",1.16102022414119,1.91562464578423,0.158648982721642,"zero_inflated_gamma",0.0961538461538462
"K09650",107.904822735461,2.2680221771558,0.0202103159031539,"zero_inflated_gamma",0.961538461538462
"K09651",0,-1,-1,"zero",0
"K09655",0.262329938992468,1.01595608761942,0.0993030234858314,"zero_inflated_gamma",0.0256410256410256
"K09656",1.68987580363964,1.70189008030088,0.135572441027545,"zero_inflated_gamma",0.134615384615385
"K09662",0,-1,-1,"zero",0
"K09667",0.344624824484119,3.62102853346512,0.33676798244457,"zero_inflated_gamma",0.032051282051282
"K09668",0,-1,-1,"zero",0
"K09669",0.668226158498583,1.18507607851621,0.113683689755856,"zero_inflated_gamma",0.0641025641025641
"K09680",68.1148461434707,1.45071462334092,0.0199328072083421,"zero_inflated_gamma",0.935897435897436
"K09681",179.398556941562,5.45894362433748,0.030234080409817,"zero_inflated_gamma",0.993589743589744
"K09682",1.83648969456111,2.0742202984369,0.144801073523221,"zero_inflated_gamma",0.128205128205128
"K09683",5.8827790676541,1.81086330369912,0.0927419854554264,"zero_inflated_gamma",0.301282051282051
"K09684",171.704613836529,4.05212969300037,0.0235994223012446,"gamma_mle",1
"K09685",13.9834469300864,1.67292962184351,0.078990717542859,"zero_inflated_gamma",0.66025641025641
"K09688",6.29992882233406,2.07261767823302,0.132861608655103,"zero_inflated_gamma",0.403846153846154
"K09689",3.01654008644021,2.19766300599793,0.214825202560688,"zero_inflated_gamma",0.294871794871795
"K09690",158.665319986217,2.44564781217929,0.0153150706331108,"zero_inflated_gamma",0.993589743589744
"K09691",159.313684572001,1.65598105382205,0.0103278371539572,"zero_inflated_gamma",0.993589743589744
"K09692",68.2023867280774,2.28333895555952,0.0330496554056552,"zero_inflated_gamma",0.987179487179487
"K09693",88.4861420617152,2.33417129163363,0.0262098516345221,"zero_inflated_gamma",0.993589743589744
"K09694",0.211247723542664,10.391296417839,0.945963440782936,"zero_inflated_gamma",0.0192307692307692
"K09695",0.085447003388324,28.749532903478,4.3135948664896,"zero_inflated_gamma",0.0128205128205128
"K09696",15.4648485041686,1.38507300022728,0.070042594679824,"zero_inflated_gamma",0.782051282051282
"K09697",15.9076119234216,1.53715594327389,0.0706143871026116,"zero_inflated_gamma",0.730769230769231
"K09698",13.7175168128016,1.1717174383774,0.0563975215234233,"zero_inflated_gamma",0.66025641025641
"K09699",1.62837433360343,1.30932907529501,0.0618516388388788,"zero_inflated_gamma",0.0769230769230769
"K09701",0.603190736061353,0.860099199682817,0.0365619435353025,"zero_inflated_gamma",0.0256410256410256
"K09702",42.9392671473425,1.57887450005122,0.0318201448869386,"zero_inflated_gamma",0.865384615384615
"K09703",31.9135558467156,1.46845583412738,0.0433589172876436,"zero_inflated_gamma",0.942307692307692
"K09704",172.787982607898,3.2524101985603,0.01882312733485,"gamma_mle",1
"K09705",103.375027895372,2.99576303152736,0.0286080291670407,"zero_inflated_gamma",0.987179487179487
"K09706",108.207263220028,2.03463257527003,0.0180799090375578,"zero_inflated_gamma",0.961538461538462
"K09707",17.2641611749886,1.39107643253522,0.0433870576385532,"zero_inflated_gamma",0.538461538461538
"K09709",0,-1,-1,"zero",0
"K09710",546.635074900064,20.0490557602589,0.0366772215703946,"gamma_mle",1
"K09711",0.467052495028605,1.3667588360367,0.0375173013022539,"zero_inflated_gamma",0.0128205128205128
"K09712",2.37792064564409,1.55770548457498,0.0587883713466695,"zero_inflated_gamma",0.0897435897435897
"K09716",0.305456788357928,5.22589218046221,0.548347755327392,"zero_inflated_gamma",0.032051282051282
"K09717",0.246310403168694,4.14296349076402,0.21564219726391,"zero_inflated_gamma",0.0128205128205128
"K09720",0,-1,-1,"zero",0
"K09721",0,-1,-1,"zero",0
"K09722",0.771190785507264,2.12165482919776,0.0529065636861981,"zero_inflated_gamma",0.0192307692307692
"K09723",0.356511925496117,2.62059951216726,0.235598217341652,"zero_inflated_gamma",0.032051282051282
"K09724",0.261854703180031,3.83823697192231,0.18792164398462,"zero_inflated_gamma",0.0128205128205128
"K09725",0.437687614160951,5.04764356571189,0.369632227151574,"zero_inflated_gamma",0.032051282051282
"K09726",2.2524380794217,1.98664222841251,0.11873028169528,"zero_inflated_gamma",0.134615384615385
"K09728",0.445542880792848,6.48336213119116,0.186558984345234,"zero_inflated_gamma",0.0128205128205128
"K09729",9.93928564560685,1.70405810276612,0.108802737626508,"zero_inflated_gamma",0.634615384615385
"K09730",0,-1,-1,"zero",0
"K09733",0,-1,-1,"zero",0
"K09735",0.58138037411066,3.92859124161432,0.216581762227168,"zero_inflated_gamma",0.032051282051282
"K09736",0,-1,-1,"zero",0
"K09737",0,-1,-1,"zero",0
"K09738",0,-1,-1,"zero",0
"K09739",0.0991294467292575,13.6487912393037,1.76521214272399,"zero_inflated_gamma",0.0128205128205128
"K09740",10.7597977128734,1.68583977904663,0.0974225126950889,"zero_inflated_gamma",0.621794871794872
"K09741",0,-1,-1,"zero",0
"K09744",0,-1,-1,"zero",0
"K09746",0.286634744060701,1.38721005991903,0.0930700729401285,"zero_inflated_gamma",0.0192307692307692
"K09747",523.99740983848,13.2710099201929,0.0253264799997458,"gamma_mle",1
"K09748",489.952109869407,13.5958432338038,0.0277493309242563,"gamma_mle",1
"K09749",24.5436884806969,1.28102473752014,0.0408181125304353,"zero_inflated_gamma",0.782051282051282
"K09753",0,-1,-1,"zero",0
"K09758",55.5189428096062,1.57933385018072,0.026805597521027,"zero_inflated_gamma",0.942307692307692
"K09759",72.4787717683213,2.39591161396829,0.0330567358622857,"gamma_mle",1
"K09760",427.334819388732,16.8994310005852,0.0395461128694323,"gamma_mle",1
"K09761",516.636271337258,29.4183465536509,0.0569420851491992,"gamma_mle",1
"K09762",415.314711154808,15.2182734173442,0.0366427506866513,"gamma_mle",1
"K09764",3.79890318365974,1.95847683839962,0.132189088278848,"zero_inflated_gamma",0.256410256410256
"K09765",457.874232219422,20.5359063355663,0.0448505394942713,"gamma_mle",1
"K09766",11.3478606878262,1.65864729696726,0.0843253127986543,"zero_inflated_gamma",0.576923076923077
"K09767",46.9852430003593,2.00219145782963,0.0396084211146286,"zero_inflated_gamma",0.92948717948718
"K09768",297.63866009663,3.63250175741203,0.0122044016601631,"gamma_mle",1
"K09769",122.605399467358,2.78958767701683,0.0226067181116781,"zero_inflated_gamma",0.993589743589744
"K09770",28.1763867196223,1.72075737258308,0.0450202167546812,"zero_inflated_gamma",0.737179487179487
"K09771",5.21794833560026,1.17258332206834,0.0432156047170806,"zero_inflated_gamma",0.192307692307692
"K09772",404.768925543391,11.3016236360116,0.0279211740892399,"gamma_mle",1
"K09773",57.9307698912172,2.1355587708471,0.0361550577849949,"zero_inflated_gamma",0.980769230769231
"K09774",10.3124184428747,1.25499764732023,0.0569482845702336,"zero_inflated_gamma",0.467948717948718
"K09775",185.057385437133,3.43954419189786,0.0184672220653111,"zero_inflated_gamma",0.993589743589744
"K09777",356.763528968802,8.93236629843622,0.0248767231498291,"zero_inflated_gamma",0.993589743589744
"K09778",10.223222354347,1.19343945968706,0.0531307977455451,"zero_inflated_gamma",0.455128205128205
"K09779",337.126161065107,4.50388112378245,0.0132739923736546,"zero_inflated_gamma",0.993589743589744
"K09780",25.8572974640829,1.46613037110683,0.0348928218728401,"zero_inflated_gamma",0.615384615384615
"K09781",2.92869335050079,0.722268625078219,0.0426838922013335,"zero_inflated_gamma",0.173076923076923
"K09785",0.688491419340487,-1,-1,"mean_only",0.00641025641025641
"K09786",3.14751387710689,0.813016779647326,0.0496739289502739,"zero_inflated_gamma",0.192307692307692
"K09787",360.024978206621,7.68188448025032,0.0213370875501911,"gamma_mle",1
"K09788",0.196711834097283,-1,-1,"mean_only",0.00641025641025641
"K09789",58.0689643360024,1.95465884333026,0.0310716833234055,"zero_inflated_gamma",0.923076923076923
"K09790",158.47468405694,3.90759991233605,0.0241833816106472,"zero_inflated_gamma",0.980769230769231
"K09791",12.3684201003899,1.79843596486574,0.0549930952490302,"zero_inflated_gamma",0.378205128205128
"K09792",10.5346364374013,1.51014123003268,0.0872965377575727,"zero_inflated_gamma",0.608974358974359
"K09793",85.3197630599707,1.8164705676068,0.0204712982357776,"zero_inflated_gamma",0.961538461538462
"K09794",3.04030818791245,2.05844192211276,0.0998215356301598,"zero_inflated_gamma",0.147435897435897
"K09795",7.66362311429543,1.73252938895583,0.184045665724477,"zero_inflated_gamma",0.814102564102564
"K09796",0.654407685709776,-1,-1,"mean_only",0.00641025641025641
"K09797",79.6689899288197,1.40534393063751,0.0168482571105381,"zero_inflated_gamma",0.955128205128205
"K09798",19.7519928011372,1.24881799487118,0.0539032898494146,"zero_inflated_gamma",0.852564102564103
"K09799",0.138823901406369,-1,-1,"mean_only",0.00641025641025641
"K09800",22.8754640499465,1.06068200866466,0.0433953851184986,"zero_inflated_gamma",0.935897435897436
"K09801",5.25891481379986,0.735681052594625,0.0170381500091149,"zero_inflated_gamma",0.121794871794872
"K09802",2.91113334584122,1.09859897965382,0.0338672964821848,"zero_inflated_gamma",0.0897435897435897
"K09803",117.963547976208,0.768542634981653,0.00609745208411549,"zero_inflated_gamma",0.935897435897436
"K09805",4.37721455087652,1.65146808273531,0.152366082507604,"zero_inflated_gamma",0.403846153846154
"K09806",36.8578233431497,1.6391659175294,0.0324992608897164,"zero_inflated_gamma",0.730769230769231
"K09807",124.826173798173,2.50723110376768,0.0198282703053906,"zero_inflated_gamma",0.987179487179487
"K09808",264.515798697595,2.74743634446426,0.0103866625660618,"gamma_mle",1
"K09809",435.279976981879,7.86692021897842,0.0180732416720053,"gamma_mle",1
"K09810",178.060486622098,3.79494821913308,0.0213126914967226,"gamma_mle",1
"K09811",566.310703972426,29.6279729903993,0.0523175224882239,"gamma_mle",1
"K09812",525.431223485881,31.5853125746201,0.0601131245400167,"gamma_mle",1
"K09814",6.83360556310659,0.824195991437825,0.031698583000425,"zero_inflated_gamma",0.262820512820513
"K09815",311.810846313094,8.32442111234104,0.0266970222837674,"gamma_mle",1
"K09816",335.602875097955,9.875017071159,0.0294247093928403,"gamma_mle",1
"K09817",347.316921369563,8.98613218433761,0.0258730042547392,"gamma_mle",1
"K09818",0.524564890926088,-1,-1,"mean_only",0.00641025641025641
"K09819",9.32949818585242,0.855512559102967,0.0311543988872977,"zero_inflated_gamma",0.33974358974359
"K09820",7.56615070237755,0.906169016240887,0.0460639178913677,"zero_inflated_gamma",0.384615384615385
"K09822",0,-1,-1,"zero",0
"K09823",4.42997853242543,0.900188994142576,0.0377750873078331,"zero_inflated_gamma",0.185897435897436
"K09824",11.4569826871118,0.962154677055969,0.0462965353534758,"zero_inflated_gamma",0.551282051282051
"K09825",494.233805092694,11.3576433471831,0.0229803045241977,"gamma_mle",1
"K09826",0,-1,-1,"zero",0
"K09834",0,-1,-1,"zero",0
"K09835",7.91547330886161,0.88160943728398,0.0307003409683296,"zero_inflated_gamma",0.275641025641026
"K09836",0,-1,-1,"zero",0
"K09838",0,-1,-1,"zero",0
"K09841",1.38049773560629,3.22715349463549,0.359642135017915,"zero_inflated_gamma",0.153846153846154
"K09842",0,-1,-1,"zero",0
"K09846",0.26225453686817,64.4049208357367,3.1484836187743,"zero_inflated_gamma",0.0128205128205128
"K09857",5.81985623470472,1.56421460863659,0.0999280646160521,"zero_inflated_gamma",0.371794871794872
"K09858",18.3501795036262,1.20910587610269,0.0439271225607996,"zero_inflated_gamma",0.666666666666667
"K09859",0.857925783904788,3.76836879616896,0.506817480405271,"zero_inflated_gamma",0.115384615384615
"K09860",0.579596431640541,5.25500798625392,0.464957294985204,"zero_inflated_gamma",0.0512820512820513
"K09861",143.810324235197,4.28323535851622,0.0295929985850144,"zero_inflated_gamma",0.993589743589744
"K09862",5.69346257855018,1.0845306977396,0.0366321184765325,"zero_inflated_gamma",0.192307692307692
"K09872",0.185136070830753,1.49816939617112,0.103746935239166,"zero_inflated_gamma",0.0128205128205128
"K09879",0.635570416857808,0.954613848704751,0.0288842245359645,"zero_inflated_gamma",0.0192307692307692
"K09880",0.581242650921558,0.850304453795468,0.0468880730532245,"zero_inflated_gamma",0.032051282051282
"K09881",5.16903198957256,1.51999611715006,0.139489134641735,"zero_inflated_gamma",0.474358974358974
"K09882",11.4908914109845,1.83882701891621,0.0851413731009303,"zero_inflated_gamma",0.532051282051282
"K09883",10.3962802693682,1.31793599090416,0.102391118198357,"zero_inflated_gamma",0.807692307692308
"K09886",1.46034392994228,2.34113216905772,0.092488703980148,"zero_inflated_gamma",0.0576923076923077
"K09888",305.080840196519,6.77508642455701,0.0222075120161358,"gamma_mle",1
"K09889",10.4870226265712,1.19931025570879,0.0601130268638207,"zero_inflated_gamma",0.525641025641026
"K09890",2.29857854576098,1.25071761535111,0.0592958420508108,"zero_inflated_gamma",0.108974358974359
"K09891",3.94211186656676,0.656485953339052,0.0234852169414967,"zero_inflated_gamma",0.141025641025641
"K09892",8.17551352914747,1.47073561734662,0.0588118913446966,"zero_inflated_gamma",0.326923076923077
"K09893",2.58008649955102,0.978596792985184,0.0364700352084005,"zero_inflated_gamma",0.0961538461538462
"K09894",4.26370568252448,0.878868917765987,0.0409613236781893,"zero_inflated_gamma",0.198717948717949
"K09895",3.49856820118362,0.902070935829828,0.0429733386134288,"zero_inflated_gamma",0.166666666666667
"K09896",2.82354404824391,1.8681225065871,0.0933058487859353,"zero_inflated_gamma",0.141025641025641
"K09897",4.77548299959107,0.830017213544832,0.0300821561784478,"zero_inflated_gamma",0.173076923076923
"K09898",4.00265821857172,0.901980365920812,0.0216678208836645,"zero_inflated_gamma",0.0961538461538462
"K09899",3.13058092929991,0.789390755327551,0.029094775298465,"zero_inflated_gamma",0.115384615384615
"K09900",2.63801032127508,0.861847573097432,0.0272253032947719,"zero_inflated_gamma",0.0833333333333333
"K09901",1.88345373320907,1.52324642904137,0.0725802817430306,"zero_inflated_gamma",0.0897435897435897
"K09902",2.43089058400179,0.915958108281805,0.0386460920867869,"zero_inflated_gamma",0.102564102564103
"K09903",597.250287181182,39.7549075857548,0.0665632289159447,"gamma_mle",1
"K09904",4.54279314034562,0.920495552263714,0.0194834290233455,"zero_inflated_gamma",0.0961538461538462
"K09906",2.78017147782893,1.10954577176834,0.0690737135180735,"zero_inflated_gamma",0.173076923076923
"K09907",2.45161575915539,1.10052206028271,0.0604283929361391,"zero_inflated_gamma",0.134615384615385
"K09908",4.80321687131291,0.78524432714307,0.0282951354574965,"zero_inflated_gamma",0.173076923076923
"K09909",2.54465475402761,0.74087057723177,0.0298613105568272,"zero_inflated_gamma",0.102564102564103
"K09910",4.54596586979301,0.921844803230528,0.0324972829120642,"zero_inflated_gamma",0.16025641025641
"K09911",1.90224814554457,1.2073110255718,0.0528896570968565,"zero_inflated_gamma",0.0833333333333333
"K09912",3.66244386264542,0.800519646004735,0.0336269641897406,"zero_inflated_gamma",0.153846153846154
"K09913",4.43796795213722,1.17559317283293,0.0322627881301306,"zero_inflated_gamma",0.121794871794872
"K09914",11.2927768895474,1.26034425316145,0.06581905862854,"zero_inflated_gamma",0.58974358974359
"K09915",2.47561336829043,0.973770806334063,0.0529503246754624,"zero_inflated_gamma",0.134615384615385
"K09916",1.17293027433473,1.27723481303073,0.0558423826328581,"zero_inflated_gamma",0.0512820512820513
"K09917",3.9709501194951,1.13945205697126,0.0275910536493037,"zero_inflated_gamma",0.0961538461538462
"K09918",2.63862997639326,1.45556362644316,0.0565780645284547,"zero_inflated_gamma",0.102564102564103
"K09919",0.202125921274272,-1,-1,"mean_only",0.00641025641025641
"K09920",4.31769349928915,0.873214150987447,0.0324103981084777,"zero_inflated_gamma",0.16025641025641
"K09921",5.16721567063427,0.990429069559972,0.0540623435630583,"zero_inflated_gamma",0.282051282051282
"K09922",100.365039090383,1.77405960318372,0.0165429899574259,"zero_inflated_gamma",0.935897435897436
"K09923",3.95186258470903,0.955375911989915,0.0402922205040967,"zero_inflated_gamma",0.166666666666667
"K09924",14.0557711926466,1.42634468764858,0.0513892527917222,"zero_inflated_gamma",0.506410256410256
"K09925",65.9534435648138,1.50843671763965,0.0218449617911578,"zero_inflated_gamma",0.955128205128205
"K09926",0,-1,-1,"zero",0
"K09927",3.50792808722221,0.830968423899765,0.0577022619266982,"zero_inflated_gamma",0.243589743589744
"K09928",6.46981990644057,0.90549117742633,0.0421662802516697,"zero_inflated_gamma",0.301282051282051
"K09930",0,-1,-1,"zero",0
"K09931",7.07451039043286,1.93627889786973,0.114040807008133,"zero_inflated_gamma",0.416666666666667
"K09932",1.92040933871003,0.865226121334006,0.0288809327199386,"zero_inflated_gamma",0.0641025641025641
"K09933",2.5463361727749,0.809913299797768,0.0367003915630709,"zero_inflated_gamma",0.115384615384615
"K09934",4.11056933179858,0.701393003264702,0.039376522025355,"zero_inflated_gamma",0.230769230769231
"K09935",89.1696748445591,2.26786034494476,0.0246179266348414,"zero_inflated_gamma",0.967948717948718
"K09936",140.931928816339,3.67049850732201,0.0258775261317064,"zero_inflated_gamma",0.993589743589744
"K09937",12.0735947279003,1.35565402552644,0.043185596848663,"zero_inflated_gamma",0.384615384615385
"K09939",42.5731264859724,1.72651786588,0.0353549186018169,"zero_inflated_gamma",0.871794871794872
"K09940",7.54146371434506,0.908211892573246,0.0370551160470218,"zero_inflated_gamma",0.307692307692308
"K09941",0,-1,-1,"zero",0
"K09945",0.38680930010335,9.66865463861779,0.320460523359678,"zero_inflated_gamma",0.0128205128205128
"K09946",12.2086755617667,1.55376603182244,0.0579229697500607,"zero_inflated_gamma",0.455128205128205
"K09947",0,-1,-1,"zero",0
"K09949",22.9149744369464,1.57044959308337,0.0588687513587332,"zero_inflated_gamma",0.858974358974359
"K09950",0.0814177942514699,-1,-1,"mean_only",0.00641025641025641
"K09951",234.384190735633,4.34240457062498,0.0185268663257364,"gamma_mle",1
"K09952",121.696381905802,2.40905413910257,0.01941492538963,"zero_inflated_gamma",0.980769230769231
"K09954",12.1559497702696,0.890399175983542,0.024885543134872,"zero_inflated_gamma",0.33974358974359
"K09955",475.137785777904,4.89565249002012,0.0103036479870884,"gamma_mle",1
"K09956",0.676860411582503,10.480890085783,0.297780125892593,"zero_inflated_gamma",0.0192307692307692
"K09957",2.87174927975972,1.92759125514106,0.141990002909185,"zero_inflated_gamma",0.211538461538462
"K09958",0.813721598905762,1.42065112246893,0.0671487986317965,"zero_inflated_gamma",0.0384615384615385
"K09959",0,-1,-1,"zero",0
"K09960",26.8793826349514,1.22860845961614,0.0392621801758566,"zero_inflated_gamma",0.858974358974359
"K09961",26.1731871074983,1.20658214497984,0.0381210975869779,"zero_inflated_gamma",0.826923076923077
"K09962",4.664316427297,1.04979514631494,0.0476108457999061,"zero_inflated_gamma",0.211538461538462
"K09963",48.5469886050689,1.64105340546587,0.0327199603013113,"zero_inflated_gamma",0.967948717948718
"K09964",1.17718841045758,3.32035506527965,0.23504840260228,"zero_inflated_gamma",0.0833333333333333
"K09967",6.47909260460052,1.36738912238434,0.050055875199506,"zero_inflated_gamma",0.237179487179487
"K09968",15.0705485738887,1.20289297415603,0.0465601875616811,"zero_inflated_gamma",0.583333333333333
"K09969",4.40501003813895,1.29309066655375,0.118549035698161,"zero_inflated_gamma",0.403846153846154
"K09970",4.37215493996984,1.13038805070262,0.116012678949127,"zero_inflated_gamma",0.448717948717949
"K09971",3.78847961599289,1.16074004897429,0.117841067031246,"zero_inflated_gamma",0.384615384615385
"K09972",7.72155329097292,1.25842949676488,0.0574595614959748,"zero_inflated_gamma",0.352564102564103
"K09973",53.7116496577457,1.60294003106582,0.0288869129491556,"zero_inflated_gamma",0.967948717948718
"K09974",74.6063939876598,2.26314485583185,0.0291677523413767,"zero_inflated_gamma",0.961538461538462
"K09975",8.98384375674463,1.1447186339102,0.0604426759652389,"zero_inflated_gamma",0.474358974358974
"K09976",2.88214238757733,1.57083051640948,0.0524059451259679,"zero_inflated_gamma",0.0961538461538462
"K09977",0,-1,-1,"zero",0
"K09978",1.73622054856891,1.05248856934621,0.0349728002213817,"zero_inflated_gamma",0.0576923076923077
"K09979",31.6777376048974,1.65919616313386,0.0423047881332481,"zero_inflated_gamma",0.807692307692308
"K09980",2.4244309552692,1.21207629438619,0.0480714030167929,"zero_inflated_gamma",0.0961538461538462
"K09981",0.401987001875881,-1,-1,"mean_only",0.00641025641025641
"K09982",5.94556653619796,1.27211316948724,0.0562330660223617,"zero_inflated_gamma",0.262820512820513
"K09983",0.0458741341552579,-1,-1,"mean_only",0.00641025641025641
"K09985",0.119773266949984,-1,-1,"mean_only",0.00641025641025641
"K09986",0,-1,-1,"zero",0
"K09987",1.3535672530727,1.19616115434146,0.0509832793377627,"zero_inflated_gamma",0.0576923076923077
"K09988",64.6739678248611,1.59053255768823,0.0222283676598697,"zero_inflated_gamma",0.903846153846154
"K09989",23.8775252161239,2.21883850175176,0.0792252144582911,"zero_inflated_gamma",0.852564102564103
"K09990",0,-1,-1,"zero",0
"K09992",18.6418945702225,1.65336034635765,0.0693605777938009,"zero_inflated_gamma",0.782051282051282
"K09994",6.06626384443932,1.61173379603101,0.0800470399311672,"zero_inflated_gamma",0.301282051282051
"K09996",3.59870567771904,0.615046956559627,0.0219112594859048,"zero_inflated_gamma",0.128205128205128
"K09997",2.03232446082297,0.951055515754993,0.0659949807945567,"zero_inflated_gamma",0.141025641025641
"K09998",3.34342192214284,0.75064028865685,0.0374187636766943,"zero_inflated_gamma",0.166666666666667
"K09999",3.31802582862744,0.868848171448298,0.0503571085479159,"zero_inflated_gamma",0.192307692307692
"K10000",2.21910930262014,0.856721841477311,0.0544451536174228,"zero_inflated_gamma",0.141025641025641
"K10001",4.11074286257614,0.659674814037889,0.0288033515373396,"zero_inflated_gamma",0.179487179487179
"K10002",4.68336795422027,1.30082217354295,0.0640969779206776,"zero_inflated_gamma",0.230769230769231
"K10003",3.29559280995205,0.878358156188042,0.0495463300386713,"zero_inflated_gamma",0.185897435897436
"K10004",6.96657801859855,1.26532823294082,0.0780070577607011,"zero_inflated_gamma",0.429487179487179
"K10005",146.313110300012,1.31021894701141,0.00861047863725024,"zero_inflated_gamma",0.961538461538462
"K10006",103.412157581522,1.46927073672564,0.013570376582752,"zero_inflated_gamma",0.955128205128205
"K10007",94.2935519008935,1.26878978646557,0.0128519595136852,"zero_inflated_gamma",0.955128205128205
"K10008",84.9936133634653,1.44217504414998,0.0162066537341942,"zero_inflated_gamma",0.955128205128205
"K10009",214.204748375033,3.41086819947603,0.0159234014434836,"gamma_mle",1
"K10010",25.8251338568923,1.97377518639251,0.0671198647108396,"zero_inflated_gamma",0.878205128205128
"K10011",8.04788090503841,1.06998417332565,0.0724419513513639,"zero_inflated_gamma",0.544871794871795
"K10012",60.9097486460995,2.78847334645395,0.0451934829703546,"zero_inflated_gamma",0.987179487179487
"K10013",4.49280664214084,0.615423912379452,0.0245861242248605,"zero_inflated_gamma",0.179487179487179
"K10014",2.28599993329207,0.812704990245056,0.0501365903580729,"zero_inflated_gamma",0.141025641025641
"K10015",3.69161637358939,0.653440254722513,0.0283664332751472,"zero_inflated_gamma",0.16025641025641
"K10016",2.71292856361673,0.779134110653597,0.0441835394643049,"zero_inflated_gamma",0.153846153846154
"K10017",2.77364841557054,0.790518268540092,0.0493286996242715,"zero_inflated_gamma",0.173076923076923
"K10019",0,-1,-1,"zero",0
"K10020",0,-1,-1,"zero",0
"K10022",0.319174082380666,23.1067222014838,0.92814562515398,"zero_inflated_gamma",0.0128205128205128
"K10023",0,-1,-1,"zero",0
"K10024",0,-1,-1,"zero",0
"K10025",1.83185752747911,0.689656771800995,0.0193066400677909,"zero_inflated_gamma",0.0512820512820513
"K10026",159.39990834113,3.57221792559036,0.0222667574258458,"zero_inflated_gamma",0.993589743589744
"K10027",4.07345863324606,1.13236828580717,0.112263955064685,"zero_inflated_gamma",0.403846153846154
"K10036",8.74183062056995,1.20684176298148,0.0707967516928421,"zero_inflated_gamma",0.512820512820513
"K10037",15.22304839038,1.40144975931233,0.0584233561647984,"zero_inflated_gamma",0.634615384615385
"K10038",4.02940615355251,0.814321852428557,0.0414553345132693,"zero_inflated_gamma",0.205128205128205
"K10039",77.3613232370773,2.43579343646412,0.0312841000477359,"zero_inflated_gamma",0.993589743589744
"K10040",158.508397989395,1.93337475671779,0.0121973017281214,"gamma_mle",1
"K10041",74.6034233141422,2.3353642707037,0.0307017200765614,"zero_inflated_gamma",0.980769230769231
"K10046",0.667773645515396,2.10025394101907,0.262096539638827,"zero_inflated_gamma",0.0833333333333333
"K10058",0,-1,-1,"zero",0
"K10067",1.46783113080772,1.01569609487048,0.155249830394426,"zero_inflated_gamma",0.224358974358974
"K10068",0.918771096229739,2.6118686241364,0.291567684866419,"zero_inflated_gamma",0.102564102564103
"K10084",0,-1,-1,"zero",0
"K10085",0.613774786314759,2.30426305279232,0.0962627812964874,"zero_inflated_gamma",0.0256410256410256
"K10094",0.871924518527432,3.4593892167793,0.0762987096860739,"zero_inflated_gamma",0.0192307692307692
"K10101",0,-1,-1,"zero",0
"K10104",0,-1,-1,"zero",0
"K10107",4.79012319145311,1.10209607850829,0.10323957691124,"zero_inflated_gamma",0.448717948717949
"K10108",4.35002415931469,0.86565032429454,0.0574035488472028,"zero_inflated_gamma",0.288461538461538
"K10109",5.06941856074092,0.537425660984701,0.0299011799621135,"zero_inflated_gamma",0.282051282051282
"K10110",5.43335900098718,0.789525496292996,0.0279443758791947,"zero_inflated_gamma",0.192307692307692
"K10111",3.70384854205456,0.665411194858703,0.0483683838074001,"zero_inflated_gamma",0.269230769230769
"K10112",619.299774302278,22.4836124092537,0.0363048935946802,"gamma_mle",1
"K10117",1103.01035441211,7.28557052394386,0.00660516965665929,"gamma_mle",1
"K10118",860.400816493858,5.72049816892065,0.00664864335232937,"gamma_mle",1
"K10119",882.321177199699,6.44244134156661,0.0073016963754781,"gamma_mle",1
"K10120",4.76356142120307,1.62093145571318,0.13960091232006,"zero_inflated_gamma",0.41025641025641
"K10121",6.5360429686644,1.47896990925452,0.102985999857217,"zero_inflated_gamma",0.455128205128205
"K10122",8.91756019022222,1.40532610684034,0.069703655932466,"zero_inflated_gamma",0.442307692307692
"K10124",3.04070886003632,0.643372105727718,0.0420459803938717,"zero_inflated_gamma",0.198717948717949
"K10125",26.4224432089421,1.58236038768422,0.0548964004037665,"zero_inflated_gamma",0.916666666666667
"K10126",5.59330917214082,1.86586502801496,0.111196250769787,"zero_inflated_gamma",0.333333333333333
"K10133",0.38146631889595,0.81821833243296,0.0549981904106017,"zero_inflated_gamma",0.0256410256410256
"K10139",0,-1,-1,"zero",0
"K10155",0,-1,-1,"zero",0
"K10159",0.339097424245707,0.894909941770226,0.0676690742030301,"zero_inflated_gamma",0.0256410256410256
"K10178",0,-1,-1,"zero",0
"K10188",60.6508896593364,2.08227166544692,0.0336718552859441,"zero_inflated_gamma",0.980769230769231
"K10189",51.333351138498,1.79305794242237,0.0340340550343426,"zero_inflated_gamma",0.974358974358974
"K10190",57.4117578758082,1.76557307211482,0.0299642796415141,"zero_inflated_gamma",0.974358974358974
"K10191",1.09470729618775,1.44123324660331,0.05907581216386,"zero_inflated_gamma",0.0448717948717949
"K10192",187.318617709219,2.08682181836769,0.0110690799493733,"zero_inflated_gamma",0.993589743589744
"K10193",203.141420165341,2.35267031536742,0.0115814407197338,"gamma_mle",1
"K10194",200.199687359447,2.11755016985288,0.0105093876921245,"zero_inflated_gamma",0.993589743589744
"K10195",0.989377382615208,1.1635939802225,0.0753901989445213,"zero_inflated_gamma",0.0641025641025641
"K10200",145.152668769694,2.4802631157829,0.0170872718828077,"gamma_mle",1
"K10201",187.346337725115,2.66310403974889,0.0141237501204284,"zero_inflated_gamma",0.993589743589744
"K10202",186.058721274237,3.34186714228405,0.017731083332984,"zero_inflated_gamma",0.987179487179487
"K10206",729.56824375658,20.1838255474387,0.0276654387305995,"gamma_mle",1
"K10211",1.00397272550905,1.95451392875648,0.187190375630883,"zero_inflated_gamma",0.0961538461538462
"K10212",42.2257864618001,1.68982270210315,0.0325793575427051,"zero_inflated_gamma",0.814102564102564
"K10213",9.93217114543013,1.13372558250825,0.0607319528465223,"zero_inflated_gamma",0.532051282051282
"K10215",0,-1,-1,"zero",0
"K10216",8.51998028135809,1.41215351739587,0.0754357257309775,"zero_inflated_gamma",0.455128205128205
"K10217",1.13357231186913,2.56657446419664,0.0435412904124013,"zero_inflated_gamma",0.0192307692307692
"K10218",34.5081369426891,1.75317490216492,0.04852498413234,"zero_inflated_gamma",0.955128205128205
"K10219",8.73737091883149,0.849248896125436,0.0461064133689575,"zero_inflated_gamma",0.474358974358974
"K10220",0,-1,-1,"zero",0
"K10221",0.608036502848488,13.2474892545739,0.279324686975564,"zero_inflated_gamma",0.0128205128205128
"K10227",3.45329828052546,1.07505578798688,0.141687213629489,"zero_inflated_gamma",0.455128205128205
"K10228",0,-1,-1,"zero",0
"K10229",0.583420136283507,2.22188891731537,0.146476373947203,"zero_inflated_gamma",0.0384615384615385
"K10231",13.976898394615,1.13817205996517,0.0657723045349145,"zero_inflated_gamma",0.807692307692308
"K10232",1.40333765349629,1.57008981299731,0.265362434867086,"zero_inflated_gamma",0.237179487179487
"K10233",0.43460049201525,4.2966103622164,0.316870029173889,"zero_inflated_gamma",0.032051282051282
"K10234",0,-1,-1,"zero",0
"K10235",0,-1,-1,"zero",0
"K10236",0.185140549738619,-1,-1,"mean_only",0.00641025641025641
"K10237",2.08719901618047,0.971491439375608,0.062657031144745,"zero_inflated_gamma",0.134615384615385
"K10238",1.89705781268951,1.70409810168646,0.115164711449195,"zero_inflated_gamma",0.128205128205128
"K10240",1.33168323015524,1.21274950078374,0.0992417689520474,"zero_inflated_gamma",0.108974358974359
"K10241",3.8588446330397,1.45054430269372,0.0891560522800877,"zero_inflated_gamma",0.237179487179487
"K10242",5.24684089250924,1.33432952009748,0.0554267633008583,"zero_inflated_gamma",0.217948717948718
"K10249",0,-1,-1,"zero",0
"K10251",1.33133449461505,3.28314284487078,0.331968816700209,"zero_inflated_gamma",0.134615384615385
"K10253",0.0949874266267154,-1,-1,"mean_only",0.00641025641025641
"K10254",467.572342595276,15.111286296179,0.0323186059558255,"gamma_mle",1
"K10255",0,-1,-1,"zero",0
"K10277",0,-1,-1,"zero",0
"K10297",0,-1,-1,"zero",0
"K10300",0.224384072005785,-1,-1,"mean_only",0.00641025641025641
"K10301",0,-1,-1,"zero",0
"K10325",2.12872976805389,0.462851398289185,0.0153316583727349,"zero_inflated_gamma",0.0705128205128205
"K10340",0.72737727593776,1.32018096797997,0.0232690758775265,"zero_inflated_gamma",0.0128205128205128
"K10341",0,-1,-1,"zero",0
"K10348",0,-1,-1,"zero",0
"K10352",0,-1,-1,"zero",0
"K10353",0.333113254151018,5.3384209724186,0.308189303481568,"zero_inflated_gamma",0.0192307692307692
"K10355",0,-1,-1,"zero",0
"K10356",0,-1,-1,"zero",0
"K10357",0,-1,-1,"zero",0
"K10364",0,-1,-1,"zero",0
"K10365",0,-1,-1,"zero",0
"K10366",0.328831722670085,-1,-1,"mean_only",0.00641025641025641
"K10382",0,-1,-1,"zero",0
"K10388",0,-1,-1,"zero",0
"K10389",0,-1,-1,"zero",0
"K10392",0,-1,-1,"zero",0
"K10393",0.196711834097283,-1,-1,"mean_only",0.00641025641025641
"K10395",0,-1,-1,"zero",0
"K10398",0,-1,-1,"zero",0
"K10400",0,-1,-1,"zero",0
"K10402",0,-1,-1,"zero",0
"K10406",0,-1,-1,"zero",0
"K10407",0,-1,-1,"zero",0
"K10408",0.131451669182483,42.3364766020397,6.19363007439224,"zero_inflated_gamma",0.0192307692307692
"K10413",0.450595820294999,0.827727322513262,0.0235507926887173,"zero_inflated_gamma",0.0128205128205128
"K10439",461.377128509051,4.34958631508549,0.00942739907619881,"gamma_mle",1
"K10440",306.813360273985,3.69419771394848,0.012040537317702,"gamma_mle",1
"K10441",240.903456818339,4.0488302710319,0.0168068583344782,"gamma_mle",1
"K10460",0,-1,-1,"zero",0
"K10461",0.372104673368395,9.55017887282733,0.493563502853628,"zero_inflated_gamma",0.0192307692307692
"K10467",0,-1,-1,"zero",0
"K10481",1.65263766857779,0.710174912897279,0.00550925756366274,"zero_inflated_gamma",0.0128205128205128
"K10524",1.06848694850078,2.63662922404314,0.316362673565769,"zero_inflated_gamma",0.128205128205128
"K10526",0.512944434428525,2.09432390107594,0.183209069397305,"zero_inflated_gamma",0.0448717948717949
"K10530",2.63236841393266,1.02431417082673,0.0498875191246424,"zero_inflated_gamma",0.128205128205128
"K10531",0,-1,-1,"zero",0
"K10532",92.7230683863224,1.74185034158804,0.0183038324966271,"zero_inflated_gamma",0.974358974358974
"K10534",0,-1,-1,"zero",0
"K10536",241.900484382208,3.80966541435116,0.0157488953528998,"gamma_mle",1
"K10537",5.80257476714753,1.14605754651281,0.0721665489279121,"zero_inflated_gamma",0.365384615384615
"K10538",3.71858014907805,0.584228742242858,0.0322278365602254,"zero_inflated_gamma",0.205128205128205
"K10539",6.10182097648159,1.04771218817115,0.078147715170797,"zero_inflated_gamma",0.455128205128205
"K10540",293.955343530901,5.43409032098623,0.0184861083173846,"gamma_mle",1
"K10541",227.124546424953,5.37326542095723,0.023657792631994,"gamma_mle",1
"K10542",232.623038224374,5.02675365502097,0.0216090104118255,"gamma_mle",1
"K10543",28.8875015349646,1.60714782491386,0.052781649735035,"zero_inflated_gamma",0.948717948717949
"K10544",4.93720244317234,0.810088203384067,0.0441749498126162,"zero_inflated_gamma",0.269230769230769
"K10545",6.26070173302486,1.0178311941236,0.0792030191396519,"zero_inflated_gamma",0.487179487179487
"K10546",62.5564901013181,1.66745858163712,0.0264843782298527,"zero_inflated_gamma",0.993589743589744
"K10547",56.380966194537,1.39740385910248,0.0241495150370852,"zero_inflated_gamma",0.974358974358974
"K10548",50.8843467788677,1.35681351709667,0.0259809452337068,"zero_inflated_gamma",0.974358974358974
"K10549",5.98849454152271,0.888081522730972,0.051333909158632,"zero_inflated_gamma",0.346153846153846
"K10550",8.1962788401368,0.834308888426377,0.0411079762270543,"zero_inflated_gamma",0.403846153846154
"K10551",6.92966453151609,1.02907396806073,0.0742513554141406,"zero_inflated_gamma",0.5
"K10552",0.566758805410736,2.4658689707009,0.195229373725966,"zero_inflated_gamma",0.0448717948717949
"K10553",0,-1,-1,"zero",0
"K10554",0,-1,-1,"zero",0
"K10555",6.88395503638414,0.991831089968863,0.0701921728462519,"zero_inflated_gamma",0.487179487179487
"K10556",7.72269698125341,1.20144845676465,0.0797813788655818,"zero_inflated_gamma",0.512820512820513
"K10557",8.53934858531978,1.23508026553487,0.0797341360970503,"zero_inflated_gamma",0.551282051282051
"K10558",11.3405423110542,1.23333915128131,0.0655317777990738,"zero_inflated_gamma",0.602564102564103
"K10559",12.1674013621082,1.38081037361939,0.0771112021585121,"zero_inflated_gamma",0.67948717948718
"K10560",15.3628573271547,1.20282393952063,0.0491848717360119,"zero_inflated_gamma",0.628205128205128
"K10561",10.2201618449884,1.70896883322282,0.107189382949615,"zero_inflated_gamma",0.641025641025641
"K10562",12.6198427978559,1.16259551754491,0.0637784347024932,"zero_inflated_gamma",0.692307692307692
"K10563",51.4036153329559,2.3285882854657,0.0421058507971669,"zero_inflated_gamma",0.92948717948718
"K10570",0,-1,-1,"zero",0
"K10575",0,-1,-1,"zero",0
"K10581",0,-1,-1,"zero",0
"K10587",0,-1,-1,"zero",0
"K10589",0,-1,-1,"zero",0
"K10590",0,-1,-1,"zero",0
"K10591",0,-1,-1,"zero",0
"K10592",0,-1,-1,"zero",0
"K10594",0,-1,-1,"zero",0
"K10595",3.22353232564569,2.09497304919854,0.145810855032679,"zero_inflated_gamma",0.224358974358974
"K10604",0,-1,-1,"zero",0
"K10609",0,-1,-1,"zero",0
"K10614",0.875455824620511,1.77609011494863,0.117043869626773,"zero_inflated_gamma",0.0576923076923077
"K10615",3.36672901324948,2.61330726477457,0.169175174396931,"zero_inflated_gamma",0.217948717948718
"K10617",0.532826687450995,3.54396296797438,0.213181057445237,"zero_inflated_gamma",0.032051282051282
"K10621",0,-1,-1,"zero",0
"K10625",0.376610690921294,-1,-1,"mean_only",0.00641025641025641
"K10635",0,-1,-1,"zero",0
"K10644",0.718087023254963,2.10941522501253,0.0564913110672993,"zero_inflated_gamma",0.0192307692307692
"K10645",0,-1,-1,"zero",0
"K10661",0,-1,-1,"zero",0
"K10667",1.1859960106841,2.90698190006957,0.188545315750312,"zero_inflated_gamma",0.0769230769230769
"K10670",42.6981949425029,1.78190577506664,0.0310319173952701,"zero_inflated_gamma",0.743589743589744
"K10671",16.1419862990723,1.66336864101422,0.0871928489523476,"zero_inflated_gamma",0.846153846153846
"K10672",33.3570188662642,1.66148282074299,0.0450197562087537,"zero_inflated_gamma",0.903846153846154
"K10673",3.10505700949497,1.7306609734081,0.135769250440211,"zero_inflated_gamma",0.243589743589744
"K10674",0,-1,-1,"zero",0
"K10676",0,-1,-1,"zero",0
"K10677",6.46476540539251,1.15536129711745,0.0664459386229589,"zero_inflated_gamma",0.371794871794872
"K10678",15.2772249631215,1.65607293498043,0.072267615747324,"zero_inflated_gamma",0.666666666666667
"K10679",67.8094073310689,1.32502965151171,0.0181626432377946,"zero_inflated_gamma",0.92948717948718
"K10680",17.7010697062041,0.896337279708034,0.036355102346751,"zero_inflated_gamma",0.717948717948718
"K10681",30.2173180150923,1.85245521967314,0.0573746514942525,"zero_inflated_gamma",0.935897435897436
"K10682",2.81569645834459,2.20659713787678,0.170801442678342,"zero_inflated_gamma",0.217948717948718
"K10684",0,-1,-1,"zero",0
"K10685",2.34754934491613,0.964071537900581,0.0473851694938014,"zero_inflated_gamma",0.115384615384615
"K10693",0,-1,-1,"zero",0
"K10696",0.191580221033876,-1,-1,"mean_only",0.00641025641025641
"K10697",3.73404074685762,1.91786287646382,0.161328086095836,"zero_inflated_gamma",0.314102564102564
"K10706",11.608859237486,1.33248315667273,0.0647485812279813,"zero_inflated_gamma",0.564102564102564
"K10708",141.922197639897,1.68693379865521,0.0118101336389363,"zero_inflated_gamma",0.993589743589744
"K10709",82.9019325000034,1.44653151259576,0.0171131547372787,"zero_inflated_gamma",0.980769230769231
"K10710",94.4039138761857,1.98778779671386,0.0210562011159931,"gamma_mle",1
"K10711",8.73411870775348,1.58747585470116,0.0920429503563594,"zero_inflated_gamma",0.506410256410256
"K10715",17.3360484553103,1.84285210304398,0.096080418195496,"zero_inflated_gamma",0.903846153846154
"K10716",253.042327888327,5.94764175607912,0.0235045330388517,"gamma_mle",1
"K10725",1.48793443053429,1.11258457311089,0.0335523298054395,"zero_inflated_gamma",0.0448717948717949
"K10726",0.837281375624361,1.90666790123254,0.102182627541361,"zero_inflated_gamma",0.0448717948717949
"K10740",0,-1,-1,"zero",0
"K10742",84.7420911350978,1.56255001239636,0.0184388890038753,"gamma_mle",1
"K10747",8.22372254381722,1.27616575724021,0.0547112615396661,"zero_inflated_gamma",0.352564102564103
"K10748",2.19498470658564,0.676158509332145,0.0414678687836044,"zero_inflated_gamma",0.134615384615385
"K10752",0.384197975801104,15.0678675188576,0.502807929428835,"zero_inflated_gamma",0.0128205128205128
"K10754",0,-1,-1,"zero",0
"K10759",0.130508752294709,120.639420380057,11.8510000934586,"zero_inflated_gamma",0.0128205128205128
"K10761",1.36881681871955,1.87554655552051,0.0966163447323572,"zero_inflated_gamma",0.0705128205128205
"K10762",100.151377686115,0.818428542942746,0.00717661763709735,"zero_inflated_gamma",0.878205128205128
"K10763",5.05401272041362,1.093516075876,0.0735089319343923,"zero_inflated_gamma",0.33974358974359
"K10764",1.07633720992867,6.23052106251497,0.185533108080836,"zero_inflated_gamma",0.032051282051282
"K10770",0,-1,-1,"zero",0
"K10771",0,-1,-1,"zero",0
"K10773",665.624123223495,42.5378670562304,0.0639067389117861,"gamma_mle",1
"K10778",12.3368237381567,0.977163085868939,0.0401112490031785,"zero_inflated_gamma",0.506410256410256
"K10779",2.55189564941163,1.38671591921264,0.114951311668551,"zero_inflated_gamma",0.211538461538462
"K10780",0.182651042429156,4214.51695479666,295.822394072546,"zero_inflated_gamma",0.0128205128205128
"K10781",6.61893504818849,1.53242883337046,0.123181557079978,"zero_inflated_gamma",0.532051282051282
"K10782",0.405790731719579,8.2389544156958,0.650751806642066,"zero_inflated_gamma",0.032051282051282
"K10793",11.1121955769221,1.12743865751228,0.0741435366923183,"zero_inflated_gamma",0.730769230769231
"K10794",14.6822157042596,1.51742791123427,0.060288331092733,"zero_inflated_gamma",0.583333333333333
"K10795",5.99521335294591,1.58544342161247,0.111883345102098,"zero_inflated_gamma",0.423076923076923
"K10796",3.21886377890061,2.58696594183606,0.221529705662052,"zero_inflated_gamma",0.275641025641026
"K10797",152.025396474865,2.14135552788031,0.0140855118784995,"gamma_mle",1
"K10798",0.0885416271280429,-1,-1,"mean_only",0.00641025641025641
"K10799",0,-1,-1,"zero",0
"K10800",6.22041568730031,0.795427241046799,0.033607817533824,"zero_inflated_gamma",0.262820512820513
"K10804",34.012858623533,1.57548058153236,0.0403816658515733,"zero_inflated_gamma",0.871794871794872
"K10805",83.1998486168795,1.27182147883857,0.0139144923105032,"zero_inflated_gamma",0.91025641025641
"K10806",20.7973530486909,1.1888541490107,0.0384755834422749,"zero_inflated_gamma",0.673076923076923
"K10807",0.198447021206895,-1,-1,"mean_only",0.00641025641025641
"K10810",0.383093896681015,6.25888269216293,0.314187017173134,"zero_inflated_gamma",0.0192307692307692
"K10811",0,-1,-1,"zero",0
"K10814",2.29903740434393,1.80960294018464,0.100911962766849,"zero_inflated_gamma",0.128205128205128
"K10815",5.37185947199101,1.69054572831531,0.201733341094797,"zero_inflated_gamma",0.641025641025641
"K10816",1.79710246958325,2.92027964588586,0.437498222131504,"zero_inflated_gamma",0.269230769230769
"K10817",0,-1,-1,"zero",0
"K10819",275.952411591875,5.75278751308372,0.0208470274997702,"gamma_mle",1
"K10820",0.23046875403124,37.3590624600995,3.11731415335669,"zero_inflated_gamma",0.0192307692307692
"K10823",627.302710159158,11.2543033120783,0.0179407854131905,"gamma_mle",1
"K10824",21.1197450325246,1.43619629631194,0.0544892143622129,"zero_inflated_gamma",0.801282051282051
"K10826",148.370158892079,4.82588832129597,0.0323175035704918,"zero_inflated_gamma",0.993589743589744
"K10829",65.7713323318918,2.78336967920533,0.0423188884962834,"gamma_mle",1
"K10830",1.65733496653662,0.86444860780012,0.0501528418337891,"zero_inflated_gamma",0.0961538461538462
"K10831",7.14249294893305,0.927223601307916,0.0657411277890202,"zero_inflated_gamma",0.506410256410256
"K10834",156.178558067621,4.98986276411137,0.0319497300131999,"gamma_mle",1
"K10837",1.28920007366199,-1,-1,"mean_only",0.00641025641025641
"K10841",1.33369451600138,2.48717536908921,0.298858390393191,"zero_inflated_gamma",0.16025641025641
"K10842",0,-1,-1,"zero",0
"K10843",8.17052411732462,0.854102973943656,0.0415458270580464,"zero_inflated_gamma",0.397435897435897
"K10844",130.194699329454,3.31739696022827,0.0254802766726601,"gamma_mle",1
"K10848",0.443458575558179,1.25863494075869,0.127356222188533,"zero_inflated_gamma",0.0448717948717949
"K10849",0,-1,-1,"zero",0
"K10850",0,-1,-1,"zero",0
"K10851",0.458776784881685,22.8519577120624,1.2771954749056,"zero_inflated_gamma",0.0256410256410256
"K10857",3.29818083564889,1.01298542814742,0.055126721796024,"zero_inflated_gamma",0.179487179487179
"K10860",0,-1,-1,"zero",0
"K10866",2.04023303890239,1.80221030894112,0.0962609218697373,"zero_inflated_gamma",0.108974358974359
"K10867",0.150723753703962,17.5897793468289,2.24427125205101,"zero_inflated_gamma",0.0192307692307692
"K10875",5.00418969187533,1.02182450821964,0.0719914037837871,"zero_inflated_gamma",0.352564102564103
"K10876",0.389798570412086,1.65745142640292,0.109027476622665,"zero_inflated_gamma",0.0256410256410256
"K10877",4.50031087868926,1.33092139738637,0.0796222752745442,"zero_inflated_gamma",0.269230769230769
"K10884",0.0245490804244223,-1,-1,"mean_only",0.00641025641025641
"K10885",0,-1,-1,"zero",0
"K10896",1.41444734915071,1.35940481777867,0.0554472395687144,"zero_inflated_gamma",0.0576923076923077
"K10899",0,-1,-1,"zero",0
"K10900",43.8962483310967,1.78205678565834,0.0340910856670077,"zero_inflated_gamma",0.83974358974359
"K10901",0,-1,-1,"zero",0
"K10906",9.90128053499871,0.671193349507315,0.0252034314599566,"zero_inflated_gamma",0.371794871794872
"K10907",560.566896408073,11.9147928222708,0.0212548991005657,"gamma_mle",1
"K10908",1.34588937100278,0.929245476165632,0.141627135748416,"zero_inflated_gamma",0.205128205128205
"K10909",37.3853395554628,1.49603134954896,0.0389904595942717,"zero_inflated_gamma",0.974358974358974
"K10912",0,-1,-1,"zero",0
"K10913",3.681428997835,1.60262819077302,0.12836587406773,"zero_inflated_gamma",0.294871794871795
"K10914",163.900905004725,3.50589154556188,0.0212531949210889,"zero_inflated_gamma",0.993589743589744
"K10916",0,-1,-1,"zero",0
"K10917",2.22216276123414,1.92828135509458,0.150187470327789,"zero_inflated_gamma",0.173076923076923
"K10918",5.62219120957391,0.928438079488544,0.0412845296824629,"zero_inflated_gamma",0.25
"K10924",10.6765516685438,1.42170937622287,0.0648737219965139,"zero_inflated_gamma",0.487179487179487
"K10938",0.191403152248004,27.2816303978587,1.8273705953758,"zero_inflated_gamma",0.0128205128205128
"K10939",2.99468649600198,1.92963423928846,0.144566304149933,"zero_inflated_gamma",0.224358974358974
"K10941",4.45147971634155,1.17392271827014,0.0912860194610865,"zero_inflated_gamma",0.346153846153846
"K10942",11.9671951865236,1.72532117699354,0.0868722027548008,"zero_inflated_gamma",0.602564102564103
"K10943",8.63119951093259,1.61934224457485,0.115455366671982,"zero_inflated_gamma",0.615384615384615
"K10947",796.152769302516,9.44876548383916,0.0118680306696878,"gamma_mle",1
"K10954",2.23024262894086,0.949912083299579,0.0382238771647013,"zero_inflated_gamma",0.0897435897435897
"K10956",0,-1,-1,"zero",0
"K10960",1.64628464456998,3.05544639074502,0.226046997804622,"zero_inflated_gamma",0.121794871794872
"K10961",0.32904364699426,-1,-1,"mean_only",0.00641025641025641
"K10965",0,-1,-1,"zero",0
"K10972",5.47487010980293,0.659671175920742,0.028577933005538,"zero_inflated_gamma",0.237179487179487
"K10973",1.96752434019798,1.1948794157105,0.120681600529221,"zero_inflated_gamma",0.198717948717949
"K10974",72.7337037372778,2.43360444783187,0.0330301396376862,"zero_inflated_gamma",0.987179487179487
"K10975",1.2208169833176,0.916802748418694,0.125162461005861,"zero_inflated_gamma",0.166666666666667
"K10977",2.25860491013117,1.77336670643319,0.150992348152495,"zero_inflated_gamma",0.192307692307692
"K10978",0,-1,-1,"zero",0
"K10979",5.60906356319824,1.27699428549831,0.0817263345094442,"zero_inflated_gamma",0.358974358974359
"K10984",17.1569648597777,1.06118026221204,0.0352869490271235,"zero_inflated_gamma",0.57051282051282
"K10985",16.5079187340838,1.25545460264646,0.0472885314176562,"zero_inflated_gamma",0.621794871794872
"K10986",12.8208129782693,1.43803266895744,0.0690239521001382,"zero_inflated_gamma",0.615384615384615
"K10999",0,-1,-1,"zero",0
"K11003",10.1056396742598,1.41314004555031,0.0860533990372329,"zero_inflated_gamma",0.615384615384615
"K11004",4.02358883422781,1.1409337318905,0.0399894018839312,"zero_inflated_gamma",0.141025641025641
"K11005",0,-1,-1,"zero",0
"K11006",0,-1,-1,"zero",0
"K11013",0,-1,-1,"zero",0
"K11014",0,-1,-1,"zero",0
"K11016",0.072997624939941,-1,-1,"mean_only",0.00641025641025641
"K11017",0.0955562136125038,-1,-1,"mean_only",0.00641025641025641
"K11020",0,-1,-1,"zero",0
"K11021",35.6002858708975,0.871238257333994,0.0196096059600092,"zero_inflated_gamma",0.801282051282051
"K11022",2.36374390176693,1.65072271842224,0.201447379546299,"zero_inflated_gamma",0.288461538461538
"K11031",3.52922993830308,1.24704216305947,0.0770114856266608,"zero_inflated_gamma",0.217948717948718
"K11041",18.0474769116699,1.27529527271429,0.0543564271298246,"zero_inflated_gamma",0.769230769230769
"K11045",0.241081813027073,1.2679464459327,0.101142368196673,"zero_inflated_gamma",0.0192307692307692
"K11049",0,-1,-1,"zero",0
"K11050",46.4589150128633,1.61358211632519,0.0336181923398235,"zero_inflated_gamma",0.967948717948718
"K11051",47.7953833445349,1.82436526362752,0.0367022345281219,"zero_inflated_gamma",0.961538461538462
"K11059",0,-1,-1,"zero",0
"K11060",1.43567996365988,2.39776298701652,0.21411841004754,"zero_inflated_gamma",0.128205128205128
"K11062",14.4133703683106,1.68758516414398,0.0758048386551752,"zero_inflated_gamma",0.647435897435897
"K11063",0,-1,-1,"zero",0
"K11065",87.5477815540206,2.30532574651104,0.0251506275021061,"zero_inflated_gamma",0.955128205128205
"K11066",4.63670183400855,1.07295568976922,0.0771349785674145,"zero_inflated_gamma",0.333333333333333
"K11068",421.341440421338,9.34288109074705,0.0221741328871052,"gamma_mle",1
"K11069",427.843399820935,11.7507518714406,0.0274650768864464,"gamma_mle",1
"K11070",423.496734838589,10.7375849803974,0.0253545874078343,"gamma_mle",1
"K11071",478.005900615075,11.4513565787402,0.023956517197811,"gamma_mle",1
"K11072",494.914107737582,13.341073472973,0.0269563410385683,"gamma_mle",1
"K11073",3.44210588084017,0.870405430835158,0.0502498144322936,"zero_inflated_gamma",0.198717948717949
"K11074",7.84495749310584,1.27163158634856,0.0592271683431325,"zero_inflated_gamma",0.365384615384615
"K11075",4.35541092770468,0.683193601177178,0.0351931466842108,"zero_inflated_gamma",0.224358974358974
"K11076",7.55043629588023,0.924930788808722,0.0345513695592064,"zero_inflated_gamma",0.282051282051282
"K11081",0.891948810681675,1.65790972440063,0.119150631865784,"zero_inflated_gamma",0.0641025641025641
"K11082",0,-1,-1,"zero",0
"K11083",0.473001398114829,4.08810855187924,0.166209809241279,"zero_inflated_gamma",0.0192307692307692
"K11084",1.02057933979349,0.873189830743017,0.032907019522992,"zero_inflated_gamma",0.0384615384615385
"K11085",215.700482731821,2.61499512485804,0.0120455564247693,"zero_inflated_gamma",0.993589743589744
"K11086",0,-1,-1,"zero",0
"K11089",0,-1,-1,"zero",0
"K11102",32.9762697170835,1.65292251933928,0.0427344395348159,"zero_inflated_gamma",0.852564102564103
"K11103",14.5456587261467,1.13230401736664,0.058383606340113,"zero_inflated_gamma",0.75
"K11104",166.960112153421,2.45358974642671,0.0146014612447455,"zero_inflated_gamma",0.993589743589744
"K11105",156.008266239071,3.54569837904173,0.0227276314551706,"gamma_mle",1
"K11106",4.01391542958527,0.538849512760757,0.0309796979387338,"zero_inflated_gamma",0.230769230769231
"K11107",4.71801574931034,0.829275499377024,0.0292946421914144,"zero_inflated_gamma",0.166666666666667
"K11111",0,-1,-1,"zero",0
"K11121",0.0325888083543405,-1,-1,"mean_only",0.00641025641025641
"K11126",0.196711834097283,-1,-1,"mean_only",0.00641025641025641
"K11127",0,-1,-1,"zero",0
"K11131",1.21344623649035,1.35934342709514,0.0718098557252883,"zero_inflated_gamma",0.0641025641025641
"K11137",0,-1,-1,"zero",0
"K11138",0,-1,-1,"zero",0
"K11139",0.977195962668578,1.24307459466549,0.146778834010093,"zero_inflated_gamma",0.115384615384615
"K11140",0,-1,-1,"zero",0
"K11141",0,-1,-1,"zero",0
"K11144",18.3881622956336,1.44501799648159,0.0579306190844518,"zero_inflated_gamma",0.737179487179487
"K11145",367.300155746326,7.76795073222447,0.0211487814821112,"gamma_mle",1
"K11146",0,-1,-1,"zero",0
"K11147",4.38361551359376,2.11252785413938,0.182262533161053,"zero_inflated_gamma",0.378205128205128
"K11150",16.1233197718621,1.76762181105702,0.0744931177815647,"zero_inflated_gamma",0.67948717948718
"K11152",15.0720216852407,1.78853790168154,0.0798714076193977,"zero_inflated_gamma",0.673076923076923
"K11153",35.185538242081,1.48066388519479,0.0347982494231055,"zero_inflated_gamma",0.826923076923077
"K11154",0,-1,-1,"zero",0
"K11161",5.73685621441294,2.02013096391656,0.160265229834655,"zero_inflated_gamma",0.455128205128205
"K11162",2.69761975131082,2.22912324084813,0.180097492338001,"zero_inflated_gamma",0.217948717948718
"K11163",0,-1,-1,"zero",0
"K11164",0,-1,-1,"zero",0
"K11165",12.2500534862813,1.31989431774191,0.0628518359432765,"zero_inflated_gamma",0.583333333333333
"K11166",15.0000556710987,1.56355943487808,0.0768413109691909,"zero_inflated_gamma",0.737179487179487
"K11168",0,-1,-1,"zero",0
"K11169",0.396081426177037,6.41626766023415,0.519210422158914,"zero_inflated_gamma",0.032051282051282
"K11170",1.41021496503626,1.97920917598049,0.161940055380378,"zero_inflated_gamma",0.115384615384615
"K11173",0,-1,-1,"zero",0
"K11175",735.243046680691,20.8919172783254,0.0284149811040629,"gamma_mle",1
"K11176",0.141497210074838,-1,-1,"mean_only",0.00641025641025641
"K11177",8.117807562986,1.12516830669766,0.0533095959321286,"zero_inflated_gamma",0.384615384615385
"K11178",43.0211122125414,2.02069533393252,0.0448622317776171,"zero_inflated_gamma",0.955128205128205
"K11179",7.60728461546519,2.18109191026548,0.123138683524192,"zero_inflated_gamma",0.429487179487179
"K11180",6.5507462081721,1.33196806266048,0.121216401654904,"zero_inflated_gamma",0.596153846153846
"K11181",7.61531833787423,1.30470463571536,0.117512298834571,"zero_inflated_gamma",0.685897435897436
"K11182",0,-1,-1,"zero",0
"K11183",25.1591497189155,1.61370399596796,0.0579725533850307,"zero_inflated_gamma",0.903846153846154
"K11184",125.76264840102,1.80245801075247,0.0138728544830016,"zero_inflated_gamma",0.967948717948718
"K11187",0,-1,-1,"zero",0
"K11188",0,-1,-1,"zero",0
"K11189",1030.09214115586,13.0901959524234,0.0127077913027615,"gamma_mle",1
"K11191",4.3681828135564,1.0263566186557,0.0662713106317939,"zero_inflated_gamma",0.282051282051282
"K11192",4.3681828135564,1.0263566186557,0.0662713106317939,"zero_inflated_gamma",0.282051282051282
"K11195",0,-1,-1,"zero",0
"K11198",3.32203416081212,0.654098453442699,0.0315540012620975,"zero_inflated_gamma",0.16025641025641
"K11199",3.32203416081212,0.654098453442699,0.0315540012620975,"zero_inflated_gamma",0.16025641025641
"K11200",3.32203416081212,0.654098453442699,0.0315540012620975,"zero_inflated_gamma",0.16025641025641
"K11201",8.83829285202104,0.536046190616866,0.0260485786494662,"zero_inflated_gamma",0.429487179487179
"K11202",12.616945099629,0.730359117444962,0.0192957199405964,"zero_inflated_gamma",0.333333333333333
"K11203",7.17166415138468,0.592947419166795,0.0286197213615969,"zero_inflated_gamma",0.346153846153846
"K11204",0.289891123932838,-1,-1,"mean_only",0.00641025641025641
"K11206",79.2508963985434,2.69010619064982,0.0337265828105644,"zero_inflated_gamma",0.993589743589744
"K11208",2.08511866432717,0.975063247709274,0.0599525153265146,"zero_inflated_gamma",0.128205128205128
"K11209",7.50035589289619,0.821732527238392,0.0393289213773398,"zero_inflated_gamma",0.358974358974359
"K11210",0.547565602720561,2.90705463792258,0.272259112480721,"zero_inflated_gamma",0.0512820512820513
"K11211",0.513828309910048,1.43963767699893,0.0538805266434887,"zero_inflated_gamma",0.0192307692307692
"K11212",4.56775690544753,1.55246857817129,0.156865606902471,"zero_inflated_gamma",0.461538461538462
"K11214",10.8525243193063,1.81603140132556,0.14159304413943,"zero_inflated_gamma",0.846153846153846
"K11216",13.7470095778166,1.21103123532632,0.0592941448836137,"zero_inflated_gamma",0.673076923076923
"K11228",0,-1,-1,"zero",0
"K11229",0,-1,-1,"zero",0
"K11231",3.58871214982582,2.26425577807911,0.194134847398284,"zero_inflated_gamma",0.307692307692308
"K11233",2.13797055281614,2.91298720293088,0.14847768259566,"zero_inflated_gamma",0.108974358974359
"K11236",0,-1,-1,"zero",0
"K11238",0,-1,-1,"zero",0
"K11249",19.9926574282789,1.35702928966932,0.05090728788322,"zero_inflated_gamma",0.75
"K11250",3.34580254248803,1.24647758553438,0.0549271928403557,"zero_inflated_gamma",0.147435897435897
"K11251",0,-1,-1,"zero",0
"K11252",0,-1,-1,"zero",0
"K11255",0.215997308028389,-1,-1,"mean_only",0.00641025641025641
"K11257",1.16384422890478,9.32315964552845,0.410803043206786,"zero_inflated_gamma",0.0512820512820513
"K11258",4.06111773603577,1.61463215475249,0.0586180347967862,"zero_inflated_gamma",0.147435897435897
"K11259",0,-1,-1,"zero",0
"K11260",1.45172919755155,1.24874202260118,0.0771952454775379,"zero_inflated_gamma",0.0897435897435897
"K11261",258.797264198838,4.51669744188398,0.017452647561273,"gamma_mle",1
"K11262",0,-1,-1,"zero",0
"K11263",102.340188780662,1.25674183652787,0.0118864510995462,"zero_inflated_gamma",0.967948717948718
"K11264",2.81497764567739,0.754719948225236,0.0395288442344221,"zero_inflated_gamma",0.147435897435897
"K11267",0.189928667404273,-1,-1,"mean_only",0.00641025641025641
"K11271",0,-1,-1,"zero",0
"K11273",0,-1,-1,"zero",0
"K11274",0,-1,-1,"zero",0
"K11275",0,-1,-1,"zero",0
"K11292",0,-1,-1,"zero",0
"K11293",133.273490055803,3.47783557375248,0.0260954790956272,"gamma_mle",1
"K11294",25.970173959012,1.83328616593534,0.0416311714443017,"zero_inflated_gamma",0.58974358974359
"K11308",0,-1,-1,"zero",0
"K11312",5.69190114881354,1.72644119875435,0.101105128943559,"zero_inflated_gamma",0.333333333333333
"K11315",0,-1,-1,"zero",0
"K11320",0.676072781363631,4.72751796336655,0.224122336859566,"zero_inflated_gamma",0.032051282051282
"K11324",0,-1,-1,"zero",0
"K11325",0,-1,-1,"zero",0
"K11326",0,-1,-1,"zero",0
"K11328",3.43788945873625,1.18534024143315,0.132610457180461,"zero_inflated_gamma",0.384615384615385
"K11329",3.45042074550218,1.0600173955181,0.1063432913006,"zero_inflated_gamma",0.346153846153846
"K11332",3.25825174897543,1.62252585314145,0.0478821507001907,"zero_inflated_gamma",0.0961538461538462
"K11333",0,-1,-1,"zero",0
"K11337",0,-1,-1,"zero",0
"K11341",0,-1,-1,"zero",0
"K11352",0,-1,-1,"zero",0
"K11353",0,-1,-1,"zero",0
"K11354",0,-1,-1,"zero",0
"K11355",0,-1,-1,"zero",0
"K11356",13.4260824949051,1.54394804710995,0.0818241969355407,"zero_inflated_gamma",0.711538461538462
"K11357",22.5268904272634,1.50407085569821,0.0560678298529891,"zero_inflated_gamma",0.83974358974359
"K11358",447.671190869721,10.5702503243108,0.0236116384969408,"gamma_mle",1
"K11360",0,-1,-1,"zero",0
"K11361",0,-1,-1,"zero",0
"K11362",0,-1,-1,"zero",0
"K11367",3.38197549865612,2.4233589428786,0.16535799249523,"zero_inflated_gamma",0.230769230769231
"K11370",0.182080375362774,-1,-1,"mean_only",0.00641025641025641
"K11374",0.183597711824131,-1,-1,"mean_only",0.00641025641025641
"K11375",0,-1,-1,"zero",0
"K11381",51.6468430179789,1.07753327747802,0.0200610459292165,"zero_inflated_gamma",0.961538461538462
"K11382",0.147655434917282,-1,-1,"mean_only",0.00641025641025641
"K11383",25.3899869342731,2.35078470968974,0.0866520092287128,"zero_inflated_gamma",0.935897435897436
"K11384",6.68615200389895,1.6329588373499,0.147164224770552,"zero_inflated_gamma",0.602564102564103
"K11386",0,-1,-1,"zero",0
"K11387",0,-1,-1,"zero",0
"K11391",3.52262562528094,0.691690999528087,0.0440543786753038,"zero_inflated_gamma",0.224358974358974
"K11392",343.40990340177,18.1998032297927,0.0529973161796092,"gamma_mle",1
"K11407",3.41205736637975,2.02599335898755,0.190312405713836,"zero_inflated_gamma",0.320512820512821
"K11410",0,-1,-1,"zero",0
"K11413",0,-1,-1,"zero",0
"K11414",0.277128621621329,-1,-1,"mean_only",0.00641025641025641
"K11418",0.941861255512636,0.655959734024966,0.00892885245102264,"zero_inflated_gamma",0.0128205128205128
"K11423",0,-1,-1,"zero",0
"K11424",0,-1,-1,"zero",0
"K11434",1.63359115305103,3.48378246450592,0.328090986535948,"zero_inflated_gamma",0.153846153846154
"K11436",4.93518287005048,1.84775495591024,0.172802103205987,"zero_inflated_gamma",0.461538461538462
"K11437",0.523503734019133,2.86743538817261,0.210668939496326,"zero_inflated_gamma",0.0384615384615385
"K11440",7.39189467015563,1.87289897255743,0.112068374813556,"zero_inflated_gamma",0.442307692307692
"K11441",0,-1,-1,"zero",0
"K11442",0,-1,-1,"zero",0
"K11443",45.3825429155507,1.93119211421852,0.0360069209464251,"zero_inflated_gamma",0.846153846153846
"K11444",30.5174673122134,1.77629986818132,0.0559673129165109,"zero_inflated_gamma",0.961538461538462
"K11450",0,-1,-1,"zero",0
"K11461",0,-1,-1,"zero",0
"K11465",0.199038887370066,5.49478627733899,0.353930726027547,"zero_inflated_gamma",0.0128205128205128
"K11472",1.97024454437874,1.70771543589361,0.122234402182911,"zero_inflated_gamma",0.141025641025641
"K11473",17.3382804281574,1.50686310615577,0.0713104452590736,"zero_inflated_gamma",0.82051282051282
"K11474",2.24907973615512,1.85534233307777,0.132200960826802,"zero_inflated_gamma",0.16025641025641
"K11475",206.756395691408,3.03378438874541,0.0146732311646284,"gamma_mle",1
"K11476",35.7177946262237,1.93976785186581,0.049782483758712,"zero_inflated_gamma",0.916666666666667
"K11477",10.9661782141789,2.00301372894457,0.0913268820651999,"zero_inflated_gamma",0.5
"K11479",0,-1,-1,"zero",0
"K11481",0,-1,-1,"zero",0
"K11493",3.53578816987345,2.95854520073514,0.187730750526087,"zero_inflated_gamma",0.224358974358974
"K11494",3.1562764384186,1.75154790996181,0.131620674918826,"zero_inflated_gamma",0.237179487179487
"K11498",0,-1,-1,"zero",0
"K11499",0,-1,-1,"zero",0
"K11502",0,-1,-1,"zero",0
"K11517",57.7545010204138,2.03369019925895,0.0345355035037896,"zero_inflated_gamma",0.980769230769231
"K11520",7.35684009526319,1.90389347021176,0.1410086176845,"zero_inflated_gamma",0.544871794871795
"K11521",25.4994485415789,1.40722507280678,0.0477575397916852,"zero_inflated_gamma",0.865384615384615
"K11525",0,-1,-1,"zero",0
"K11527",529.801019124957,4.52892422008298,0.00854834939268926,"gamma_mle",1
"K11528",0,-1,-1,"zero",0
"K11529",200.872895068933,3.64360486967973,0.0180225830217914,"zero_inflated_gamma",0.993589743589744
"K11530",9.87188828550874,1.85186677549125,0.0721499708579122,"zero_inflated_gamma",0.384615384615385
"K11531",26.5061861977266,1.15296820049185,0.0329023936397804,"zero_inflated_gamma",0.756410256410256
"K11532",0,-1,-1,"zero",0
"K11533",142.125880018331,0.857716918635168,0.00584148356125397,"zero_inflated_gamma",0.967948717948718
"K11534",10.7325409425419,1.25800571850769,0.0773913972684276,"zero_inflated_gamma",0.66025641025641
"K11535",2.44744914294626,0.869024599117495,0.0614550476470168,"zero_inflated_gamma",0.173076923076923
"K11537",98.8801400031049,1.93769833913691,0.0192195815001723,"zero_inflated_gamma",0.980769230769231
"K11538",0,-1,-1,"zero",0
"K11539",0,-1,-1,"zero",0
"K11540",0,-1,-1,"zero",0
"K11541",5.23550784768011,1.86890040981316,0.0457649235974085,"zero_inflated_gamma",0.128205128205128
"K11594",1.40609316784038,5.08479332111118,0.417260345961142,"zero_inflated_gamma",0.115384615384615
"K11600",0.243059824284355,0.866338163705595,0.045696155534504,"zero_inflated_gamma",0.0128205128205128
"K11601",0,-1,-1,"zero",0
"K11602",0,-1,-1,"zero",0
"K11603",0,-1,-1,"zero",0
"K11604",2.14842120992441,1.50329395313359,0.0852223453418402,"zero_inflated_gamma",0.121794871794872
"K11605",3.28656295028365,1.33456094112514,0.0442507644829312,"zero_inflated_gamma",0.108974358974359
"K11606",2.24278755600886,0.980095926404093,0.0476216862480419,"zero_inflated_gamma",0.108974358974359
"K11607",1.0341826830963,0.807824516073423,0.0450648239469292,"zero_inflated_gamma",0.0576923076923077
"K11609",0,-1,-1,"zero",0
"K11614",47.1283835292142,1.08932589424703,0.0205951749354105,"zero_inflated_gamma",0.891025641025641
"K11615",18.5269540587394,1.16754632356224,0.0428204634071354,"zero_inflated_gamma",0.67948717948718
"K11616",22.0301479176994,0.959643828434225,0.0321118926646762,"zero_inflated_gamma",0.737179487179487
"K11617",25.7058463350056,1.4280978243129,0.0509257565468343,"zero_inflated_gamma",0.916666666666667
"K11618",214.267578059541,2.85420693484224,0.0133207597747201,"gamma_mle",1
"K11621",0,-1,-1,"zero",0
"K11622",1.80149777959868,1.44344126070639,0.128404662762518,"zero_inflated_gamma",0.16025641025641
"K11623",0,-1,-1,"zero",0
"K11624",4.34438519223433,1.69807393391399,0.110244351936018,"zero_inflated_gamma",0.282051282051282
"K11626",0.906007366449226,1.84291053713159,0.117351983763975,"zero_inflated_gamma",0.0576923076923077
"K11628",0,-1,-1,"zero",0
"K11629",62.1683932262235,2.52759346396126,0.0403965875813731,"zero_inflated_gamma",0.993589743589744
"K11630",34.0453438057765,1.97680440379709,0.0521086009381369,"zero_inflated_gamma",0.897435897435897
"K11631",0.0707148883669994,-1,-1,"mean_only",0.00641025641025641
"K11632",0.351967285281202,-1,-1,"mean_only",0.00641025641025641
"K11633",13.0406896866919,1.28296040539796,0.0674795025080939,"zero_inflated_gamma",0.685897435897436
"K11634",7.2336115523158,2.20259726268054,0.150295521159123,"zero_inflated_gamma",0.493589743589744
"K11635",2.31744058230747,1.35454405825311,0.0861762844621288,"zero_inflated_gamma",0.147435897435897
"K11636",0.107545559391478,-1,-1,"mean_only",0.00641025641025641
"K11637",4.45890571783845,1.10827323397637,0.113123362477334,"zero_inflated_gamma",0.455128205128205
"K11638",0.550884826620053,2.60422699957572,0.545463799690971,"zero_inflated_gamma",0.115384615384615
"K11639",0.239960896542133,12.76522396737,1.02302116650274,"zero_inflated_gamma",0.0192307692307692
"K11641",17.9190113458488,1.33978952713959,0.0488875313696655,"zero_inflated_gamma",0.653846153846154
"K11642",1.23721290460579,1.19753243158651,0.111683945838926,"zero_inflated_gamma",0.115384615384615
"K11643",0,-1,-1,"zero",0
"K11645",85.6861526096457,2.24410927820847,0.026189870940195,"gamma_mle",1
"K11646",4.92770207474962,1.80252940560755,0.1875872445484,"zero_inflated_gamma",0.512820512820513
"K11647",6.10559494298165,1.05492297755056,0.0863898594160086,"zero_inflated_gamma",0.5
"K11648",0,-1,-1,"zero",0
"K11649",0,-1,-1,"zero",0
"K11653",0,-1,-1,"zero",0
"K11654",7.27810948825895,1.75690963381112,0.120698214051696,"zero_inflated_gamma",0.5
"K11655",0,-1,-1,"zero",0
"K11665",7.45195501003591,1.28369193628963,0.0861312188922783,"zero_inflated_gamma",0.5
"K11672",0.203997457582367,-1,-1,"mean_only",0.00641025641025641
"K11681",1.98377477041114,3.23769099773259,0.313862689185377,"zero_inflated_gamma",0.192307692307692
"K11684",0,-1,-1,"zero",0
"K11685",3.25713916143396,0.882455388057537,0.0399447477178491,"zero_inflated_gamma",0.147435897435897
"K11686",0.358944547654545,-1,-1,"mean_only",0.00641025641025641
"K11687",6.065626010639,1.54433100909112,0.114245263609301,"zero_inflated_gamma",0.448717948717949
"K11688",90.9234376198326,1.96362558980392,0.0213195954035545,"zero_inflated_gamma",0.987179487179487
"K11689",144.357549761985,3.87634753120464,0.0266802751636106,"zero_inflated_gamma",0.993589743589744
"K11690",189.30487381897,3.32523725280237,0.017565513162552,"gamma_mle",1
"K11691",8.21084171978648,1.45552836136279,0.106815984371938,"zero_inflated_gamma",0.602564102564103
"K11692",5.9701184950973,1.98941386932427,0.111076179976326,"zero_inflated_gamma",0.333333333333333
"K11693",32.7354857541837,1.50668153729326,0.0389450270352791,"zero_inflated_gamma",0.846153846153846
"K11694",0,-1,-1,"zero",0
"K11707",8.19639580281931,1.97494350019773,0.0911295376235056,"zero_inflated_gamma",0.378205128205128
"K11708",7.81650982649364,1.79023899355271,0.0910259510729136,"zero_inflated_gamma",0.397435897435897
"K11709",8.68714325706478,1.47815123750257,0.0741696453286872,"zero_inflated_gamma",0.435897435897436
"K11710",7.52087960680905,1.74275477239743,0.0891239232800757,"zero_inflated_gamma",0.384615384615385
"K11711",10.0547851435304,1.16584923408429,0.0691238544646646,"zero_inflated_gamma",0.596153846153846
"K11712",15.0369299707261,1.29833723558079,0.0470459955108529,"zero_inflated_gamma",0.544871794871795
"K11717",755.43941273793,34.260092966844,0.0453512120087508,"gamma_mle",1
"K11718",2.11273534142522,1.36289222340027,0.0868382599775039,"zero_inflated_gamma",0.134615384615385
"K11719",6.87318201733208,0.892002303665263,0.043260035958886,"zero_inflated_gamma",0.333333333333333
"K11720",117.377577884966,2.47904232741588,0.0209848514071337,"zero_inflated_gamma",0.993589743589744
"K11723",0.296230952983997,-1,-1,"mean_only",0.00641025641025641
"K11727",0,-1,-1,"zero",0
"K11728",0,-1,-1,"zero",0
"K11729",0,-1,-1,"zero",0
"K11730",0.262282445463044,-1,-1,"mean_only",0.00641025641025641
"K11731",0,-1,-1,"zero",0
"K11732",3.06198312450642,0.604909411729049,0.0405240580524558,"zero_inflated_gamma",0.205128205128205
"K11733",12.1706605668659,0.886698639508603,0.0378287779975847,"zero_inflated_gamma",0.519230769230769
"K11734",4.42367865007468,0.806672108818098,0.0631222733703102,"zero_inflated_gamma",0.346153846153846
"K11735",2.57004556909186,0.729237182478452,0.0618418252629951,"zero_inflated_gamma",0.217948717948718
"K11736",3.40159326675739,0.60554908608315,0.045645961834699,"zero_inflated_gamma",0.256410256410256
"K11737",7.95242218390456,0.780065301196602,0.0352123459971666,"zero_inflated_gamma",0.358974358974359
"K11738",8.08869204961243,0.805450376568782,0.0382989739839895,"zero_inflated_gamma",0.384615384615385
"K11739",1.57032521209671,0.639713028076879,0.101844035736828,"zero_inflated_gamma",0.25
"K11740",3.92647633528885,0.897478237831324,0.111355054844422,"zero_inflated_gamma",0.487179487179487
"K11741",147.78625021315,1.30759571981406,0.0083941471365919,"zero_inflated_gamma",0.948717948717949
"K11742",6.48806801703127,1.77529295673583,0.0789300815243724,"zero_inflated_gamma",0.288461538461538
"K11743",7.33715783550648,1.65531692091576,0.0968954752589749,"zero_inflated_gamma",0.429487179487179
"K11744",21.5765423871409,1.30830786852727,0.0536392368872937,"zero_inflated_gamma",0.884615384615385
"K11745",3.5214512919263,0.658490433658571,0.0431524727298333,"zero_inflated_gamma",0.230769230769231
"K11746",12.7116153746404,0.957331662126437,0.032828118577034,"zero_inflated_gamma",0.435897435897436
"K11747",15.7280377862576,1.42332311553701,0.0736729535910434,"zero_inflated_gamma",0.814102564102564
"K11748",69.369771803829,1.20309467168663,0.0152308978812749,"zero_inflated_gamma",0.878205128205128
"K11749",560.745167061457,25.4890569817663,0.0454556873228882,"gamma_mle",1
"K11750",3.45854392969269,0.653477681168062,0.0363357492039079,"zero_inflated_gamma",0.192307692307692
"K11751",438.200244648426,7.75881856643245,0.0177061027719358,"gamma_mle",1
"K11752",348.11614102019,8.90211234829561,0.0255722481646701,"gamma_mle",1
"K11753",631.204763441858,33.5725790335453,0.0531880951760874,"gamma_mle",1
"K11754",662.49740005427,32.4969712041788,0.0490522245091327,"gamma_mle",1
"K11755",312.276758762578,7.80286098469501,0.0249870051668734,"gamma_mle",1
"K11756",0,-1,-1,"zero",0
"K11770",0,-1,-1,"zero",0
"K11771",0,-1,-1,"zero",0
"K11772",0,-1,-1,"zero",0
"K11777",0,-1,-1,"zero",0
"K11778",0,-1,-1,"zero",0
"K11779",0,-1,-1,"zero",0
"K11780",0,-1,-1,"zero",0
"K11781",0,-1,-1,"zero",0
"K11782",36.6185840497385,1.58591925164271,0.035813324336589,"zero_inflated_gamma",0.826923076923077
"K11783",5.11067675673663,1.18466457085631,0.0757813896399516,"zero_inflated_gamma",0.326923076923077
"K11784",35.9978871367503,1.48989537324662,0.0363475154056609,"zero_inflated_gamma",0.878205128205128
"K11785",33.9205354693765,1.49922622199606,0.0371151455033275,"zero_inflated_gamma",0.83974358974359
"K11786",1.89876567439022,1.91371639836568,0.116293144308904,"zero_inflated_gamma",0.115384615384615
"K11787",0.534464175714649,42.2365474675373,2.02630680560661,"zero_inflated_gamma",0.0256410256410256
"K11788",0.936760741947398,1.79871200520756,0.0738515480758758,"zero_inflated_gamma",0.0384615384615385
"K11790",0.220317254188957,-1,-1,"mean_only",0.00641025641025641
"K11806",0,-1,-1,"zero",0
"K11808",0,-1,-1,"zero",0
"K11810",0.306602583722636,5.05141749538137,0.211223799796434,"zero_inflated_gamma",0.0128205128205128
"K11811",0.54547250955339,3.96835173786243,0.233175382079406,"zero_inflated_gamma",0.032051282051282
"K11814",2.02593469941707,2.07385074494365,0.144361084679252,"zero_inflated_gamma",0.141025641025641
"K11815",2.26063128961761,2.54406350198934,0.151493119810877,"zero_inflated_gamma",0.134615384615385
"K11824",0,-1,-1,"zero",0
"K11827",0,-1,-1,"zero",0
"K11831",0,-1,-1,"zero",0
"K11838",0,-1,-1,"zero",0
"K11840",0.431994616056778,-1,-1,"mean_only",0.00641025641025641
"K11847",18.105027958098,0.18550360462484,0.000459755141719143,"zero_inflated_gamma",0.0448717948717949
"K11853",0,-1,-1,"zero",0
"K11854",0,-1,-1,"zero",0
"K11855",0,-1,-1,"zero",0
"K11870",0.263547872652183,1.34710208615653,0.0982964084986302,"zero_inflated_gamma",0.0192307692307692
"K11883",0,-1,-1,"zero",0
"K11886",0,-1,-1,"zero",0
"K11889",0,-1,-1,"zero",0
"K11890",0.715144493368683,1.6875260140506,0.0453788341349872,"zero_inflated_gamma",0.0192307692307692
"K11891",8.12676160201332,0.66248138621383,0.0193345151664379,"zero_inflated_gamma",0.237179487179487
"K11892",4.72845780596663,1.15134365079122,0.0280952796394693,"zero_inflated_gamma",0.115384615384615
"K11893",4.81049782408367,1.01975008047913,0.0271774761336515,"zero_inflated_gamma",0.128205128205128
"K11894",13.3247647439882,0.737451388603245,0.0127717894422453,"zero_inflated_gamma",0.230769230769231
"K11895",5.79917984373947,1.20447847717608,0.0878722615554264,"zero_inflated_gamma",0.423076923076923
"K11896",8.06605943758685,0.732583894763179,0.0489047042212649,"zero_inflated_gamma",0.538461538461538
"K11897",3.34044017085399,1.7759312741412,0.136319457939318,"zero_inflated_gamma",0.256410256410256
"K11898",0.359689430398516,11.8291683532115,0.421630416997035,"zero_inflated_gamma",0.0128205128205128
"K11900",12.0714919959065,1.20749190167761,0.0557850633040818,"zero_inflated_gamma",0.557692307692308
"K11901",7.12281557939926,1.10451154344146,0.0447307803379239,"zero_inflated_gamma",0.288461538461538
"K11902",2.93219247284993,1.64562302879033,0.197868186238257,"zero_inflated_gamma",0.352564102564103
"K11903",8.18668070156122,0.968455413551764,0.0417070881593209,"zero_inflated_gamma",0.352564102564103
"K11904",56.9523257441217,0.966038586167552,0.0154399807931429,"zero_inflated_gamma",0.91025641025641
"K11905",0.412485028233751,2.16897238525436,0.101121263933731,"zero_inflated_gamma",0.0192307692307692
"K11906",1.42893470607169,2.16230157337558,0.0970016856805414,"zero_inflated_gamma",0.0641025641025641
"K11907",6.78151682585623,0.520129754809531,0.0191745360280758,"zero_inflated_gamma",0.25
"K11908",0,-1,-1,"zero",0
"K11909",1.38459249072776,1.99632894038057,0.0924241643137085,"zero_inflated_gamma",0.0641025641025641
"K11910",3.81684380470527,1.1877849111385,0.0398968688802257,"zero_inflated_gamma",0.128205128205128
"K11911",5.3925345326172,0.884070283698404,0.0483422757462517,"zero_inflated_gamma",0.294871794871795
"K11912",24.8189688416772,1.08212028991942,0.0408056277893186,"zero_inflated_gamma",0.935897435897436
"K11913",0,-1,-1,"zero",0
"K11914",0,-1,-1,"zero",0
"K11915",2.83293130755106,1.5633746171019,0.0601383260798999,"zero_inflated_gamma",0.108974358974359
"K11916",1.56297493909309,1.33139488856839,0.109209462104111,"zero_inflated_gamma",0.128205128205128
"K11917",0.216335885272666,14.5017852207476,1.28910876095698,"zero_inflated_gamma",0.0192307692307692
"K11918",0,-1,-1,"zero",0
"K11920",1.40031809500047,0.753396579477495,0.051732516386492,"zero_inflated_gamma",0.0961538461538462
"K11921",278.477448651517,7.96419592439991,0.0285990695582902,"gamma_mle",1
"K11922",12.6433000022536,1.12454027238642,0.0535942040374692,"zero_inflated_gamma",0.602564102564103
"K11923",6.2716222468879,1.31275794616645,0.0778230341495532,"zero_inflated_gamma",0.371794871794872
"K11924",531.027216888811,4.54585469037757,0.00856049284443626,"gamma_mle",1
"K11925",4.45913272008571,0.461871672404976,0.0232388361619012,"zero_inflated_gamma",0.224358974358974
"K11926",2.63562416550949,0.797370836361213,0.0290899870058745,"zero_inflated_gamma",0.0961538461538462
"K11927",321.111411022615,7.03846275152465,0.021919067681556,"gamma_mle",1
"K11928",413.758988468444,11.5475663626998,0.0279089196477492,"gamma_mle",1
"K11929",2.72650193679923,0.809663624755937,0.0533006187816658,"zero_inflated_gamma",0.179487179487179
"K11930",2.05414874642209,0.855766266853043,0.0827866615926702,"zero_inflated_gamma",0.198717948717949
"K11931",56.4021466639534,1.66433777335273,0.0285626294252375,"zero_inflated_gamma",0.967948717948718
"K11932",14.8123843764843,1.11978594058674,0.0402219879101993,"zero_inflated_gamma",0.532051282051282
"K11933",2.26586933139736,0.886812403196625,0.0752650845331004,"zero_inflated_gamma",0.192307692307692
"K11934",16.0416801433608,1.66289902447169,0.0551530481835571,"zero_inflated_gamma",0.532051282051282
"K11935",2.27106212939995,0.578743108848743,0.0375716315874196,"zero_inflated_gamma",0.147435897435897
"K11936",53.0647764971422,1.74236106322456,0.0311507806674254,"zero_inflated_gamma",0.948717948717949
"K11937",3.04009392779654,0.945710955030563,0.035893790587684,"zero_inflated_gamma",0.115384615384615
"K11938",46.8575574469691,1.60931424051837,0.0312625899292053,"zero_inflated_gamma",0.91025641025641
"K11939",97.9003387404873,2.10491363040584,0.0215005755596568,"gamma_mle",1
"K11940",3.31935762755541,1.36625104234212,0.0422154909949517,"zero_inflated_gamma",0.102564102564103
"K11941",1.2524501567112,0.815442422655062,0.0667772045251931,"zero_inflated_gamma",0.102564102564103
"K11942",0.299029116356794,-1,-1,"mean_only",0.00641025641025641
"K11953",0,-1,-1,"zero",0
"K11957",0.25398384511351,7.13541048753254,0.540268348135382,"zero_inflated_gamma",0.0192307692307692
"K11958",0.425780586621916,5.42715511484806,0.326829892742883,"zero_inflated_gamma",0.0256410256410256
"K11959",5.08109206986129,1.70797001949406,0.105583161091595,"zero_inflated_gamma",0.314102564102564
"K11960",2.85985387407061,1.39457906839657,0.0593920480983912,"zero_inflated_gamma",0.121794871794872
"K11961",2.87453084449654,0.647679509091083,0.0187763831192112,"zero_inflated_gamma",0.0833333333333333
"K11962",0.958246531877607,1.13109661071324,0.0529658427217659,"zero_inflated_gamma",0.0448717948717949
"K11963",18.7273840938688,1.62356376485986,0.0561292200703347,"zero_inflated_gamma",0.647435897435897
"K11968",0,-1,-1,"zero",0
"K11982",0.250210273235219,-1,-1,"mean_only",0.00641025641025641
"K11984",0,-1,-1,"zero",0
"K11988",0,-1,-1,"zero",0
"K11991",818.45454549095,28.2691320368139,0.0345396481607377,"gamma_mle",1
"K11996",0,-1,-1,"zero",0
"K11997",0,-1,-1,"zero",0
"K12005",0,-1,-1,"zero",0
"K12026",0,-1,-1,"zero",0
"K12035",0,-1,-1,"zero",0
"K12041",0.191580221033876,-1,-1,"mean_only",0.00641025641025641
"K12047",0,-1,-1,"zero",0
"K12049",0,-1,-1,"zero",0
"K12053",1.24001342501177,3.29716440763961,0.153402390394172,"zero_inflated_gamma",0.0576923076923077
"K12055",0.136625750627467,-1,-1,"mean_only",0.00641025641025641
"K12056",10.1013102828906,0.883252726415204,0.0392356378031339,"zero_inflated_gamma",0.448717948717949
"K12057",8.58635307377504,0.949327397008421,0.0368541175689562,"zero_inflated_gamma",0.333333333333333
"K12058",8.780269042334,0.954172487168932,0.049459852468538,"zero_inflated_gamma",0.455128205128205
"K12059",6.11940351113632,0.836345629400069,0.0227785172165352,"zero_inflated_gamma",0.166666666666667
"K12060",6.14913671535626,0.795377036582009,0.0364827004613294,"zero_inflated_gamma",0.282051282051282
"K12061",3.64033456841926,1.08211970578857,0.0705035737957451,"zero_inflated_gamma",0.237179487179487
"K12062",3.90206503757957,0.833973900838687,0.0315109280148077,"zero_inflated_gamma",0.147435897435897
"K12063",43.3397752633043,1.54068402819626,0.0337259384012187,"zero_inflated_gamma",0.948717948717949
"K12064",4.32617666447117,0.894769816537084,0.0424260358982778,"zero_inflated_gamma",0.205128205128205
"K12065",4.21026415660245,0.53597410817347,0.0236650739029321,"zero_inflated_gamma",0.185897435897436
"K12066",3.23604175498662,0.882234446147515,0.0366998754283934,"zero_inflated_gamma",0.134615384615385
"K12067",5.60591277275345,1.1762164119128,0.0524542772779837,"zero_inflated_gamma",0.25
"K12068",3.51012218693228,0.800597503950916,0.0233930786835514,"zero_inflated_gamma",0.102564102564103
"K12069",0,-1,-1,"zero",0
"K12070",0.162667819590288,2.75465086780281,0.325657866955371,"zero_inflated_gamma",0.0192307692307692
"K12071",2.74236372974315,1.8216953819158,0.132004214304998,"zero_inflated_gamma",0.198717948717949
"K12072",8.74794572966317,0.853663416551865,0.0294004413368821,"zero_inflated_gamma",0.301282051282051
"K12078",0.393032236921033,2.42141800267309,0.23695629236638,"zero_inflated_gamma",0.0384615384615385
"K12081",0,-1,-1,"zero",0
"K12111",38.9065936856381,0.789857890124484,0.0178287838628407,"zero_inflated_gamma",0.878205128205128
"K12112",27.7530753055889,0.984541678153473,0.0211485862978132,"zero_inflated_gamma",0.596153846153846
"K12113",5.7170631613102,0.742395932568207,0.0224751065517844,"zero_inflated_gamma",0.173076923076923
"K12130",0,-1,-1,"zero",0
"K12132",1448.27964713343,13.7400574691593,0.00948715774357176,"gamma_mle",1
"K12136",24.8618299777263,1.23841397518049,0.0373588944264155,"zero_inflated_gamma",0.75
"K12137",65.74271879916,2.33432171597632,0.0348240984791042,"zero_inflated_gamma",0.980769230769231
"K12138",34.0390458278099,1.44890998367744,0.0384732205080263,"zero_inflated_gamma",0.903846153846154
"K12139",22.9711871159546,0.996311624263811,0.0305829831004932,"zero_inflated_gamma",0.705128205128205
"K12140",51.9441179441466,1.75666200297622,0.0316504645644706,"zero_inflated_gamma",0.935897435897436
"K12141",49.5339460358133,1.77275085684597,0.0346415348756168,"zero_inflated_gamma",0.967948717948718
"K12142",1.87341487704583,0.624969674192887,0.0598767766074267,"zero_inflated_gamma",0.179487179487179
"K12143",29.2506446476573,1.31937832072045,0.0358534530277434,"zero_inflated_gamma",0.794871794871795
"K12144",3.30509540865697,0.852582749332969,0.0396861695662082,"zero_inflated_gamma",0.153846153846154
"K12145",18.6020213346686,1.31277329472656,0.0402619683954739,"zero_inflated_gamma",0.57051282051282
"K12146",3.36968030116902,0.75208730633887,0.0557981202310167,"zero_inflated_gamma",0.25
"K12147",3.9945421943828,0.852700760574132,0.0273674941983954,"zero_inflated_gamma",0.128205128205128
"K12148",2.97716267499535,0.667130706988842,0.0158007045418063,"zero_inflated_gamma",0.0705128205128205
"K12149",11.1021886499109,0.547182141058408,0.00726652127537842,"zero_inflated_gamma",0.147435897435897
"K12151",9.44443174656885,0.735125662968096,0.0129728232587977,"zero_inflated_gamma",0.166666666666667
"K12152",3.39455488623903,0.858979998386548,0.0291976651014534,"zero_inflated_gamma",0.115384615384615
"K12160",0,-1,-1,"zero",0
"K12164",1.00628820026322,1.71047247331274,0.130752607061303,"zero_inflated_gamma",0.0769230769230769
"K12196",1.96467913622839,1.87710665380739,0.134739644884136,"zero_inflated_gamma",0.141025641025641
"K12202",1.33815396837531,2.78442790639114,0.320122746846744,"zero_inflated_gamma",0.153846153846154
"K12203",5.70315176583144,1.32030841205878,0.0949764291400738,"zero_inflated_gamma",0.41025641025641
"K12204",1.99478304463268,1.44910572963021,0.116417914688711,"zero_inflated_gamma",0.16025641025641
"K12205",1.13808164847598,1.22026805013457,0.0412390328993411,"zero_inflated_gamma",0.0384615384615385
"K12206",8.66738365349247,1.16056732668165,0.0678086053395597,"zero_inflated_gamma",0.506410256410256
"K12209",3.23039990391639,1.32958043744687,0.0870658149438901,"zero_inflated_gamma",0.211538461538462
"K12211",0.782648504515748,2.17677541191251,0.124801643651949,"zero_inflated_gamma",0.0448717948717949
"K12213",1.1003279063039,1.44272476416228,0.109264759160788,"zero_inflated_gamma",0.0833333333333333
"K12214",3.27009666788543,1.54817285623277,0.1092538525357,"zero_inflated_gamma",0.230769230769231
"K12217",5.45194477113196,1.17895025505815,0.091487839167379,"zero_inflated_gamma",0.423076923076923
"K12218",4.49805272972726,2.38909258516175,0.136189564497682,"zero_inflated_gamma",0.256410256410256
"K12222",2.0723888489319,2.87860910040843,0.204792800494269,"zero_inflated_gamma",0.147435897435897
"K12227",0.991929026109091,1.58700477314023,0.051279412399264,"zero_inflated_gamma",0.032051282051282
"K12228",0.626420927475126,1.40432001816689,0.114964887074124,"zero_inflated_gamma",0.0512820512820513
"K12234",19.7214950902231,1.93936591293538,0.0699710357524705,"zero_inflated_gamma",0.711538461538462
"K12237",0,-1,-1,"zero",0
"K12238",0,-1,-1,"zero",0
"K12239",3.07272035452625,0.958291102623544,0.0699709651759369,"zero_inflated_gamma",0.224358974358974
"K12240",13.9099009734259,1.05284321045922,0.0499749408733158,"zero_inflated_gamma",0.66025641025641
"K12241",1.71718504941813,1.44112795810308,0.118354160001758,"zero_inflated_gamma",0.141025641025641
"K12242",2.22584256735328,1.93294756599986,0.155868753615609,"zero_inflated_gamma",0.179487179487179
"K12243",49.5777900869834,1.74998619274118,0.0341664460783723,"zero_inflated_gamma",0.967948717948718
"K12245",0,-1,-1,"zero",0
"K12251",213.568952117427,2.70193954826606,0.0126513686632711,"gamma_mle",1
"K12252",3.10483819087764,1.1149355136084,0.138113912875644,"zero_inflated_gamma",0.384615384615385
"K12253",0,-1,-1,"zero",0
"K12254",0,-1,-1,"zero",0
"K12255",0.183594568845606,3.19554829032894,0.223146948639765,"zero_inflated_gamma",0.0128205128205128
"K12256",0,-1,-1,"zero",0
"K12257",401.744326615928,12.7053078933485,0.0316253573519531,"gamma_mle",1
"K12259",0.40804333821394,-1,-1,"mean_only",0.00641025641025641
"K12260",0,-1,-1,"zero",0
"K12261",0,-1,-1,"zero",0
"K12262",3.69506181219779,0.741515614684647,0.0347326371048653,"zero_inflated_gamma",0.173076923076923
"K12263",0.0967910034523308,-1,-1,"mean_only",0.00641025641025641
"K12264",95.2848192236416,2.61229205221459,0.0274156163961787,"gamma_mle",1
"K12265",3.29690061314551,0.589577773867949,0.0320973132456443,"zero_inflated_gamma",0.179487179487179
"K12266",4.42924898625795,0.842389892714142,0.102408909280696,"zero_inflated_gamma",0.538461538461538
"K12267",196.788847485908,3.42779480762163,0.017418643644768,"gamma_mle",1
"K12268",4.01258746654332,1.16418436036713,0.0781127523029635,"zero_inflated_gamma",0.269230769230769
"K12269",2.22044550545489,1.11010234931669,0.134600785606845,"zero_inflated_gamma",0.269230769230769
"K12270",1.84094309818356,2.04368915287438,0.10674342546799,"zero_inflated_gamma",0.0961538461538462
"K12276",0.642878741036832,1.77143193998297,0.0706530312717759,"zero_inflated_gamma",0.0256410256410256
"K12278",0,-1,-1,"zero",0
"K12282",1.19774193043463,1.77496301849006,0.161491763983714,"zero_inflated_gamma",0.108974358974359
"K12283",0.689616915153264,2.9472481083697,0.32874975652407,"zero_inflated_gamma",0.0769230769230769
"K12287",5.35431248336998,1.41760530250483,0.100133415231802,"zero_inflated_gamma",0.378205128205128
"K12288",3.18992541412001,0.629355951061466,0.0316177691942816,"zero_inflated_gamma",0.16025641025641
"K12289",2.68089712881474,0.67613996125829,0.0371843070399579,"zero_inflated_gamma",0.147435897435897
"K12290",2.53012332865413,0.824321445253327,0.0396811189420548,"zero_inflated_gamma",0.121794871794872
"K12291",3.16713218260639,0.9711485267654,0.0452087713211182,"zero_inflated_gamma",0.147435897435897
"K12292",0.371798147527364,2.59180664807503,0.0893718556182174,"zero_inflated_gamma",0.0128205128205128
"K12293",0.236900273321459,-1,-1,"mean_only",0.00641025641025641
"K12294",0,-1,-1,"zero",0
"K12295",0,-1,-1,"zero",0
"K12296",2.51281906087133,1.48725347776632,0.0758803233227771,"zero_inflated_gamma",0.128205128205128
"K12297",60.573976428115,1.09295107587836,0.0173492736981537,"zero_inflated_gamma",0.961538461538462
"K12299",2.61404710769871,0.611416421311857,0.0509774383044788,"zero_inflated_gamma",0.217948717948718
"K12301",0,-1,-1,"zero",0
"K12302",0,-1,-1,"zero",0
"K12303",0,-1,-1,"zero",0
"K12304",0,-1,-1,"zero",0
"K12306",0,-1,-1,"zero",0
"K12308",764.135930438383,6.11840646601814,0.00800696083288221,"gamma_mle",1
"K12309",0.732583724949826,1.12670747100261,0.0591535155027331,"zero_inflated_gamma",0.0384615384615385
"K12310",0,-1,-1,"zero",0
"K12311",0,-1,-1,"zero",0
"K12312",0.191580221033876,-1,-1,"mean_only",0.00641025641025641
"K12317",0,-1,-1,"zero",0
"K12339",22.5537128649109,1.65336847940525,0.063439649791108,"zero_inflated_gamma",0.865384615384615
"K12340",257.357066605183,2.04580691199012,0.00794929371466859,"gamma_mle",1
"K12341",0,-1,-1,"zero",0
"K12342",0,-1,-1,"zero",0
"K12343",86.6165746840026,1.94324358562487,0.0215721235171554,"zero_inflated_gamma",0.961538461538462
"K12349",0.754787886922054,1.22661360845664,0.0312521221501621,"zero_inflated_gamma",0.0192307692307692
"K12350",0,-1,-1,"zero",0
"K12354",0.519861205909366,2.04588766165479,0.201817936767893,"zero_inflated_gamma",0.0512820512820513
"K12355",0,-1,-1,"zero",0
"K12357",0,-1,-1,"zero",0
"K12365",0,-1,-1,"zero",0
"K12367",0,-1,-1,"zero",0
"K12368",7.52701509496854,0.544383437040707,0.02271713704198,"zero_inflated_gamma",0.314102564102564
"K12369",6.48995113294187,0.62823437714628,0.0291644325134903,"zero_inflated_gamma",0.301282051282051
"K12370",11.3558482956215,0.893552702931543,0.0327860690394245,"zero_inflated_gamma",0.416666666666667
"K12371",6.47829241321842,0.815382096999892,0.0419545792312067,"zero_inflated_gamma",0.333333333333333
"K12372",12.5810121389241,1.31475163658838,0.0663191169608548,"zero_inflated_gamma",0.634615384615385
"K12373",752.608554161808,2.69917214145643,0.00358642235266984,"gamma_mle",1
"K12374",4.60189948792784,1.33305045596145,0.135552558995372,"zero_inflated_gamma",0.467948717948718
"K12375",0.29152891164126,4.28042884217069,0.5647188733981,"zero_inflated_gamma",0.0384615384615385
"K12376",6.2883449228677,2.34986312151709,0.174865636118356,"zero_inflated_gamma",0.467948717948718
"K12381",0,-1,-1,"zero",0
"K12391",0,-1,-1,"zero",0
"K12392",0,-1,-1,"zero",0
"K12393",0,-1,-1,"zero",0
"K12399",0,-1,-1,"zero",0
"K12400",0,-1,-1,"zero",0
"K12401",0,-1,-1,"zero",0
"K12402",0,-1,-1,"zero",0
"K12405",4.18331744792651,1.79263508563398,0.151080760200193,"zero_inflated_gamma",0.352564102564103
"K12408",0.465300492841473,1.02308504075252,0.0704731409231027,"zero_inflated_gamma",0.032051282051282
"K12409",4.52869868947653,1.08790208552231,0.0739150749895277,"zero_inflated_gamma",0.307692307692308
"K12410",648.703747773492,31.0513899468784,0.0478668268118602,"gamma_mle",1
"K12414",0,-1,-1,"zero",0
"K12417",1.00490009669382,3.88555927578088,0.247859775682702,"zero_inflated_gamma",0.0641025641025641
"K12420",0.816333051942484,1.38104672751664,0.0976020419015917,"zero_inflated_gamma",0.0576923076923077
"K12421",0,-1,-1,"zero",0
"K12423",0,-1,-1,"zero",0
"K12426",0.329545384788245,3.04830798814266,0.355770768884838,"zero_inflated_gamma",0.0384615384615385
"K12428",1.14417704283354,2.35729480928782,0.250928316450844,"zero_inflated_gamma",0.121794871794872
"K12429",0,-1,-1,"zero",0
"K12430",0,-1,-1,"zero",0
"K12431",0,-1,-1,"zero",0
"K12433",0.396596360294165,3.34295301833757,0.378229144598375,"zero_inflated_gamma",0.0448717948717949
"K12436",1.23395847235762,6.4128374743568,0.499708054794422,"zero_inflated_gamma",0.0961538461538462
"K12437",0.84934523208101,1.40935533915548,0.0319104485051923,"zero_inflated_gamma",0.0192307692307692
"K12440",0,-1,-1,"zero",0
"K12441",0.134666868662561,3.27085131135711,0.311390556472509,"zero_inflated_gamma",0.0128205128205128
"K12442",0,-1,-1,"zero",0
"K12443",0.406239347714766,2.17682108183574,0.171745811580226,"zero_inflated_gamma",0.032051282051282
"K12444",0.796845522629005,4.46280489853628,0.287209732839373,"zero_inflated_gamma",0.0512820512820513
"K12447",0,-1,-1,"zero",0
"K12448",0,-1,-1,"zero",0
"K12450",0.670461440485639,1.48599001522423,0.0852449651431268,"zero_inflated_gamma",0.0384615384615385
"K12451",0,-1,-1,"zero",0
"K12452",71.0845033075589,1.57070702464989,0.021954692193939,"zero_inflated_gamma",0.993589743589744
"K12453",2.13805636316167,1.61057911528921,0.159350068643861,"zero_inflated_gamma",0.211538461538462
"K12454",0.179577183878144,866754.724224288,61880.0218055429,"zero_inflated_gamma",0.0128205128205128
"K12460",0.868268136473107,3.16572676484504,0.350579264083649,"zero_inflated_gamma",0.0961538461538462
"K12466",0,-1,-1,"zero",0
"K12471",0,-1,-1,"zero",0
"K12472",8.97866128544527,0.836853122955008,0.0310682218781537,"zero_inflated_gamma",0.333333333333333
"K12473",0,-1,-1,"zero",0
"K12479",0,-1,-1,"zero",0
"K12486",0,-1,-1,"zero",0
"K12487",0,-1,-1,"zero",0
"K12489",0.250210273235219,-1,-1,"mean_only",0.00641025641025641
"K12500",3.08336697201178,0.7163899936435,0.025319120637142,"zero_inflated_gamma",0.108974358974359
"K12502",1.15898257710141,1.76967955659462,0.166395681074205,"zero_inflated_gamma",0.108974358974359
"K12503",1.52303726080641,0.521633711226701,0.0153683967495216,"zero_inflated_gamma",0.0448717948717949
"K12506",132.363397282694,4.17964568018186,0.0313746335083743,"zero_inflated_gamma",0.993589743589744
"K12507",21.7769738020551,1.18231816190265,0.0445473837909806,"zero_inflated_gamma",0.82051282051282
"K12508",2.41082363598051,1.29062694740929,0.0960879041931359,"zero_inflated_gamma",0.179487179487179
"K12510",358.947644872264,3.90478406205869,0.0108784222931683,"gamma_mle",1
"K12511",173.394627070775,4.27887623639667,0.0246770981816532,"gamma_mle",1
"K12514",0,-1,-1,"zero",0
"K12516",2.25742717569841,0.846284556689218,0.055272092249449,"zero_inflated_gamma",0.147435897435897
"K12517",1.94444936916003,0.615235083079454,0.016225939117472,"zero_inflated_gamma",0.0512820512820513
"K12518",6.2812602173932,0.49196744617861,0.0220911161327048,"zero_inflated_gamma",0.282051282051282
"K12519",3.83180113680385,0.701530176012333,0.0281663154044932,"zero_inflated_gamma",0.153846153846154
"K12521",0,-1,-1,"zero",0
"K12522",0.476405557405622,3.07721930926726,0.0828108089687976,"zero_inflated_gamma",0.0128205128205128
"K12523",0.602337010586699,1.51268897842069,0.128788024646873,"zero_inflated_gamma",0.0512820512820513
"K12524",87.8698183377021,1.51557512956539,0.0170268325062008,"zero_inflated_gamma",0.987179487179487
"K12525",5.88556284592906,0.520026351517401,0.0339831789133547,"zero_inflated_gamma",0.384615384615385
"K12527",144.813425016534,2.85280893868762,0.0196998927299863,"gamma_mle",1
"K12528",109.609491814212,3.27455277883688,0.0298747191017658,"gamma_mle",1
"K12529",6.34422833609569,1.70725096778179,0.138001545724625,"zero_inflated_gamma",0.512820512820513
"K12530",1.68349642218384,6.17269889134014,0.352557173113566,"zero_inflated_gamma",0.0961538461538462
"K12531",1.50848323111334,2.32326596192446,0.148089785335219,"zero_inflated_gamma",0.0961538461538462
"K12532",0.289533400606593,1.22987559690151,0.136146950789419,"zero_inflated_gamma",0.032051282051282
"K12536",1.04134103568663,3.28091789657983,0.262555508085501,"zero_inflated_gamma",0.0833333333333333
"K12537",0.43129426144022,-1,-1,"mean_only",0.00641025641025641
"K12538",0,-1,-1,"zero",0
"K12541",14.4024536662068,1.39370976344143,0.0676141753057588,"zero_inflated_gamma",0.698717948717949
"K12542",7.09656425191568,1.05658530949131,0.0668082153406103,"zero_inflated_gamma",0.448717948717949
"K12543",10.2034541373645,1.47346602891739,0.10367793417411,"zero_inflated_gamma",0.717948717948718
"K12545",0,-1,-1,"zero",0
"K12547",3.29439828864286,1.58753508076693,0.194609115319714,"zero_inflated_gamma",0.403846153846154
"K12548",0.891518308990904,1.35139903412838,0.106886147568357,"zero_inflated_gamma",0.0705128205128205
"K12549",0,-1,-1,"zero",0
"K12551",0.270679469394203,2.75201627417,0.130347011556585,"zero_inflated_gamma",0.0128205128205128
"K12552",0.218135895236591,-1,-1,"mean_only",0.00641025641025641
"K12553",0,-1,-1,"zero",0
"K12554",108.428380585815,0.987455552993962,0.00846482509341643,"zero_inflated_gamma",0.92948717948718
"K12555",49.5648701998393,1.39919750617859,0.0275057846726737,"zero_inflated_gamma",0.974358974358974
"K12556",5.22098113821263,0.957813586462684,0.0482156612553395,"zero_inflated_gamma",0.262820512820513
"K12562",0,-1,-1,"zero",0
"K12567",1.19018888674114,1.00466475449577,0.0757545483424785,"zero_inflated_gamma",0.0897435897435897
"K12571",0,-1,-1,"zero",0
"K12573",517.537885100245,25.4355624840304,0.0491472474118558,"gamma_mle",1
"K12574",554.014820130168,21.2371638918396,0.0383332053948482,"gamma_mle",1
"K12580",0,-1,-1,"zero",0
"K12582",5.60337854626446,0.533473804113362,0.0238014351390291,"zero_inflated_gamma",0.25
"K12583",19.8696210554145,0.720573432219407,0.0223169733940082,"zero_inflated_gamma",0.615384615384615
"K12585",0,-1,-1,"zero",0
"K12589",0.265696106839345,5.58352051308805,0.404128595483665,"zero_inflated_gamma",0.0192307692307692
"K12591",0,-1,-1,"zero",0
"K12597",0.17911971885281,-1,-1,"mean_only",0.00641025641025641
"K12598",10.06579757724,1.24335539040321,0.0799730877598463,"zero_inflated_gamma",0.647435897435897
"K12599",3.20011625977426,1.72233073815321,0.238053893153523,"zero_inflated_gamma",0.442307692307692
"K12600",1.01719902018661,2.71339827888573,0.22229329634922,"zero_inflated_gamma",0.0833333333333333
"K12602",0,-1,-1,"zero",0
"K12603",3.72878394761891,1.62152579598721,0.136592899302539,"zero_inflated_gamma",0.314102564102564
"K12604",58.1120181436271,1.50600270929071,0.0250848867110821,"zero_inflated_gamma",0.967948717948718
"K12607",0,-1,-1,"zero",0
"K12614",0,-1,-1,"zero",0
"K12617",0,-1,-1,"zero",0
"K12619",0,-1,-1,"zero",0
"K12645",0,-1,-1,"zero",0
"K12649",0,-1,-1,"zero",0
"K12657",0,-1,-1,"zero",0
"K12658",0,-1,-1,"zero",0
"K12660",2.77530593096089,0.925713173004333,0.0641449153598928,"zero_inflated_gamma",0.192307692307692
"K12661",3.79577995885051,1.05597906531288,0.0659829009843418,"zero_inflated_gamma",0.237179487179487
"K12662",0.66762804299684,-1,-1,"mean_only",0.00641025641025641
"K12668",0,-1,-1,"zero",0
"K12678",10.7630842514193,0.724282942380712,0.0435680670934015,"zero_inflated_gamma",0.647435897435897
"K12681",5.82637029065618,0.873103621950828,0.045148254759055,"zero_inflated_gamma",0.301282051282051
"K12682",0.578965349444916,4.01118632507648,0.222057614308926,"zero_inflated_gamma",0.032051282051282
"K12684",6.42612884691735,0.687112693737482,0.0404395166385461,"zero_inflated_gamma",0.378205128205128
"K12685",11.4936194809826,1.34229729573833,0.0793547937639335,"zero_inflated_gamma",0.67948717948718
"K12686",2.41016759576034,0.840480625225119,0.0536496763961774,"zero_inflated_gamma",0.153846153846154
"K12687",16.6541753192934,0.326910742315036,0.00641728958101138,"zero_inflated_gamma",0.326923076923077
"K12688",0.364160750725549,-1,-1,"mean_only",0.00641025641025641
"K12690",0.117519311890969,-1,-1,"mean_only",0.00641025641025641
"K12700",17.7806044299837,1.07071376465596,0.0459355825756704,"zero_inflated_gamma",0.762820512820513
"K12701",2.05509661560621,2.85917569800107,0.401325278001077,"zero_inflated_gamma",0.288461538461538
"K12710",0,-1,-1,"zero",0
"K12733",1.58898529012833,2.27781203259023,0.1194584182508,"zero_inflated_gamma",0.0833333333333333
"K12736",0.438251067012914,0.986472113911181,0.10100323233409,"zero_inflated_gamma",0.0448717948717949
"K12737",0,-1,-1,"zero",0
"K12741",17.7451849952257,1.74894359400353,0.0593879763687732,"zero_inflated_gamma",0.602564102564103
"K12743",0,-1,-1,"zero",0
"K12757",0,-1,-1,"zero",0
"K12761",0.0245490804244223,-1,-1,"mean_only",0.00641025641025641
"K12767",0,-1,-1,"zero",0
"K12771",0,-1,-1,"zero",0
"K12790",0,-1,-1,"zero",0
"K12795",1.88625436187516,1.1586071812573,0.137809578668604,"zero_inflated_gamma",0.224358974358974
"K12807",0,-1,-1,"zero",0
"K12811",0,-1,-1,"zero",0
"K12812",0,-1,-1,"zero",0
"K12818",0.207846466215997,-1,-1,"mean_only",0.00641025641025641
"K12819",0,-1,-1,"zero",0
"K12820",0,-1,-1,"zero",0
"K12823",1.17080503618447,22.2599753654268,0.975001954165796,"zero_inflated_gamma",0.0512820512820513
"K12829",0,-1,-1,"zero",0
"K12830",0,-1,-1,"zero",0
"K12831",0,-1,-1,"zero",0
"K12836",0,-1,-1,"zero",0
"K12837",0,-1,-1,"zero",0
"K12840",0.423687027286456,-1,-1,"mean_only",0.00641025641025641
"K12842",0.215997308028389,-1,-1,"mean_only",0.00641025641025641
"K12843",0,-1,-1,"zero",0
"K12844",0,-1,-1,"zero",0
"K12845",0,-1,-1,"zero",0
"K12847",0,-1,-1,"zero",0
"K12852",0,-1,-1,"zero",0
"K12854",20.9010769705382,2.13021418495325,0.090159002007017,"zero_inflated_gamma",0.884615384615385
"K12856",0.66762804299684,-1,-1,"mean_only",0.00641025641025641
"K12860",0,-1,-1,"zero",0
"K12861",0,-1,-1,"zero",0
"K12867",0.78769634246353,1.55737605564427,0.101391150936677,"zero_inflated_gamma",0.0512820512820513
"K12869",0,-1,-1,"zero",0
"K12872",0,-1,-1,"zero",0
"K12874",0,-1,-1,"zero",0
"K12879",0,-1,-1,"zero",0
"K12885",11.0557064913769,2.12683432589008,0.0961871739064772,"zero_inflated_gamma",0.5
"K12887",0.379857334808546,-1,-1,"mean_only",0.00641025641025641
"K12890",0,-1,-1,"zero",0
"K12940",27.5385242851099,1.61041059225608,0.0494817769614897,"zero_inflated_gamma",0.846153846153846
"K12941",112.378488381732,2.95147086203342,0.0262636640208911,"gamma_mle",1
"K12942",47.1908119499545,1.26203882687759,0.0250290014787272,"zero_inflated_gamma",0.935897435897436
"K12943",6.99609430749974,1.05454338000689,0.0531431001421013,"zero_inflated_gamma",0.352564102564103
"K12944",3.92121987441828,1.12605789753471,0.0570658934469824,"zero_inflated_gamma",0.198717948717949
"K12945",2.66249047074461,1.16204928114559,0.0671464609726617,"zero_inflated_gamma",0.153846153846154
"K12948",0,-1,-1,"zero",0
"K12949",4.07730570484018,1.29641349552485,0.0896805672548171,"zero_inflated_gamma",0.282051282051282
"K12950",87.3061394499268,3.36259681582363,0.0380212276152698,"zero_inflated_gamma",0.987179487179487
"K12951",0,-1,-1,"zero",0
"K12952",323.896540422158,6.93791518597156,0.0214201583534324,"gamma_mle",1
"K12953",0.180369446749692,1.87008369803493,0.199386030656519,"zero_inflated_gamma",0.0192307692307692
"K12954",27.1315926383658,0.872393578013791,0.0284440648522558,"zero_inflated_gamma",0.884615384615385
"K12955",1.25694132073392,3.04845482277346,0.217654773897566,"zero_inflated_gamma",0.0897435897435897
"K12957",4.42030087055624,0.709512814573677,0.0360123828748037,"zero_inflated_gamma",0.224358974358974
"K12960",356.887205986888,6.12051370096552,0.0171497145268648,"gamma_mle",1
"K12961",2.930704180125,0.933054945535383,0.0530620451712045,"zero_inflated_gamma",0.166666666666667
"K12962",23.3432107069495,1.1515007951874,0.0354158016221652,"zero_inflated_gamma",0.717948717948718
"K12963",2.66575428574781,0.764265573882664,0.0238914734805309,"zero_inflated_gamma",0.0833333333333333
"K12972",25.5571244529302,1.52564937539729,0.0524250334885868,"zero_inflated_gamma",0.878205128205128
"K12973",6.54365058522904,1.15693457766432,0.0544008066161284,"zero_inflated_gamma",0.307692307692308
"K12974",2.36318100535155,0.612269322116941,0.0298946462773185,"zero_inflated_gamma",0.115384615384615
"K12975",6.37319635313186,0.568597817162111,0.0314547313498596,"zero_inflated_gamma",0.352564102564103
"K12978",0.416278313865017,3.07874379843714,0.284456862326991,"zero_inflated_gamma",0.0384615384615385
"K12979",0.207846466215997,-1,-1,"mean_only",0.00641025641025641
"K12981",1.08924305699689,1.91997392665935,0.067794924696564,"zero_inflated_gamma",0.0384615384615385
"K12982",0.72800552343701,2.52200009703122,0.244274712828693,"zero_inflated_gamma",0.0705128205128205
"K12983",75.8392267313191,1.6980804553468,0.0221034715851936,"zero_inflated_gamma",0.987179487179487
"K12984",54.9967590274639,2.6683353506731,0.0478960209597979,"zero_inflated_gamma",0.987179487179487
"K12985",0.472769020583689,3.00579274524185,0.163021698750907,"zero_inflated_gamma",0.0256410256410256
"K12986",1.74078271398619,2.83767220845807,0.167191057846123,"zero_inflated_gamma",0.102564102564103
"K12987",24.6699961788385,1.06432701856642,0.0337397015936983,"zero_inflated_gamma",0.782051282051282
"K12988",5.33352283920485,1.15509049482806,0.0499781013406255,"zero_inflated_gamma",0.230769230769231
"K12989",7.39949368847124,1.10268573472185,0.0687792839605862,"zero_inflated_gamma",0.461538461538462
"K12990",12.9544076589777,1.13779500583238,0.0478564843213351,"zero_inflated_gamma",0.544871794871795
"K12991",0,-1,-1,"zero",0
"K12992",83.0543775033131,2.64750491776217,0.0318767655281813,"gamma_mle",1
"K12993",1.49901071162221,4.24689936750206,0.199772323516362,"zero_inflated_gamma",0.0705128205128205
"K12994",155.488483761805,2.74655665868961,0.0175508208726418,"zero_inflated_gamma",0.993589743589744
"K12995",41.7303354200377,1.96411874092974,0.0440498183139833,"zero_inflated_gamma",0.935897435897436
"K12996",36.4666337936601,1.49746934857946,0.0384317820942983,"zero_inflated_gamma",0.935897435897436
"K12997",54.6016128003521,1.94842680335388,0.0336257020724306,"zero_inflated_gamma",0.942307692307692
"K12998",64.7910319874362,2.67261766205627,0.0409853866515175,"zero_inflated_gamma",0.993589743589744
"K12999",193.924977480583,3.29932143019986,0.0170133908125899,"gamma_mle",1
"K13001",3.80109646718262,1.30119019866265,0.107523495210843,"zero_inflated_gamma",0.314102564102564
"K13002",101.93171251833,1.59863316756427,0.0150801672857962,"zero_inflated_gamma",0.961538461538462
"K13003",0,-1,-1,"zero",0
"K13004",90.3362160608667,3.04320248434264,0.0334715677494436,"zero_inflated_gamma",0.993589743589744
"K13006",1.29947275676165,1.42233221794891,0.105244771429559,"zero_inflated_gamma",0.0961538461538462
"K13007",12.5926252749955,1.1437603180206,0.05472956548187,"zero_inflated_gamma",0.602564102564103
"K13009",1.46529417486042,1.386744559664,0.121332471738259,"zero_inflated_gamma",0.128205128205128
"K13010",169.999404610565,3.42875404133596,0.020169212058069,"gamma_mle",1
"K13012",197.985788433134,3.97335676398673,0.0200688988610345,"gamma_mle",1
"K13013",55.1177772794054,1.64882745511869,0.0291475800978035,"zero_inflated_gamma",0.974358974358974
"K13014",2.90463043838536,0.646140035652374,0.0327973689068088,"zero_inflated_gamma",0.147435897435897
"K13015",16.2782364059539,1.2824299769513,0.0600964298759406,"zero_inflated_gamma",0.762820512820513
"K13016",12.5579349184053,1.23332908912998,0.0679923268514557,"zero_inflated_gamma",0.692307692307692
"K13017",38.6448515718059,1.94390621599916,0.0473997882242389,"zero_inflated_gamma",0.942307692307692
"K13018",35.208841702294,1.67068184199185,0.039846365273137,"zero_inflated_gamma",0.83974358974359
"K13019",1.17616127876145,2.25338076237487,0.245625302202994,"zero_inflated_gamma",0.128205128205128
"K13020",85.6816115990001,1.99372476770577,0.023119832175944,"zero_inflated_gamma",0.993589743589744
"K13021",7.48459375258049,0.582421084952865,0.0244422025053824,"zero_inflated_gamma",0.314102564102564
"K13025",0.186709537448269,-1,-1,"mean_only",0.00641025641025641
"K13026",0,-1,-1,"zero",0
"K13035",0.757533537830575,1.2201813623056,0.0722763086536893,"zero_inflated_gamma",0.0448717948717949
"K13037",0,-1,-1,"zero",0
"K13038",491.894570879681,18.9054517754088,0.0384339508801636,"gamma_mle",1
"K13039",0,-1,-1,"zero",0
"K13040",17.5123707630758,1.12206177898192,0.0402506875428673,"zero_inflated_gamma",0.628205128205128
"K13041",7.7288870766756,1.47121513445277,0.0658913466141135,"zero_inflated_gamma",0.346153846153846
"K13043",114.322545649455,2.13875938206813,0.0184682678118828,"zero_inflated_gamma",0.987179487179487
"K13048",0,-1,-1,"zero",0
"K13049",127.446520785629,3.62443908707636,0.0280743004770734,"zero_inflated_gamma",0.987179487179487
"K13051",78.9731240333458,1.47438896458927,0.0178317687522956,"zero_inflated_gamma",0.955128205128205
"K13052",80.6022317235668,2.38371024778112,0.0286258733655676,"zero_inflated_gamma",0.967948717948718
"K13053",1.90827424403252,0.890080901498101,0.0478392186851966,"zero_inflated_gamma",0.102564102564103
"K13057",0.974963464024131,3.50665740786852,0.253613918392808,"zero_inflated_gamma",0.0705128205128205
"K13058",10.213462448983,1.36602419520085,0.0831634564249247,"zero_inflated_gamma",0.621794871794872
"K13059",340.974419249207,10.081285772989,0.029566105853885,"gamma_mle",1
"K13063",0.149139137133534,-1,-1,"mean_only",0.00641025641025641
"K13067",1.29451649853173,3.60554941445551,0.178541534794839,"zero_inflated_gamma",0.0641025641025641
"K13069",54.3931969281549,1.71609779786187,0.0311453755196771,"zero_inflated_gamma",0.987179487179487
"K13075",23.3566869924905,1.7111609819051,0.0587036415779157,"zero_inflated_gamma",0.801282051282051
"K13076",0,-1,-1,"zero",0
"K13085",0.700243593919744,3.28337517543292,0.180342471805672,"zero_inflated_gamma",0.0384615384615385
"K13086",0,-1,-1,"zero",0
"K13091",19.0627753719516,1.33466555136974,0.0408416345350859,"zero_inflated_gamma",0.583333333333333
"K13093",0,-1,-1,"zero",0
"K13095",0,-1,-1,"zero",0
"K13098",12.4853782400603,2.16782811015429,0.0879276837280099,"zero_inflated_gamma",0.506410256410256
"K13100",0,-1,-1,"zero",0
"K13108",14.9075498858909,1.1225059991163,0.0550253295670283,"zero_inflated_gamma",0.730769230769231
"K13116",0,-1,-1,"zero",0
"K13117",0,-1,-1,"zero",0
"K13126",4.71719947580534,3.03587592331654,0.103137164317503,"zero_inflated_gamma",0.16025641025641
"K13148",4.70084459979382,2.46567141747111,0.114317738634499,"zero_inflated_gamma",0.217948717948718
"K13166",0,-1,-1,"zero",0
"K13176",0,-1,-1,"zero",0
"K13179",0,-1,-1,"zero",0
"K13181",1.28495382322056,1.18474712924188,0.130027803595199,"zero_inflated_gamma",0.141025641025641
"K13184",0,-1,-1,"zero",0
"K13187",0,-1,-1,"zero",0
"K13189",0.307521641911273,6.87383594975132,0.573137561130185,"zero_inflated_gamma",0.0256410256410256
"K13195",30.7386597609226,1.63691816793739,0.036867288559599,"zero_inflated_gamma",0.692307692307692
"K13199",0,-1,-1,"zero",0
"K13216",2.3645754243332,3.47453553761195,0.405030234754989,"zero_inflated_gamma",0.275641025641026
"K13237",0,-1,-1,"zero",0
"K13239",0.0812898795186058,-1,-1,"mean_only",0.00641025641025641
"K13240",0,-1,-1,"zero",0
"K13242",0.289891123932838,-1,-1,"mean_only",0.00641025641025641
"K13243",6.67989548575235,1.11064081151491,0.0778040532158701,"zero_inflated_gamma",0.467948717948718
"K13244",5.08515698605056,2.19074226994586,0.118749224037628,"zero_inflated_gamma",0.275641025641026
"K13245",0,-1,-1,"zero",0
"K13246",0.38696905975015,0.717224218591344,0.0475241214146141,"zero_inflated_gamma",0.0256410256410256
"K13247",2.08831093850847,3.52814995137992,0.259919291808131,"zero_inflated_gamma",0.153846153846154
"K13252",50.2140676045281,1.85157436607678,0.036164510332666,"zero_inflated_gamma",0.980769230769231
"K13255",3.90649372416,0.600746352109171,0.0276018025218951,"zero_inflated_gamma",0.179487179487179
"K13256",6.30324318685956,1.06095843841355,0.0399219212843109,"zero_inflated_gamma",0.237179487179487
"K13274",23.5561215345097,0.648551771377853,0.0174723555927057,"zero_inflated_gamma",0.634615384615385
"K13275",10.9857871151714,1.6050851102991,0.110515780718612,"zero_inflated_gamma",0.756410256410256
"K13276",7.35036960641648,1.05234709397423,0.0532296025694148,"zero_inflated_gamma",0.371794871794872
"K13277",7.46081807194249,1.56593376609528,0.098216668892197,"zero_inflated_gamma",0.467948717948718
"K13278",0.408629398832757,1.85046238508427,0.174171585301619,"zero_inflated_gamma",0.0384615384615385
"K13280",88.8330975025944,2.02677213677388,0.0220842405197811,"zero_inflated_gamma",0.967948717948718
"K13281",5.01731770685225,1.04528843442294,0.0707808565806587,"zero_inflated_gamma",0.33974358974359
"K13282",2.12120360995728,3.08378040550173,0.195702234055863,"zero_inflated_gamma",0.134615384615385
"K13283",202.789698958773,6.61219333142505,0.0326061598068119,"gamma_mle",1
"K13285",0,-1,-1,"zero",0
"K13287",0,-1,-1,"zero",0
"K13288",141.809307030477,1.07694376962465,0.00725353921576194,"zero_inflated_gamma",0.955128205128205
"K13292",652.877570511626,31.8073296160258,0.0487186741475894,"gamma_mle",1
"K13298",0,-1,-1,"zero",0
"K13300",0,-1,-1,"zero",0
"K13301",2.82491275794696,0.768176296745085,0.0383489912615605,"zero_inflated_gamma",0.141025641025641
"K13303",0.156543182525759,3.12700703863707,0.256094409107107,"zero_inflated_gamma",0.0128205128205128
"K13307",0.984163760142471,2.22776650589579,0.232165500959405,"zero_inflated_gamma",0.102564102564103
"K13311",0.361960709645651,1.95933375137877,0.104098301872901,"zero_inflated_gamma",0.0192307692307692
"K13315",2.55296489334825,1.80840832442758,0.0817333992786517,"zero_inflated_gamma",0.115384615384615
"K13327",7.78144923521027,1.31096379321266,0.0766767963341752,"zero_inflated_gamma",0.455128205128205
"K13328",0,-1,-1,"zero",0
"K13338",0.512810103042233,1.64119727335069,0.0615461470800539,"zero_inflated_gamma",0.0192307692307692
"K13339",0.627090987524277,2.29778456976958,0.117442193882459,"zero_inflated_gamma",0.032051282051282
"K13342",0.629297732274496,2.21791803908824,0.20333270467211,"zero_inflated_gamma",0.0576923076923077
"K13355",0,-1,-1,"zero",0
"K13356",0.248662820208919,1.16314438866536,0.089953782803938,"zero_inflated_gamma",0.0192307692307692
"K13366",0,-1,-1,"zero",0
"K13368",0,-1,-1,"zero",0
"K13370",1.64810720863607,1.77730805099502,0.131342794374447,"zero_inflated_gamma",0.121794871794872
"K13378",140.186655021491,2.40092038889683,0.0170168114305722,"zero_inflated_gamma",0.993589743589744
"K13381",3.88293219316837,0.40989726541262,0.0175939747344285,"zero_inflated_gamma",0.166666666666667
"K13403",0.54579366498833,-1,-1,"mean_only",0.00641025641025641
"K13408",0.975424690347996,0.854389266111407,0.028074203596338,"zero_inflated_gamma",0.032051282051282
"K13409",4.96339064747522,0.740059103842933,0.0296295491309996,"zero_inflated_gamma",0.198717948717949
"K13412",3.00697530629579,1.49767812131908,0.0542766390129493,"zero_inflated_gamma",0.108974358974359
"K13413",0,-1,-1,"zero",0
"K13415",0.799943129238153,1.24524786841395,0.119743884370293,"zero_inflated_gamma",0.0769230769230769
"K13419",59.1682197091629,1.24319826913641,0.0192603126978748,"zero_inflated_gamma",0.916666666666667
"K13420",0,-1,-1,"zero",0
"K13430",0,-1,-1,"zero",0
"K13431",0.220317254188957,-1,-1,"mean_only",0.00641025641025641
"K13444",27.7041999768685,1.20941359635045,0.0377779513861625,"zero_inflated_gamma",0.865384615384615
"K13448",0,-1,-1,"zero",0
"K13450",0,-1,-1,"zero",0
"K13479",76.1539423951142,3.20887088282993,0.0413263152032534,"zero_inflated_gamma",0.980769230769231
"K13480",5.11794047706158,1.33394322800261,0.0801971167883337,"zero_inflated_gamma",0.307692307692308
"K13481",9.59925764476748,1.19674707899818,0.0583395385403924,"zero_inflated_gamma",0.467948717948718
"K13482",3.04208622108736,1.34050725696867,0.110163483177797,"zero_inflated_gamma",0.25
"K13483",2.34043602601265,0.825906096423459,0.0475038264624772,"zero_inflated_gamma",0.134615384615385
"K13485",0,-1,-1,"zero",0
"K13486",0.212160688664497,24.7568515422074,1.49601481118078,"zero_inflated_gamma",0.0128205128205128
"K13487",0.468288675344921,4.31544056481219,0.472581670240775,"zero_inflated_gamma",0.0512820512820513
"K13488",0,-1,-1,"zero",0
"K13489",0,-1,-1,"zero",0
"K13490",0.763537872248237,1.84835750450378,0.201731698767529,"zero_inflated_gamma",0.0833333333333333
"K13491",1.98578193777218,2.2812801865106,0.176739538145783,"zero_inflated_gamma",0.153846153846154
"K13497",24.5461331976358,1.34799639653949,0.0506924799933985,"zero_inflated_gamma",0.923076923076923
"K13498",5.88870477935945,0.762557028980328,0.0356940973360826,"zero_inflated_gamma",0.275641025641026
"K13500",51.4417680641541,1.54924743606419,0.0272207077854772,"zero_inflated_gamma",0.903846153846154
"K13501",0.569148883391829,8.00964013477849,0.45105813712423,"zero_inflated_gamma",0.032051282051282
"K13503",0,-1,-1,"zero",0
"K13507",0,-1,-1,"zero",0
"K13509",7.39495265358323,1.59017848638365,0.090976623202087,"zero_inflated_gamma",0.423076923076923
"K13510",2.78252028905547,3.20510958390218,0.162443607475244,"zero_inflated_gamma",0.141025641025641
"K13519",0.176253803351165,-1,-1,"mean_only",0.00641025641025641
"K13522",0.445199086706133,1.42247850392847,0.0409634800274347,"zero_inflated_gamma",0.0128205128205128
"K13524",0,-1,-1,"zero",0
"K13525",37.6173478592805,1.32393025287875,0.0331642109920498,"zero_inflated_gamma",0.942307692307692
"K13527",71.9383298253429,1.08001256712841,0.0138581849171329,"zero_inflated_gamma",0.923076923076923
"K13529",14.8926999844942,1.32821534919909,0.0565985949869161,"zero_inflated_gamma",0.634615384615385
"K13530",272.357359381233,5.9880818911801,0.0219861211196363,"gamma_mle",1
"K13531",0,-1,-1,"zero",0
"K13532",19.958192201684,1.40843546877771,0.0610695785532823,"zero_inflated_gamma",0.865384615384615
"K13533",0.974337070303873,1.93900093525147,0.204109950094579,"zero_inflated_gamma",0.102564102564103
"K13535",1.81922174797535,2.78543799706753,0.176667133804342,"zero_inflated_gamma",0.115384615384615
"K13540",0.096961033438007,-1,-1,"mean_only",0.00641025641025641
"K13541",7.11661753438514,1.21191508556174,0.115712381519384,"zero_inflated_gamma",0.67948717948718
"K13542",130.980829181603,3.18610970294829,0.024325007887458,"gamma_mle",1
"K13543",1.24295472616644,2.88315399788217,0.386599492481714,"zero_inflated_gamma",0.166666666666667
"K13548",0,-1,-1,"zero",0
"K13566",219.826449709665,5.35671642978745,0.0243679340537151,"gamma_mle",1
"K13570",103.448356733749,1.56474147412978,0.0127987728212932,"zero_inflated_gamma",0.846153846153846
"K13571",66.2915036433845,1.17495712833192,0.0163607061412034,"zero_inflated_gamma",0.923076923076923
"K13572",15.667114572899,1.35438124393043,0.0698228960613855,"zero_inflated_gamma",0.807692307692308
"K13573",34.5734182346712,1.16189181189709,0.0284362749086078,"zero_inflated_gamma",0.846153846153846
"K13574",7.51230358568325,0.743309363578655,0.034884665629999,"zero_inflated_gamma",0.352564102564103
"K13581",4.57929095896235,1.46201494021612,0.0675371785656622,"zero_inflated_gamma",0.211538461538462
"K13582",1.10246848129242,0.997263575521203,0.0231941877202906,"zero_inflated_gamma",0.0256410256410256
"K13583",1.10954032266255,3.5447306058613,0.163834565538472,"zero_inflated_gamma",0.0512820512820513
"K13584",0.630686408073139,1.41335283828632,0.114921824546799,"zero_inflated_gamma",0.0512820512820513
"K13587",20.9812293401105,1.07637730985162,0.0450536075876264,"zero_inflated_gamma",0.878205128205128
"K13588",0.236977797737624,6.09373300337111,0.49450697179446,"zero_inflated_gamma",0.0192307692307692
"K13589",1.51869307526301,1.46353051647522,0.0555967853207914,"zero_inflated_gamma",0.0576923076923077
"K13590",97.5278369891077,3.33162417234236,0.0341607511782964,"gamma_mle",1
"K13592",0,-1,-1,"zero",0
"K13593",0,-1,-1,"zero",0
"K13598",32.7315991752137,1.45838289005363,0.0411284393289943,"zero_inflated_gamma",0.923076923076923
"K13599",123.100340030745,2.57515113335804,0.0207850258874916,"zero_inflated_gamma",0.993589743589744
"K13601",0,-1,-1,"zero",0
"K13602",0.126818408895384,2.83060316457845,0.429233237635066,"zero_inflated_gamma",0.0192307692307692
"K13606",0,-1,-1,"zero",0
"K13607",29.9520956350173,1.03177240710918,0.0276020990617469,"zero_inflated_gamma",0.801282051282051
"K13609",1.68558532364881,1.4873071105296,0.10181173061935,"zero_inflated_gamma",0.115384615384615
"K13611",5.93153267036354,1.20942878966605,0.163379961861322,"zero_inflated_gamma",0.801282051282051
"K13612",0.419535080090082,1.36864677975109,0.104560705524225,"zero_inflated_gamma",0.032051282051282
"K13613",0.556791100102386,1.29027233989776,0.103983048137797,"zero_inflated_gamma",0.0448717948717949
"K13614",3.32403889085665,1.82547474157212,0.186578244735317,"zero_inflated_gamma",0.33974358974359
"K13615",0,-1,-1,"zero",0
"K13616",0.354749899452696,1.51055839850316,0.109181896000653,"zero_inflated_gamma",0.0256410256410256
"K13617",0.479001545838976,1.12688448305804,0.0452417233966691,"zero_inflated_gamma",0.0192307692307692
"K13620",1.88428723322813,0.719963685323288,0.061232063610186,"zero_inflated_gamma",0.16025641025641
"K13622",0,-1,-1,"zero",0
"K13623",3.08546859510109,1.65889870758805,0.186109224680809,"zero_inflated_gamma",0.346153846153846
"K13626",15.2934476562977,1.44743710739663,0.0491422143376041,"zero_inflated_gamma",0.519230769230769
"K13628",6.75044340863831,1.36664363609766,0.0519108781365124,"zero_inflated_gamma",0.256410256410256
"K13629",1.51352467915004,0.911235800888547,0.0810468170765519,"zero_inflated_gamma",0.134615384615385
"K13630",2.12802762580001,3.38553849189779,0.142775579505827,"zero_inflated_gamma",0.0897435897435897
"K13631",37.542461740777,1.55058878536087,0.0383899278262859,"zero_inflated_gamma",0.92948717948718
"K13632",1.21249984560138,1.57416907735649,0.0915456624684492,"zero_inflated_gamma",0.0705128205128205
"K13633",11.9808338608546,1.0465858913808,0.0666361954139367,"zero_inflated_gamma",0.762820512820513
"K13634",70.2746415238207,1.96032004429323,0.0278951269161401,"gamma_mle",1
"K13635",32.303678935453,1.16969792430272,0.0306387516872166,"zero_inflated_gamma",0.846153846153846
"K13636",23.2990227003347,2.30294659054436,0.0830028221271144,"zero_inflated_gamma",0.83974358974359
"K13637",11.8810975234168,0.799759454336203,0.0293418259376116,"zero_inflated_gamma",0.435897435897436
"K13638",83.6873279800007,2.10574152408912,0.0251620116798608,"gamma_mle",1
"K13639",49.7458793354933,1.51312942483671,0.0272974702920996,"zero_inflated_gamma",0.897435897435897
"K13640",186.804988697919,2.63001194079062,0.0140789170520686,"gamma_mle",1
"K13641",256.173237423516,3.30518174959423,0.0128194292273693,"zero_inflated_gamma",0.993589743589744
"K13643",695.869495500197,10.158633944414,0.014598475734465,"gamma_mle",1
"K13648",2.2130985132976,2.50074857034735,0.260763730334994,"zero_inflated_gamma",0.230769230769231
"K13650",6.12750480599194,0.981027297022664,0.0174470398986634,"zero_inflated_gamma",0.108974358974359
"K13651",3.05114080755528,1.0593782833442,0.0333853148380331,"zero_inflated_gamma",0.0961538461538462
"K13652",140.813706455477,3.11837907201361,0.0221454228463163,"gamma_mle",1
"K13653",143.023677588927,4.57870694004955,0.0318084133426635,"zero_inflated_gamma",0.993589743589744
"K13654",2.95968215716791,1.27760925350662,0.0636438160790213,"zero_inflated_gamma",0.147435897435897
"K13655",5.05283867016538,0.820799418770455,0.0322803848399163,"zero_inflated_gamma",0.198717948717949
"K13656",0.180301313033287,1.83021509288548,0.195209028164169,"zero_inflated_gamma",0.0192307692307692
"K13657",0,-1,-1,"zero",0
"K13660",0,-1,-1,"zero",0
"K13663",35.870681600524,1.37363591671294,0.0331391358185332,"zero_inflated_gamma",0.865384615384615
"K13664",3.0783127282459,1.58935004096016,0.109218488240597,"zero_inflated_gamma",0.211538461538462
"K13665",8.0117247931247,1.0574303696656,0.0583781393719651,"zero_inflated_gamma",0.442307692307692
"K13668",42.4775528656026,1.74305746991024,0.0402456596160175,"zero_inflated_gamma",0.980769230769231
"K13669",0,-1,-1,"zero",0
"K13670",6.98582050869689,0.910813527390147,0.0417885647450599,"zero_inflated_gamma",0.320512820512821
"K13671",0.966565062346491,0.454447248347652,0.00904167810422978,"zero_inflated_gamma",0.0192307692307692
"K13675",0,-1,-1,"zero",0
"K13676",5.60642561204175,0.848439052701776,0.0582051266098519,"zero_inflated_gamma",0.384615384615385
"K13677",15.8771669791539,1.60251738482612,0.0841101662390483,"zero_inflated_gamma",0.833333333333333
"K13678",3.03472438656579,1.05701332697574,0.0625164978998077,"zero_inflated_gamma",0.179487179487179
"K13679",0,-1,-1,"zero",0
"K13680",0,-1,-1,"zero",0
"K13683",16.6747268110994,1.39542461328005,0.0547171193094502,"zero_inflated_gamma",0.653846153846154
"K13684",27.9964963262857,1.28953863113098,0.0366123630020524,"zero_inflated_gamma",0.794871794871795
"K13686",0.405243385715288,2408.14850177878,76.1855710149567,"zero_inflated_gamma",0.0128205128205128
"K13687",0,-1,-1,"zero",0
"K13688",41.1631870130479,0.941061946195747,0.0193445464995251,"zero_inflated_gamma",0.846153846153846
"K13693",2.39224370600841,1.40995757191856,0.0717843258513837,"zero_inflated_gamma",0.121794871794872
"K13694",68.6647049290927,1.75644205497701,0.0234483186870399,"zero_inflated_gamma",0.916666666666667
"K13695",5.11841982290219,1.07459075691824,0.0565238698863369,"zero_inflated_gamma",0.269230769230769
"K13696",0,-1,-1,"zero",0
"K13698",1.73013441006763,3.4282764719856,0.19052968748669,"zero_inflated_gamma",0.0961538461538462
"K13699",0,-1,-1,"zero",0
"K13700",1.48278443902898,1.26848676635732,0.0438705732881436,"zero_inflated_gamma",0.0512820512820513
"K13702",0.603801820286714,3.09117713473508,0.196904719834376,"zero_inflated_gamma",0.0384615384615385
"K13703",2.17929580225775,2.31606251216646,0.170313669096556,"zero_inflated_gamma",0.16025641025641
"K13706",0.541370408043366,1.98920486661877,0.164876379289914,"zero_inflated_gamma",0.0448717948717949
"K13713",0,-1,-1,"zero",0
"K13714",3.63432767040658,0.870988693744863,0.0230438530741268,"zero_inflated_gamma",0.0961538461538462
"K13727",0.682547304010261,106.949861936684,3.01331219401621,"zero_inflated_gamma",0.0192307692307692
"K13730",81.7619254107688,2.41301123340888,0.0293234681135105,"zero_inflated_gamma",0.993589743589744
"K13731",4.64642563446044,1.8509320237306,0.148106757452463,"zero_inflated_gamma",0.371794871794872
"K13732",2.63979516129239,1.4318361299885,0.097354610019686,"zero_inflated_gamma",0.179487179487179
"K13734",0.803225768430157,2.22908395520858,0.355790371138174,"zero_inflated_gamma",0.128205128205128
"K13735",29.1091730343185,0.777879493462768,0.0205560233682954,"zero_inflated_gamma",0.769230769230769
"K13745",1.94993262192255,0.910274117380472,0.0239396599879457,"zero_inflated_gamma",0.0512820512820513
"K13746",1.46795587510605,2.07416558996128,0.181148949971292,"zero_inflated_gamma",0.128205128205128
"K13747",355.837991852277,9.69075175889658,0.0272336062500027,"gamma_mle",1
"K13762",0.135568369742058,3.85881918168178,0.364923181453912,"zero_inflated_gamma",0.0128205128205128
"K13766",0.831810144383985,1.74728628492415,0.0673263796078309,"zero_inflated_gamma",0.032051282051282
"K13767",0.995605008672153,3.19094974574326,0.267086320875975,"zero_inflated_gamma",0.0833333333333333
"K13770",46.7337738287127,1.84729168619305,0.037500904284602,"zero_inflated_gamma",0.948717948717949
"K13771",59.5517150262233,1.87666031606648,0.029089033446852,"zero_inflated_gamma",0.923076923076923
"K13772",43.5464639969118,1.2286946835306,0.02333222712127,"zero_inflated_gamma",0.826923076923077
"K13774",8.10737494275574,1.94356026666923,0.0906661484167373,"zero_inflated_gamma",0.378205128205128
"K13775",0,-1,-1,"zero",0
"K13776",0,-1,-1,"zero",0
"K13777",0,-1,-1,"zero",0
"K13778",0,-1,-1,"zero",0
"K13779",0,-1,-1,"zero",0
"K13783",0.142211688010299,-1,-1,"mean_only",0.00641025641025641
"K13786",0.599273160248865,1.2659027963199,0.13541006093951,"zero_inflated_gamma",0.0641025641025641
"K13787",110.91863525179,1.57124672176076,0.0139841472940879,"zero_inflated_gamma",0.987179487179487
"K13788",79.1452876203026,1.23774233134882,0.0153381158968218,"zero_inflated_gamma",0.980769230769231
"K13789",441.316503707558,15.2466695963712,0.034548151878033,"gamma_mle",1
"K13794",8.30947248847368,1.41282621872143,0.054495507011426,"zero_inflated_gamma",0.320512820512821
"K13795",0.598440010396859,4.04726028957738,0.346821412532691,"zero_inflated_gamma",0.0512820512820513
"K13796",7.84872147929533,1.71918307254049,0.127773267908766,"zero_inflated_gamma",0.583333333333333
"K13797",0.21766660212461,-1,-1,"mean_only",0.00641025641025641
"K13798",0.533475898119054,1.05524267694006,0.0507192632925402,"zero_inflated_gamma",0.0256410256410256
"K13799",0,-1,-1,"zero",0
"K13800",0,-1,-1,"zero",0
"K13810",0,-1,-1,"zero",0
"K13812",0.079566982906645,8.42252951959639,1.35710999390069,"zero_inflated_gamma",0.0128205128205128
"K13815",4.07614169915975,1.82167787917616,0.154700413005808,"zero_inflated_gamma",0.346153846153846
"K13816",0.419221609180695,1.2641607982888,0.0579902945127011,"zero_inflated_gamma",0.0192307692307692
"K13818",3.91046379837964,1.6233156330241,0.170306050293455,"zero_inflated_gamma",0.41025641025641
"K13819",16.6445975584224,1.40082228320833,0.0469358186070378,"zero_inflated_gamma",0.557692307692308
"K13821",29.5456957631897,0.759407689197338,0.0233961563345922,"zero_inflated_gamma",0.91025641025641
"K13829",53.0342381209732,1.14093573775732,0.0199962359871216,"zero_inflated_gamma",0.92948717948718
"K13830",0.479855719293991,2.55954728833515,0.170961330173837,"zero_inflated_gamma",0.032051282051282
"K13831",1.2549205054353,1.90433189562467,0.22373280285976,"zero_inflated_gamma",0.147435897435897
"K13832",4.92359175258708,1.54782517907998,0.0886682117625555,"zero_inflated_gamma",0.282051282051282
"K13853",1.32834817918053,3.23924088853122,0.218844057557518,"zero_inflated_gamma",0.0897435897435897
"K13854",0,-1,-1,"zero",0
"K13864",0.45658915611825,1.17321902036033,0.032942677876265,"zero_inflated_gamma",0.0128205128205128
"K13865",0.615634937458549,1.47084788533437,0.153151023630974,"zero_inflated_gamma",0.0641025641025641
"K13866",0,-1,-1,"zero",0
"K13867",0.125873828270003,126.171509557996,12.8508322826408,"zero_inflated_gamma",0.0128205128205128
"K13868",3.40990745950584,1.29407166032922,0.1581264393654,"zero_inflated_gamma",0.416666666666667
"K13870",0,-1,-1,"zero",0
"K13873",0,-1,-1,"zero",0
"K13874",0.614165504459669,10.5181610281634,0.219563321825482,"zero_inflated_gamma",0.0128205128205128
"K13875",0,-1,-1,"zero",0
"K13876",0,-1,-1,"zero",0
"K13877",0,-1,-1,"zero",0
"K13886",0.304052990260519,-1,-1,"mean_only",0.00641025641025641
"K13888",38.4858111313236,1.08446866651196,0.0269139867529077,"zero_inflated_gamma",0.955128205128205
"K13889",25.1369308129014,1.25953806721377,0.0465738834333103,"zero_inflated_gamma",0.92948717948718
"K13890",27.1090822827727,1.21561566812833,0.03823037129587,"zero_inflated_gamma",0.852564102564103
"K13891",26.9443593381674,1.46723336360135,0.0492182135727127,"zero_inflated_gamma",0.903846153846154
"K13892",12.2028990830921,1.1610409852783,0.0573307715298328,"zero_inflated_gamma",0.602564102564103
"K13893",16.7279176790919,0.534792619698251,0.0180343957820869,"zero_inflated_gamma",0.564102564102564
"K13894",13.346805907593,0.607752946655442,0.0236434119278417,"zero_inflated_gamma",0.519230769230769
"K13895",8.16211539416598,0.749582401421912,0.0465070876572033,"zero_inflated_gamma",0.506410256410256
"K13896",7.14417124933274,0.944882463089893,0.0601948979769188,"zero_inflated_gamma",0.455128205128205
"K13912",0.276226535089452,3.42063681284932,0.15876214824637,"zero_inflated_gamma",0.0128205128205128
"K13915",0.243158248369488,15.5017831876355,0.81733114722844,"zero_inflated_gamma",0.0128205128205128
"K13918",2.66025832447328,0.673602937449855,0.0584329838531659,"zero_inflated_gamma",0.230769230769231
"K13919",10.305235229762,1.26658543073516,0.0449083228225942,"zero_inflated_gamma",0.365384615384615
"K13920",10.7487179901162,1.66591899770027,0.0556366075333413,"zero_inflated_gamma",0.358974358974359
"K13921",9.87608052804973,1.76013239465942,0.118814502687265,"zero_inflated_gamma",0.666666666666667
"K13922",65.9091173637685,1.80697920827336,0.0274162252590974,"gamma_mle",1
"K13923",2.47628679445913,1.01590601490577,0.0236684872404739,"zero_inflated_gamma",0.0576923076923077
"K13924",267.293547037908,2.44084931395652,0.00907318141747476,"zero_inflated_gamma",0.993589743589744
"K13925",3.38676829266218,0.872120686483239,0.0561235871752439,"zero_inflated_gamma",0.217948717948718
"K13926",6.07521432243422,0.616868472832553,0.0455621713189681,"zero_inflated_gamma",0.448717948717949
"K13927",42.0907319315236,1.48447943431506,0.0341381558202447,"zero_inflated_gamma",0.967948717948718
"K13928",2.5794152980702,0.867513206731522,0.053897700174467,"zero_inflated_gamma",0.16025641025641
"K13929",17.0245451194664,1.31399399413765,0.0603605371251908,"zero_inflated_gamma",0.782051282051282
"K13930",6.37483883050965,1.01722959682312,0.0317093159890467,"zero_inflated_gamma",0.198717948717949
"K13931",7.23864699566695,1.44232846148442,0.0523680055305736,"zero_inflated_gamma",0.262820512820513
"K13932",2.08667935235349,1.02846413400688,0.0189565842024576,"zero_inflated_gamma",0.0384615384615385
"K13933",0.72682021197165,0.789450772103353,0.0487384259872282,"zero_inflated_gamma",0.0448717948717949
"K13934",5.12040184760494,1.36459622454458,0.0717504801689319,"zero_inflated_gamma",0.269230769230769
"K13935",1.94347279479457,0.848767936475882,0.0335944199693708,"zero_inflated_gamma",0.0769230769230769
"K13936",0.605455861556621,1.44078935313312,0.0915260362300126,"zero_inflated_gamma",0.0384615384615385
"K13938",2.77686059894462,0.656832464848447,0.0318416253653676,"zero_inflated_gamma",0.134615384615385
"K13939",0,-1,-1,"zero",0
"K13940",117.82442247548,2.32809549846166,0.0197590232105415,"gamma_mle",1
"K13942",0.189138524998348,2.17760243522737,0.295211987500234,"zero_inflated_gamma",0.0256410256410256
"K13950",66.2517054224219,1.92306353708583,0.0271659457209591,"zero_inflated_gamma",0.935897435897436
"K13951",0,-1,-1,"zero",0
"K13953",18.8157365849892,1.27671040389738,0.0495851265538803,"zero_inflated_gamma",0.730769230769231
"K13954",193.26747985746,5.36024484119104,0.0277348514356599,"gamma_mle",1
"K13955",57.6582346862029,1.11991357890792,0.0174311727233365,"zero_inflated_gamma",0.897435897435897
"K13957",0.509301888709011,0.98345924776203,0.0495126846136195,"zero_inflated_gamma",0.0256410256410256
"K13958",0.29774502089295,0.532191024964642,0.0229154524164961,"zero_inflated_gamma",0.0128205128205128
"K13963",124.304242059142,2.83511556523806,0.0226616702764811,"zero_inflated_gamma",0.993589743589744
"K13965",0,-1,-1,"zero",0
"K13966",0,-1,-1,"zero",0
"K13967",0.407752448747794,5.07557520261481,0.558550095891563,"zero_inflated_gamma",0.0448717948717949
"K13979",3.76877962430523,1.27960253996801,0.0783523907671331,"zero_inflated_gamma",0.230769230769231
"K13981",0,-1,-1,"zero",0
"K13982",0,-1,-1,"zero",0
"K13985",73.3612217192502,1.57435175128475,0.0202221791140704,"zero_inflated_gamma",0.942307692307692
"K13990",108.522380023419,1.7117584817568,0.0155711002636614,"zero_inflated_gamma",0.987179487179487
"K13991",0,-1,-1,"zero",0
"K13993",722.394915961732,12.0522848274995,0.016683789657426,"gamma_mle",1
"K13995",4.40432411009068,1.08510269189645,0.0363240954096284,"zero_inflated_gamma",0.147435897435897
"K13997",1.80452212975889,4.53536044446778,0.144999834550501,"zero_inflated_gamma",0.0576923076923077
"K14007",0,-1,-1,"zero",0
"K14015",0,-1,-1,"zero",0
"K14018",1.59368359843529,1.97788416586882,0.182979311141452,"zero_inflated_gamma",0.147435897435897
"K14020",0,-1,-1,"zero",0
"K14023",0,-1,-1,"zero",0
"K14026",5.11678987864607,0.78301595206577,0.0412000477045995,"zero_inflated_gamma",0.269230769230769
"K14028",0,-1,-1,"zero",0
"K14048",21.4467979806636,1.81011927602936,0.0595131337239863,"zero_inflated_gamma",0.705128205128205
"K14051",41.1857806525727,1.84688263764458,0.043405458218458,"zero_inflated_gamma",0.967948717948718
"K14052",27.1666162273231,1.23583027820423,0.0422830870801496,"zero_inflated_gamma",0.92948717948718
"K14053",1.92338988700854,0.851267552949808,0.062416129537725,"zero_inflated_gamma",0.141025641025641
"K14054",3.19018232353662,1.34283395981038,0.1214212576778,"zero_inflated_gamma",0.288461538461538
"K14055",2.98041000071183,0.670616200899938,0.0288471841096622,"zero_inflated_gamma",0.128205128205128
"K14056",65.8531348741955,1.25304815589478,0.0171983119475351,"zero_inflated_gamma",0.903846153846154
"K14057",30.8787139609798,2.03415856389095,0.060808388282614,"zero_inflated_gamma",0.923076923076923
"K14058",480.994853528539,9.12980868722693,0.0189810943303268,"gamma_mle",1
"K14059",973.353187757254,6.7353884297091,0.00691977846728833,"gamma_mle",1
"K14060",116.433068815878,2.88018843360239,0.0245782896245614,"zero_inflated_gamma",0.993589743589744
"K14061",1.69359600936185,1.64708469999124,0.0935131684119795,"zero_inflated_gamma",0.0961538461538462
"K14062",5.29214475917146,0.516439487210229,0.021268753833783,"zero_inflated_gamma",0.217948717948718
"K14063",2.15396573400839,0.844348020843094,0.042717617494971,"zero_inflated_gamma",0.108974358974359
"K14064",2.02766286913094,2.26596387435741,0.100290701876533,"zero_inflated_gamma",0.0897435897435897
"K14065",1.96483727134764,0.901916905935951,0.0353099081258519,"zero_inflated_gamma",0.0769230769230769
"K14078",0,-1,-1,"zero",0
"K14080",3.4037658944464,1.84686655881095,0.233037621807983,"zero_inflated_gamma",0.429487179487179
"K14081",0.953960605283623,3.68055761026219,0.346247476440407,"zero_inflated_gamma",0.0897435897435897
"K14083",14.4801465033879,1.40445539344704,0.0640394540362998,"zero_inflated_gamma",0.66025641025641
"K14084",4.64336870506787,1.63937918834817,0.117686051691948,"zero_inflated_gamma",0.333333333333333
"K14086",62.6760110759522,1.87640537246867,0.0297462633772636,"zero_inflated_gamma",0.993589743589744
"K14087",42.7316246813506,1.74668061266871,0.0393034573721115,"zero_inflated_gamma",0.961538461538462
"K14088",68.5585891152374,1.75302939995727,0.0242585280390503,"zero_inflated_gamma",0.948717948717949
"K14089",49.5209975126623,1.72336236324422,0.0321236668789495,"zero_inflated_gamma",0.923076923076923
"K14090",73.9667132315958,1.96572067412462,0.0265757472279428,"gamma_mle",1
"K14091",61.0813943769171,1.41095401765037,0.0216188294448496,"zero_inflated_gamma",0.935897435897436
"K14092",0,-1,-1,"zero",0
"K14093",0.244763435467848,3.62366627902037,0.284707108510556,"zero_inflated_gamma",0.0192307692307692
"K14095",0.184766318564247,-1,-1,"mean_only",0.00641025641025641
"K14096",0,-1,-1,"zero",0
"K14097",0,-1,-1,"zero",0
"K14098",0,-1,-1,"zero",0
"K14099",0,-1,-1,"zero",0
"K14100",0,-1,-1,"zero",0
"K14101",0,-1,-1,"zero",0
"K14102",0,-1,-1,"zero",0
"K14103",0,-1,-1,"zero",0
"K14104",0,-1,-1,"zero",0
"K14105",0.287871806018377,2.08734629772317,0.0929609965663031,"zero_inflated_gamma",0.0128205128205128
"K14106",0.166677631179499,211.045849638063,24.3498422840582,"zero_inflated_gamma",0.0192307692307692
"K14107",2.07301638790244,2.25590719594193,0.0627821819610708,"zero_inflated_gamma",0.0576923076923077
"K14108",0.286672039394264,1.02607539075432,0.0688320322228208,"zero_inflated_gamma",0.0192307692307692
"K14109",0.181360469593609,912.403241008935,64.4984955930259,"zero_inflated_gamma",0.0128205128205128
"K14110",0.0851662078034392,38.7370279015382,5.83128655894173,"zero_inflated_gamma",0.0128205128205128
"K14111",0.209053470080252,38.7404308708248,2.37581414200365,"zero_inflated_gamma",0.0128205128205128
"K14112",0.0389401690381827,-1,-1,"mean_only",0.00641025641025641
"K14113",0.179591649132536,-1,-1,"mean_only",0.00641025641025641
"K14114",0.0906350378799718,-1,-1,"mean_only",0.00641025641025641
"K14115",0.145814674478909,4.04503032388095,0.355652565916333,"zero_inflated_gamma",0.0128205128205128
"K14116",0,-1,-1,"zero",0
"K14117",0.762822549098526,2.50074577301717,0.168116914119532,"zero_inflated_gamma",0.0512820512820513
"K14118",0,-1,-1,"zero",0
"K14119",0,-1,-1,"zero",0
"K14120",0.475684666735275,23.2460826362808,1.25304312417955,"zero_inflated_gamma",0.0256410256410256
"K14121",0,-1,-1,"zero",0
"K14123",0.0961316923409205,-1,-1,"mean_only",0.00641025641025641
"K14124",0.292881031997949,583.982392748338,25.5631226853785,"zero_inflated_gamma",0.0128205128205128
"K14125",0.120732530156591,-1,-1,"mean_only",0.00641025641025641
"K14126",1.56314863891621,2.91020855945476,0.238687257359764,"zero_inflated_gamma",0.128205128205128
"K14127",78.9856165533627,2.28636739814825,0.0285755191147114,"zero_inflated_gamma",0.987179487179487
"K14128",8.07597396100022,1.519199065048,0.109732827135265,"zero_inflated_gamma",0.583333333333333
"K14136",40.2060518474284,0.782233022999078,0.011847963972118,"zero_inflated_gamma",0.608974358974359
"K14138",103.927995750305,1.86402370671788,0.0179357226439383,"gamma_mle",1
"K14152",0,-1,-1,"zero",0
"K14153",6.16303331901607,1.09802491367394,0.0867973912624207,"zero_inflated_gamma",0.487179487179487
"K14154",5.88365933650431,1.49980324875828,0.0931401704038377,"zero_inflated_gamma",0.365384615384615
"K14155",693.378243652683,20.5239229828676,0.0295998946761707,"gamma_mle",1
"K14156",1.7762673397686,2.03823415766148,0.16182433365127,"zero_inflated_gamma",0.141025641025641
"K14157",0.278314642130895,6.60872336230145,0.456644439966763,"zero_inflated_gamma",0.0192307692307692
"K14159",0,-1,-1,"zero",0
"K14160",0,-1,-1,"zero",0
"K14161",0.451932829105553,-1,-1,"mean_only",0.00641025641025641
"K14162",1.96676162935897,0.527353338199853,0.0120316008119259,"zero_inflated_gamma",0.0448717948717949
"K14165",0.302086437872636,22.2105921057319,0.942614911308173,"zero_inflated_gamma",0.0128205128205128
"K14166",0,-1,-1,"zero",0
"K14168",0.47868454472309,3.31325081154974,0.133107204865849,"zero_inflated_gamma",0.0192307692307692
"K14170",451.680389849462,18.1206729784483,0.0401183522368276,"gamma_mle",1
"K14187",6.33690267367087,0.903037104203245,0.0447610267218577,"zero_inflated_gamma",0.314102564102564
"K14188",15.5764430544436,1.50424906826835,0.0464288711427217,"zero_inflated_gamma",0.480769230769231
"K14189",1.21545929782955,1.42585105855109,0.0751984941369038,"zero_inflated_gamma",0.0641025641025641
"K14191",0,-1,-1,"zero",0
"K14192",5.61032718431456,0.934296401771784,0.0544430020550946,"zero_inflated_gamma",0.326923076923077
"K14194",4.18539215271889,1.31590290957306,0.100770426683747,"zero_inflated_gamma",0.320512820512821
"K14195",0.049330444050082,-1,-1,"mean_only",0.00641025641025641
"K14196",0.215997308028389,-1,-1,"mean_only",0.00641025641025641
"K14205",44.8258302491435,1.15363656492989,0.0252410549918407,"zero_inflated_gamma",0.980769230769231
"K14206",0,-1,-1,"zero",0
"K14207",0.153714569741582,1.22949192881109,0.153818051169832,"zero_inflated_gamma",0.0192307692307692
"K14209",0,-1,-1,"zero",0
"K14210",6.88019483620252,1.34349346747175,0.121417687762012,"zero_inflated_gamma",0.621794871794872
"K14213",0,-1,-1,"zero",0
"K14250",0.0983331574368831,1.00244249051645,0.130696777531445,"zero_inflated_gamma",0.0128205128205128
"K14257",0,-1,-1,"zero",0
"K14259",0,-1,-1,"zero",0
"K14260",229.122384744017,2.69680199941045,0.0117701376162936,"gamma_mle",1
"K14261",16.3003562264583,1.40138507650738,0.0655817129312299,"zero_inflated_gamma",0.762820512820513
"K14262",0.899616938486728,1.60736220850024,0.206159824562154,"zero_inflated_gamma",0.115384615384615
"K14264",0.283078447156753,11.5666630473967,1.30962418173421,"zero_inflated_gamma",0.032051282051282
"K14266",0,-1,-1,"zero",0
"K14267",36.5647942772087,1.1113723295787,0.0268875315782636,"zero_inflated_gamma",0.884615384615385
"K14268",0.119567759117033,5.32401248185513,0.570860997849634,"zero_inflated_gamma",0.0128205128205128
"K14270",0,-1,-1,"zero",0
"K14273",9.23445064578523,1.58685333405002,0.116763469487555,"zero_inflated_gamma",0.67948717948718
"K14274",10.4013540073808,1.25071219043429,0.06937219180681,"zero_inflated_gamma",0.576923076923077
"K14275",0.650550736382906,6.33278941458864,0.249602693037471,"zero_inflated_gamma",0.0256410256410256
"K14286",0.792074451766855,1.75702025098049,0.0568782406839364,"zero_inflated_gamma",0.0256410256410256
"K14287",3.85640336591953,0.680679354511784,0.0396007645868182,"zero_inflated_gamma",0.224358974358974
"K14289",0,-1,-1,"zero",0
"K14290",0,-1,-1,"zero",0
"K14292",0,-1,-1,"zero",0
"K14293",0,-1,-1,"zero",0
"K14297",0.603339054500689,2.33965541847979,0.223721834829037,"zero_inflated_gamma",0.0576923076923077
"K14299",0.250210273235219,-1,-1,"mean_only",0.00641025641025641
"K14300",0.932533096999701,2.27629566350772,0.312946294680283,"zero_inflated_gamma",0.128205128205128
"K14309",0,-1,-1,"zero",0
"K14310",0,-1,-1,"zero",0
"K14311",0,-1,-1,"zero",0
"K14312",0.203997457582367,-1,-1,"mean_only",0.00641025641025641
"K14315",0,-1,-1,"zero",0
"K14319",0,-1,-1,"zero",0
"K14322",0,-1,-1,"zero",0
"K14326",8.7596225094412,0.85019876033283,0.0298642570820824,"zero_inflated_gamma",0.307692307692308
"K14327",0,-1,-1,"zero",0
"K14330",0.446805773666194,3.71281788104551,0.266336247479509,"zero_inflated_gamma",0.032051282051282
"K14333",0.393643999269184,2.0350217130699,0.132556431754945,"zero_inflated_gamma",0.0256410256410256
"K14335",21.540006889829,1.04265767489904,0.0390968576695284,"zero_inflated_gamma",0.807692307692308
"K14337",0.124880104767713,-1,-1,"mean_only",0.00641025641025641
"K14338",0.446603849844091,1.37075113922812,0.0393497112941181,"zero_inflated_gamma",0.0128205128205128
"K14339",0.243646144054785,0.869143688981258,0.0686007232990304,"zero_inflated_gamma",0.0192307692307692
"K14347",10.669430833216,0.633629003600395,0.0251254086001463,"zero_inflated_gamma",0.423076923076923
"K14348",4.11273052207357,0.852030108261864,0.0517922401971698,"zero_inflated_gamma",0.25
"K14349",0.0655348628471635,-1,-1,"mean_only",0.00641025641025641
"K14350",0,-1,-1,"zero",0
"K14351",0,-1,-1,"zero",0
"K14357",0,-1,-1,"zero",0
"K14358",35.5204122954314,1.75358750584168,0.0465202650843612,"zero_inflated_gamma",0.942307692307692
"K14367",0,-1,-1,"zero",0
"K14371",0,-1,-1,"zero",0
"K14375",0.941080506881123,1.6918220654206,0.184384025138382,"zero_inflated_gamma",0.102564102564103
"K14376",0,-1,-1,"zero",0
"K14379",77.3491716782232,1.37875791185562,0.0165682162443521,"zero_inflated_gamma",0.92948717948718
"K14380",0,-1,-1,"zero",0
"K14385",1.1227420905316,1.09878714539591,0.0627348649496741,"zero_inflated_gamma",0.0641025641025641
"K14386",2.43846170882531,1.29317354467343,0.0679901921306791,"zero_inflated_gamma",0.128205128205128
"K14387",0.690556600634491,0.943460401122904,0.0437894814021354,"zero_inflated_gamma",0.032051282051282
"K14388",10.7183225555137,1.45072880526183,0.065939918464237,"zero_inflated_gamma",0.487179487179487
"K14389",0.182994377906028,259.874146033556,18.2066785825188,"zero_inflated_gamma",0.0128205128205128
"K14392",48.9489654690192,1.6832567732295,0.0337266872721196,"zero_inflated_gamma",0.980769230769231
"K14393",11.7248178636605,0.699447139617437,0.0260035779020493,"zero_inflated_gamma",0.435897435897436
"K14396",0.563937387777809,2.77675910221978,0.0946899685347086,"zero_inflated_gamma",0.0192307692307692
"K14400",0,-1,-1,"zero",0
"K14401",0.189928667404273,-1,-1,"mean_only",0.00641025641025641
"K14402",0,-1,-1,"zero",0
"K14403",6.65105456212484,1.39078138060073,0.103213019623882,"zero_inflated_gamma",0.493589743589744
"K14407",0.664194871793954,4.4839505948808,0.346202890323121,"zero_inflated_gamma",0.0512820512820513
"K14408",0.326395932131788,-1,-1,"mean_only",0.00641025641025641
"K14411",0.203997457582367,-1,-1,"mean_only",0.00641025641025641
"K14414",5.42250236195665,0.755392572779011,0.0625095542811091,"zero_inflated_gamma",0.448717948717949
"K14415",81.3230107576909,1.94366687947437,0.0232877416801867,"zero_inflated_gamma",0.974358974358974
"K14429",0,-1,-1,"zero",0
"K14430",0,-1,-1,"zero",0
"K14435",0,-1,-1,"zero",0
"K14437",3.7637371341589,2.18223387932591,0.182118259733602,"zero_inflated_gamma",0.314102564102564
"K14438",0,-1,-1,"zero",0
"K14439",9.76932810755885,0.985940768599793,0.0562834594595004,"zero_inflated_gamma",0.557692307692308
"K14440",21.2913746952033,1.39424419969333,0.0537304545690862,"zero_inflated_gamma",0.82051282051282
"K14441",562.958327236241,22.9197364000645,0.0407130249100062,"gamma_mle",1
"K14445",358.477461561917,3.19280961503334,0.00890658397635933,"gamma_mle",1
"K14446",0.0461339004176978,-1,-1,"mean_only",0.00641025641025641
"K14447",0,-1,-1,"zero",0
"K14448",0,-1,-1,"zero",0
"K14449",0,-1,-1,"zero",0
"K14453",0.328889166631407,2.34603228753743,0.320079498656659,"zero_inflated_gamma",0.0448717948717949
"K14454",0.256549403774359,7.57552934937766,0.378571026543053,"zero_inflated_gamma",0.0128205128205128
"K14455",0,-1,-1,"zero",0
"K14459",3.0639017996036,0.984596848789827,0.0988781287278563,"zero_inflated_gamma",0.307692307692308
"K14462",0,-1,-1,"zero",0
"K14465",0,-1,-1,"zero",0
"K14468",0.561119273770161,6.93685642483346,0.396235082654914,"zero_inflated_gamma",0.032051282051282
"K14470",1.61397870475582,1.68561507860038,0.0468634275141837,"zero_inflated_gamma",0.0448717948717949
"K14471",0,-1,-1,"zero",0
"K14472",0,-1,-1,"zero",0
"K14475",22.2726786088412,1.4587289498403,0.0591965867227942,"zero_inflated_gamma",0.903846153846154
"K14487",17.7983859914413,1.67140010931481,0.0800620761291922,"zero_inflated_gamma",0.852564102564103
"K14489",0.114258804241491,4.92656481183538,0.552789675601096,"zero_inflated_gamma",0.0128205128205128
"K14491",5.60374385952829,1.43484433467274,0.100122514483495,"zero_inflated_gamma",0.391025641025641
"K14506",9.40859280587557,1.13636771637074,0.0712290977140276,"zero_inflated_gamma",0.58974358974359
"K14509",0,-1,-1,"zero",0
"K14514",0,-1,-1,"zero",0
"K14521",3.82961669089913,0.780591228816673,0.0496509266130271,"zero_inflated_gamma",0.243589743589744
"K14534",48.2678016749214,2.43843352238064,0.048251972386096,"zero_inflated_gamma",0.955128205128205
"K14536",0,-1,-1,"zero",0
"K14538",0.105937104662862,-1,-1,"mean_only",0.00641025641025641
"K14540",318.125804447798,9.01519396579317,0.0283384555410138,"gamma_mle",1
"K14544",0,-1,-1,"zero",0
"K14549",0,-1,-1,"zero",0
"K14550",0,-1,-1,"zero",0
"K14553",2.91153719427794,1.24791913616459,0.0714352964828531,"zero_inflated_gamma",0.166666666666667
"K14554",0,-1,-1,"zero",0
"K14556",0,-1,-1,"zero",0
"K14557",0,-1,-1,"zero",0
"K14558",0,-1,-1,"zero",0
"K14560",0.250360516123815,-1,-1,"mean_only",0.00641025641025641
"K14564",0.103814532247518,-1,-1,"mean_only",0.00641025641025641
"K14567",0,-1,-1,"zero",0
"K14568",0,-1,-1,"zero",0
"K14569",0,-1,-1,"zero",0
"K14571",1.38742034226821,1.4684229499273,0.115336675408663,"zero_inflated_gamma",0.108974358974359
"K14572",41.5454153892917,2.45470779881893,0.0571911784860364,"zero_inflated_gamma",0.967948717948718
"K14573",0,-1,-1,"zero",0
"K14574",0.671881326346103,9.29829414452336,0.266138292465402,"zero_inflated_gamma",0.0192307692307692
"K14575",1.00622516453721,2.05265959172765,0.143843368727496,"zero_inflated_gamma",0.0705128205128205
"K14581",0,-1,-1,"zero",0
"K14584",0,-1,-1,"zero",0
"K14587",2.81985904593581,1.08987229897739,0.0545062491052169,"zero_inflated_gamma",0.141025641025641
"K14588",4.96295938027156,0.556340699279816,0.0294618062901904,"zero_inflated_gamma",0.262820512820513
"K14589",0,-1,-1,"zero",0
"K14591",11.2372895095091,1.31554166802066,0.063037317840146,"zero_inflated_gamma",0.538461538461538
"K14595",0.486938425014409,1.08316989497161,0.0712964556292008,"zero_inflated_gamma",0.032051282051282
"K14596",0,-1,-1,"zero",0
"K14597",0.693263780559494,6.6258954926402,0.49013019570828,"zero_inflated_gamma",0.0512820512820513
"K14605",0,-1,-1,"zero",0
"K14607",0.83761769157587,1.21894421113558,0.0932853379502558,"zero_inflated_gamma",0.0641025641025641
"K14611",0.0694444134337596,-1,-1,"mean_only",0.00641025641025641
"K14615",0.284749433622683,2.06286595445313,0.0928781458126106,"zero_inflated_gamma",0.0128205128205128
"K14616",0.47899740132078,2.32880556483224,0.311655987256795,"zero_inflated_gamma",0.0641025641025641
"K14619",0,-1,-1,"zero",0
"K14623",177.946312768172,3.5779728486666,0.0201070356165681,"gamma_mle",1
"K14629",0.117856031169402,126.200998704523,13.7282878593397,"zero_inflated_gamma",0.0128205128205128
"K14633",0,-1,-1,"zero",0
"K14634",0.944555696231348,3.11064467554178,0.168883889439064,"zero_inflated_gamma",0.0512820512820513
"K14638",1.78671889681725,2.41174715054449,0.17305372052912,"zero_inflated_gamma",0.128205128205128
"K14640",27.7277819314894,1.18505731085874,0.0383555011328076,"zero_inflated_gamma",0.897435897435897
"K14642",0,-1,-1,"zero",0
"K14644",1.47406432975713,1.48291592621312,0.103179988878181,"zero_inflated_gamma",0.102564102564103
"K14645",167.735818287843,2.38087677176785,0.0141942060799569,"gamma_mle",1
"K14647",16.6663717319468,2.00977001966317,0.099717277119289,"zero_inflated_gamma",0.826923076923077
"K14652",342.692281716857,6.42589108152772,0.0187511987411406,"gamma_mle",1
"K14653",0.0940104325452865,-1,-1,"mean_only",0.00641025641025641
"K14654",65.6834134327447,0.913706183436829,0.0131082159127315,"zero_inflated_gamma",0.942307692307692
"K14656",10.2116495682244,0.680230495238684,0.0234854175604328,"zero_inflated_gamma",0.352564102564103
"K14657",1.50518871518022,0.523276282397854,0.0155996027396608,"zero_inflated_gamma",0.0448717948717949
"K14659",1.45101453259701,0.986109847269794,0.104553885480904,"zero_inflated_gamma",0.153846153846154
"K14660",0,-1,-1,"zero",0
"K14663",0,-1,-1,"zero",0
"K14664",12.7594905997102,1.35230429932471,0.0584271826734367,"zero_inflated_gamma",0.551282051282051
"K14665",20.9708835013898,1.5199256194067,0.0603982508774596,"zero_inflated_gamma",0.833333333333333
"K14666",0,-1,-1,"zero",0
"K14667",0,-1,-1,"zero",0
"K14670",0,-1,-1,"zero",0
"K14673",0,-1,-1,"zero",0
"K14676",0.400576825798103,-1,-1,"mean_only",0.00641025641025641
"K14679",8.90502900386381,1.01611517656185,0.0716818288279859,"zero_inflated_gamma",0.628205128205128
"K14681",0.928112030148201,3.14593053831893,0.0869128757926355,"zero_inflated_gamma",0.0256410256410256
"K14682",15.7269168454404,0.739310491876698,0.0286274250254054,"zero_inflated_gamma",0.608974358974359
"K14683",0,-1,-1,"zero",0
"K14684",0,-1,-1,"zero",0
"K14688",5.8686321615542,1.09994577857848,0.0732891398407547,"zero_inflated_gamma",0.391025641025641
"K14689",0.275179555780015,27.0188420014071,1.25879776676203,"zero_inflated_gamma",0.0128205128205128
"K14692",2.41991517622878,1.99782437716205,0.211686205302906,"zero_inflated_gamma",0.256410256410256
"K14695",0,-1,-1,"zero",0
"K14696",22.0874306168494,1.20548301869716,0.0307874679325724,"zero_inflated_gamma",0.564102564102564
"K14698",0,-1,-1,"zero",0
"K14699",0,-1,-1,"zero",0
"K14701",1.10753242373091,1.51285517734711,0.0963183409320092,"zero_inflated_gamma",0.0705128205128205
"K14702",0.116705283994005,2.18387485707558,0.239906837508499,"zero_inflated_gamma",0.0128205128205128
"K14703",0.451318866895603,2.5971040828998,0.110663021092109,"zero_inflated_gamma",0.0192307692307692
"K14708",0,-1,-1,"zero",0
"K14715",0.553874279484043,1.26453951951354,0.102445916029441,"zero_inflated_gamma",0.0448717948717949
"K14717",0,-1,-1,"zero",0
"K14726",3.30173671431145,1.77590234136498,0.148258805946078,"zero_inflated_gamma",0.275641025641026
"K14727",26.0929451193232,1.14260628009795,0.034245912147675,"zero_inflated_gamma",0.782051282051282
"K14729",5.08310022035286,1.65286945419161,0.118811954047771,"zero_inflated_gamma",0.365384615384615
"K14730",2.47972669914786,2.15789122387892,0.178505298091238,"zero_inflated_gamma",0.205128205128205
"K14731",172.532054546671,4.4312422515198,0.0256835882651656,"gamma_mle",1
"K14733",0.524928991723172,4.36079973714673,0.106505241317024,"zero_inflated_gamma",0.0128205128205128
"K14742",560.153418260607,23.9366252689347,0.0427322667123284,"gamma_mle",1
"K14743",9.54961673623104,1.29812203365721,0.0880088517744921,"zero_inflated_gamma",0.647435897435897
"K14744",7.7941022564089,0.657618491631401,0.0210934649686774,"zero_inflated_gamma",0.25
"K14752",0,-1,-1,"zero",0
"K14753",0,-1,-1,"zero",0
"K14759",1.21790096017197,2.92330686640852,0.276955720918493,"zero_inflated_gamma",0.115384615384615
"K14761",433.575559109643,7.8565614230322,0.0181203973747178,"gamma_mle",1
"K14762",3.4413982000741,1.31440349220201,0.0538631638297882,"zero_inflated_gamma",0.141025641025641
"K14763",0,-1,-1,"zero",0
"K14766",0,-1,-1,"zero",0
"K14767",0,-1,-1,"zero",0
"K14768",0,-1,-1,"zero",0
"K14771",0.0546758493658749,10.3981229874407,2.43817463497797,"zero_inflated_gamma",0.0128205128205128
"K14772",0,-1,-1,"zero",0
"K14777",0.508772333698014,23.5899375100802,0.891661386395055,"zero_inflated_gamma",0.0192307692307692
"K14778",1.59620544656598,0.74497997963181,0.0867619317465805,"zero_inflated_gamma",0.185897435897436
"K14779",0.676084623981032,1.46742595040365,0.125219811904404,"zero_inflated_gamma",0.0576923076923077
"K14780",0,-1,-1,"zero",0
"K14785",0,-1,-1,"zero",0
"K14786",0.379857334808546,-1,-1,"mean_only",0.00641025641025641
"K14787",3.70812130686637,2.65708382137546,0.101053044967668,"zero_inflated_gamma",0.141025641025641
"K14788",0.436271790473182,-1,-1,"mean_only",0.00641025641025641
"K14791",0,-1,-1,"zero",0
"K14792",0,-1,-1,"zero",0
"K14793",0,-1,-1,"zero",0
"K14794",0.200288412899052,-1,-1,"mean_only",0.00641025641025641
"K14799",0,-1,-1,"zero",0
"K14803",0,-1,-1,"zero",0
"K14805",0,-1,-1,"zero",0
"K14806",0,-1,-1,"zero",0
"K14807",0.595694236443283,1.1120526764799,0.0478671261989071,"zero_inflated_gamma",0.0256410256410256
"K14808",0.175690467610981,7.14981752358367,0.782606436807923,"zero_inflated_gamma",0.0192307692307692
"K14809",0.42780049357079,-1,-1,"mean_only",0.00641025641025641
"K14811",0,-1,-1,"zero",0
"K14816",0,-1,-1,"zero",0
"K14819",0.32836060129651,21.4588744628231,1.67568078556398,"zero_inflated_gamma",0.0256410256410256
"K14826",0,-1,-1,"zero",0
"K14829",0.250210273235219,-1,-1,"mean_only",0.00641025641025641
"K14831",0,-1,-1,"zero",0
"K14832",0,-1,-1,"zero",0
"K14833",0,-1,-1,"zero",0
"K14835",8.56874015181472,1.83861120330424,0.114163276115299,"zero_inflated_gamma",0.532051282051282
"K14840",0,-1,-1,"zero",0
"K14842",0,-1,-1,"zero",0
"K14843",0,-1,-1,"zero",0
"K14848",0.286126304141503,-1,-1,"mean_only",0.00641025641025641
"K14852",0.194971021406156,-1,-1,"mean_only",0.00641025641025641
"K14857",0,-1,-1,"zero",0
"K14861",0,-1,-1,"zero",0
"K14864",0.250210273235219,-1,-1,"mean_only",0.00641025641025641
"K14940",4.1118098363349,1.47079338898415,0.107768517242569,"zero_inflated_gamma",0.301282051282051
"K14941",0,-1,-1,"zero",0
"K14949",0.50681819375992,3.65487740522399,0.323589230276244,"zero_inflated_gamma",0.0448717948717949
"K14950",0,-1,-1,"zero",0
"K14951",0.35031655368151,1089.69785380595,39.8796036281681,"zero_inflated_gamma",0.0128205128205128
"K14952",2.6813828237982,3.22990694510849,0.30886349409944,"zero_inflated_gamma",0.256410256410256
"K14956",0,-1,-1,"zero",0
"K14963",0,-1,-1,"zero",0
"K14966",0,-1,-1,"zero",0
"K14967",0.202125921274272,-1,-1,"mean_only",0.00641025641025641
"K14977",8.56198777521637,1.46224454823269,0.0864864160105976,"zero_inflated_gamma",0.506410256410256
"K14978",11.7267903705812,1.15503858948612,0.0726090198734995,"zero_inflated_gamma",0.737179487179487
"K14979",9.58091280427387,1.19541989690843,0.077581956617708,"zero_inflated_gamma",0.621794871794872
"K14980",5.0356712796109,1.33101641011273,0.0881058576044552,"zero_inflated_gamma",0.333333333333333
"K14981",0.801364771367872,5.54660533089249,0.354946098434807,"zero_inflated_gamma",0.0512820512820513
"K14982",86.0680308813087,2.46702119410031,0.0286636184055661,"gamma_mle",1
"K14983",32.8237373731735,2.13725081710694,0.0584347109315945,"zero_inflated_gamma",0.897435897435897
"K14986",28.0748000897472,1.04687188828632,0.0313129195812955,"zero_inflated_gamma",0.83974358974359
"K14987",7.26265902437215,1.05441668148088,0.0456024414989373,"zero_inflated_gamma",0.314102564102564
"K14988",1.40026199499305,1.51532018278806,0.117928677740809,"zero_inflated_gamma",0.108974358974359
"K14989",4.70878254792034,1.43019028911114,0.107083678348889,"zero_inflated_gamma",0.352564102564103
"K14996",0,-1,-1,"zero",0
"K14998",0.295252732474189,1.1279669447222,0.0979575332275024,"zero_inflated_gamma",0.0256410256410256
"K15001",0.202125921274272,-1,-1,"mean_only",0.00641025641025641
"K15009",2.95846139443233,0.849973950193859,0.0552505194730785,"zero_inflated_gamma",0.192307692307692
"K15011",0.699345390074796,1.08718456680686,0.109617438409599,"zero_inflated_gamma",0.0705128205128205
"K15012",3.62810707923587,1.57251139917057,0.0944643683121818,"zero_inflated_gamma",0.217948717948718
"K15013",1.10304240562388,2.75608006460412,0.144150957661364,"zero_inflated_gamma",0.0576923076923077
"K15014",0,-1,-1,"zero",0
"K15015",0,-1,-1,"zero",0
"K15016",2.41041411189489,1.0588692100695,0.0675829744737288,"zero_inflated_gamma",0.153846153846154
"K15017",0.144272922313369,-1,-1,"mean_only",0.00641025641025641
"K15019",0.299283870333069,3.09685815612157,0.59697468301103,"zero_inflated_gamma",0.0576923076923077
"K15020",0,-1,-1,"zero",0
"K15022",24.2052484919131,2.33620063464196,0.0890919543435437,"zero_inflated_gamma",0.923076923076923
"K15023",38.5512044838027,1.84045110168885,0.0443741181734433,"zero_inflated_gamma",0.92948717948718
"K15024",174.195011684499,4.59361939100335,0.0263705564618767,"gamma_mle",1
"K15028",0,-1,-1,"zero",0
"K15034",2.78761610133353,1.169816897487,0.0645611963198665,"zero_inflated_gamma",0.153846153846154
"K15036",4.64828329248518,1.86745640967512,0.167396603951095,"zero_inflated_gamma",0.416666666666667
"K15039",16.3516258379696,0.997317401631885,0.0301049966178895,"zero_inflated_gamma",0.493589743589744
"K15043",0,-1,-1,"zero",0
"K15044",0,-1,-1,"zero",0
"K15045",0.699893166580312,2.31302670508334,0.10592398219717,"zero_inflated_gamma",0.032051282051282
"K15050",0.263452102671778,1.77751029684559,0.129749924093566,"zero_inflated_gamma",0.0192307692307692
"K15051",136.185277787508,3.12864722590788,0.0229734614250267,"gamma_mle",1
"K15053",0,-1,-1,"zero",0
"K15054",5.71936309533066,1.02120354146175,0.0709629619943029,"zero_inflated_gamma",0.397435897435897
"K15066",0,-1,-1,"zero",0
"K15067",0,-1,-1,"zero",0
"K15083",0,-1,-1,"zero",0
"K15095",0,-1,-1,"zero",0
"K15102",0.211843513643228,-1,-1,"mean_only",0.00641025641025641
"K15104",0.117150998870067,-1,-1,"mean_only",0.00641025641025641
"K15120",0.0341116143768726,-1,-1,"mean_only",0.00641025641025641
"K15125",87.2479889660603,1.34319856367645,0.0150004325643923,"zero_inflated_gamma",0.974358974358974
"K15156",0,-1,-1,"zero",0
"K15161",0,-1,-1,"zero",0
"K15165",0,-1,-1,"zero",0
"K15172",0,-1,-1,"zero",0
"K15173",6.89773778008284,1.39099488010581,0.0633417900802729,"zero_inflated_gamma",0.314102564102564
"K15176",0.234633367885464,25.7215286626425,2.81088057469787,"zero_inflated_gamma",0.0256410256410256
"K15178",0,-1,-1,"zero",0
"K15190",0,-1,-1,"zero",0
"K15192",23.4096925124635,1.63516034376551,0.063581150581845,"zero_inflated_gamma",0.91025641025641
"K15198",0,-1,-1,"zero",0
"K15201",0,-1,-1,"zero",0
"K15202",0,-1,-1,"zero",0
"K15212",179.66773998648,4.29925664974141,0.023928929311767,"gamma_mle",1
"K15216",0,-1,-1,"zero",0
"K15226",0.410702774819943,4.32438857948515,0.134990271854079,"zero_inflated_gamma",0.0128205128205128
"K15228",0.17345530079661,-1,-1,"mean_only",0.00641025641025641
"K15229",0,-1,-1,"zero",0
"K15238",0.205903975877529,-1,-1,"mean_only",0.00641025641025641
"K15255",210.700409330896,2.3581399068081,0.0111919094713515,"gamma_mle",1
"K15256",47.4712288110396,1.60216384175448,0.0315867330368516,"zero_inflated_gamma",0.935897435897436
"K15257",7.24596030192592,1.02178719250708,0.0479088532466995,"zero_inflated_gamma",0.33974358974359
"K15260",10.505214701453,1.25043717019262,0.0785904125432462,"zero_inflated_gamma",0.66025641025641
"K15261",26.685628652806,1.5980931573096,0.0510565771637623,"zero_inflated_gamma",0.852564102564103
"K15264",0.762316794487888,4.90260074344006,0.247353289890536,"zero_inflated_gamma",0.0384615384615385
"K15268",38.3067907006042,1.61853067788966,0.040626726215054,"zero_inflated_gamma",0.961538461538462
"K15269",58.6866982744964,2.33249834237514,0.0392353733499017,"zero_inflated_gamma",0.987179487179487
"K15270",12.313955156902,1.87102689892366,0.103243740463168,"zero_inflated_gamma",0.67948717948718
"K15271",0,-1,-1,"zero",0
"K15273",0,-1,-1,"zero",0
"K15289",22.7528419236329,1.28426776161136,0.0459514324070481,"zero_inflated_gamma",0.814102564102564
"K15290",0,-1,-1,"zero",0
"K15303",0.683204060401685,13.6241911756698,0.255661708939634,"zero_inflated_gamma",0.0128205128205128
"K15320",0,-1,-1,"zero",0
"K15329",0,-1,-1,"zero",0
"K15331",0,-1,-1,"zero",0
"K15332",0,-1,-1,"zero",0
"K15333",52.8231555307138,1.32038925011901,0.0221122087955707,"zero_inflated_gamma",0.884615384615385
"K15334",0.309833961506227,2.35826926791158,0.0975820121090054,"zero_inflated_gamma",0.0128205128205128
"K15335",0,-1,-1,"zero",0
"K15336",0,-1,-1,"zero",0
"K15338",57.8815135157266,1.94276453687012,0.0309826229832394,"zero_inflated_gamma",0.923076923076923
"K15340",0,-1,-1,"zero",0
"K15342",264.915850525715,7.09679197542381,0.0267888537486169,"gamma_mle",1
"K15345",0,-1,-1,"zero",0
"K15357",1.84033351613031,2.10712833652115,0.256884498533005,"zero_inflated_gamma",0.224358974358974
"K15358",2.91825873111097,1.75527761096281,0.0694016708919661,"zero_inflated_gamma",0.115384615384615
"K15359",0.178288438770247,-1,-1,"mean_only",0.00641025641025641
"K15361",1.53283813273709,4.39646381852209,0.257401245979869,"zero_inflated_gamma",0.0897435897435897
"K15363",1.95765132229413,1.39196143633313,0.0820426667059885,"zero_inflated_gamma",0.115384615384615
"K15366",0,-1,-1,"zero",0
"K15368",0,-1,-1,"zero",0
"K15371",1.87337343890452,0.3803697264886,0.00390461521475959,"zero_inflated_gamma",0.0192307692307692
"K15372",41.5555526513296,1.12068554292686,0.0250667546916577,"zero_inflated_gamma",0.92948717948718
"K15373",2.9547943200954,1.40669123270342,0.039672564887077,"zero_inflated_gamma",0.0833333333333333
"K15374",0,-1,-1,"zero",0
"K15376",85.7827091479426,2.54486698523554,0.0294762634620153,"zero_inflated_gamma",0.993589743589744
"K15378",32.2935271714852,2.2989244056923,0.068906716796044,"zero_inflated_gamma",0.967948717948718
"K15383",4.79047484263323,1.59030277059764,0.0744808625976201,"zero_inflated_gamma",0.224358974358974
"K15390",0,-1,-1,"zero",0
"K15394",0,-1,-1,"zero",0
"K15395",0,-1,-1,"zero",0
"K15396",4.47658380192125,0.704030625290316,0.0352848502332631,"zero_inflated_gamma",0.224358974358974
"K15408",0.209825956370435,-1,-1,"mean_only",0.00641025641025641
"K15421",0,-1,-1,"zero",0
"K15423",0,-1,-1,"zero",0
"K15428",2.19020227488872,1.36177002675739,0.103625895072985,"zero_inflated_gamma",0.166666666666667
"K15429",0.154841765555012,5.92614011521159,0.490669652667019,"zero_inflated_gamma",0.0128205128205128
"K15430",0,-1,-1,"zero",0
"K15436",0,-1,-1,"zero",0
"K15437",0,-1,-1,"zero",0
"K15444",2.23190422573808,1.81577618428131,0.203388676286148,"zero_inflated_gamma",0.25
"K15445",0,-1,-1,"zero",0
"K15447",0,-1,-1,"zero",0
"K15449",0.346929300958519,404.808137635617,14.9593819376642,"zero_inflated_gamma",0.0128205128205128
"K15450",0,-1,-1,"zero",0
"K15458",0.323995962042584,-1,-1,"mean_only",0.00641025641025641
"K15460",402.658078713793,10.0040166984056,0.0248449422158902,"gamma_mle",1
"K15461",44.1828735716497,1.50797410158465,0.0315048791815935,"zero_inflated_gamma",0.923076923076923
"K15467",0,-1,-1,"zero",0
"K15468",0,-1,-1,"zero",0
"K15471",4.0279379615783,2.51283014465168,0.24794048795436,"zero_inflated_gamma",0.397435897435897
"K15474",1.14250351448521,1.55781497233964,0.113625833720196,"zero_inflated_gamma",0.0833333333333333
"K15495",0.189255637542153,10.106433272711,1.02694159359129,"zero_inflated_gamma",0.0192307692307692
"K15497",0,-1,-1,"zero",0
"K15502",0,-1,-1,"zero",0
"K15503",0.287217922524763,7.00957892838866,0.469328632390909,"zero_inflated_gamma",0.0192307692307692
"K15505",2.88171164093065,1.18083443606836,0.0682947372489944,"zero_inflated_gamma",0.166666666666667
"K15509",3.92567950923175,0.925717972515991,0.0287205569164912,"zero_inflated_gamma",0.121794871794872
"K15510",0.345711158033631,1.53520012812804,0.0853981096676251,"zero_inflated_gamma",0.0192307692307692
"K15511",0.487723659946477,3.71118579311929,0.243884544401702,"zero_inflated_gamma",0.032051282051282
"K15512",0,-1,-1,"zero",0
"K15513",0,-1,-1,"zero",0
"K15514",0.389942042812313,-1,-1,"mean_only",0.00641025641025641
"K15515",9.71358432703492,1.41095217635297,0.0986992939396273,"zero_inflated_gamma",0.67948717948718
"K15518",1.57727509968134,1.10274365089485,0.0448169730089977,"zero_inflated_gamma",0.0641025641025641
"K15519",66.8738477188222,1.43674030604953,0.0195562558169844,"zero_inflated_gamma",0.91025641025641
"K15520",0.641476208106748,1.74332407376638,0.0348419915743955,"zero_inflated_gamma",0.0128205128205128
"K15521",46.6217661067647,1.81086384368211,0.0368497200910696,"zero_inflated_gamma",0.948717948717949
"K15523",1.79463406568869,1.2359092733852,0.119192752622613,"zero_inflated_gamma",0.173076923076923
"K15524",10.0391495343224,0.786069865912139,0.0476829626918406,"zero_inflated_gamma",0.608974358974359
"K15525",1.98253085833205,1.73437705766908,0.145804965269515,"zero_inflated_gamma",0.166666666666667
"K15526",0.185140549738619,-1,-1,"mean_only",0.00641025641025641
"K15527",46.6822874943965,1.62472683573511,0.0327960063095816,"zero_inflated_gamma",0.942307692307692
"K15529",1.75772593068224,2.41048747221113,0.0966989605771214,"zero_inflated_gamma",0.0705128205128205
"K15530",13.9130801277148,1.5760377282072,0.0806012364020876,"zero_inflated_gamma",0.711538461538462
"K15531",150.305354420324,1.88875985693687,0.0124855992602133,"zero_inflated_gamma",0.993589743589744
"K15532",475.193378594314,4.28197587767797,0.00901101755740921,"gamma_mle",1
"K15533",342.69545529883,5.28848011565036,0.0154320112329439,"gamma_mle",1
"K15534",21.0652508208977,0.80794694461009,0.0255696597674678,"zero_inflated_gamma",0.666666666666667
"K15535",0.227618630290812,23.2361745064153,1.96314998103559,"zero_inflated_gamma",0.0192307692307692
"K15536",4.00468138841779,0.877092743085186,0.0224632676947019,"zero_inflated_gamma",0.102564102564103
"K15537",0,-1,-1,"zero",0
"K15538",0.703548365435048,6.55247206468908,0.179105068475539,"zero_inflated_gamma",0.0192307692307692
"K15539",15.4920536186608,1.62784720673267,0.0781336365631725,"zero_inflated_gamma",0.743589743589744
"K15540",7.43458391791087,0.522276585769644,0.011708267549253,"zero_inflated_gamma",0.166666666666667
"K15545",25.4623234884817,1.34984216703826,0.0445175911557615,"zero_inflated_gamma",0.83974358974359
"K15546",67.0042531923394,1.96634927888166,0.0263367226062501,"zero_inflated_gamma",0.897435897435897
"K15547",3.15991032629566,0.505797988054318,0.0379646556501411,"zero_inflated_gamma",0.237179487179487
"K15548",9.76879238653165,1.00101602849427,0.0551765877910174,"zero_inflated_gamma",0.538461538461538
"K15549",5.75139825591314,0.56162862549722,0.0231607660352503,"zero_inflated_gamma",0.237179487179487
"K15550",7.03954813523922,0.5589167569737,0.0234118418038429,"zero_inflated_gamma",0.294871794871795
"K15551",3.92447903535,0.924739371447517,0.0664607768141148,"zero_inflated_gamma",0.282051282051282
"K15552",11.3804045754498,1.16817295235907,0.0625098492867886,"zero_inflated_gamma",0.608974358974359
"K15553",42.1990752915582,1.52046742597903,0.0334901883396981,"zero_inflated_gamma",0.92948717948718
"K15554",12.709762314137,1.35339742326624,0.0730377012114522,"zero_inflated_gamma",0.685897435897436
"K15555",31.2124839168387,1.80291868971955,0.0470247972599606,"zero_inflated_gamma",0.814102564102564
"K15562",0,-1,-1,"zero",0
"K15576",1.07942102867546,0.786245518038342,0.0280152150355558,"zero_inflated_gamma",0.0384615384615385
"K15577",2.09416418908291,0.637127656717454,0.0214527916846606,"zero_inflated_gamma",0.0705128205128205
"K15578",4.3459931954458,1.46651243044819,0.0562400186599833,"zero_inflated_gamma",0.166666666666667
"K15579",0,-1,-1,"zero",0
"K15580",797.743391427899,9.30764997548987,0.0116674736205961,"gamma_mle",1
"K15581",528.241280118473,8.59247473194812,0.0162661932252266,"gamma_mle",1
"K15582",515.920133892578,9.06273091673174,0.0175661508853204,"gamma_mle",1
"K15583",553.148809070501,10.4461117221373,0.0188848128222327,"gamma_mle",1
"K15584",98.683990689839,1.50009298884,0.0152009761497663,"gamma_mle",1
"K15585",29.5121950229766,1.73718051346414,0.051316584952117,"zero_inflated_gamma",0.871794871794872
"K15586",28.1254867158874,1.16117368214045,0.0367864042646722,"zero_inflated_gamma",0.891025641025641
"K15587",39.4631743595786,1.64301591365199,0.0381646419805074,"zero_inflated_gamma",0.916666666666667
"K15598",68.376607400781,1.42912878282643,0.0203649246137611,"zero_inflated_gamma",0.974358974358974
"K15599",82.0673365315648,1.62005600176355,0.0192344015414136,"zero_inflated_gamma",0.974358974358974
"K15600",22.9895904450476,1.64365958539211,0.0623296879057714,"zero_inflated_gamma",0.871794871794872
"K15601",0,-1,-1,"zero",0
"K15617",0,-1,-1,"zero",0
"K15619",0,-1,-1,"zero",0
"K15628",0.188305345460647,-1,-1,"mean_only",0.00641025641025641
"K15629",0.281573828224962,-1,-1,"mean_only",0.00641025641025641
"K15631",0.431015108889934,1.29870614154478,0.0965747974626417,"zero_inflated_gamma",0.032051282051282
"K15632",1.3929189760414,1.1661118279928,0.123429105947957,"zero_inflated_gamma",0.147435897435897
"K15633",636.144502545408,24.880851445168,0.039111949165028,"gamma_mle",1
"K15634",331.399404066536,5.78854675467182,0.0174669799753461,"gamma_mle",1
"K15635",160.028754322898,3.56154903271065,0.0222556817853143,"gamma_mle",1
"K15637",0,-1,-1,"zero",0
"K15640",88.2445191275034,1.98030618243994,0.022009563771693,"zero_inflated_gamma",0.980769230769231
"K15641",0.325637313514166,12.561269306478,0.989087598394093,"zero_inflated_gamma",0.0256410256410256
"K15642",0,-1,-1,"zero",0
"K15643",0.209436259019882,11.3096621110148,0.692314066191224,"zero_inflated_gamma",0.0128205128205128
"K15644",0,-1,-1,"zero",0
"K15646",0,-1,-1,"zero",0
"K15652",5.15425612517208,1.51318698238692,0.118561190605681,"zero_inflated_gamma",0.403846153846154
"K15653",0,-1,-1,"zero",0
"K15654",25.7169928678647,0.98201259836699,0.0347584675707976,"zero_inflated_gamma",0.91025641025641
"K15655",5.89329885213908,1.75164132171412,0.146707678082922,"zero_inflated_gamma",0.493589743589744
"K15656",1.39520696000847,2.19634341519739,0.131183848116702,"zero_inflated_gamma",0.0833333333333333
"K15657",0.271024188735856,4.9525146478029,0.234273471427366,"zero_inflated_gamma",0.0128205128205128
"K15658",0,-1,-1,"zero",0
"K15659",0.0880636426325872,2.57963404341029,0.375549208925579,"zero_inflated_gamma",0.0128205128205128
"K15660",1.21087586375473,2.15498697783683,0.148307727925316,"zero_inflated_gamma",0.0833333333333333
"K15661",3.68216927612504,0.914376378283708,0.0557140454514074,"zero_inflated_gamma",0.224358974358974
"K15662",3.29591586875198,1.73149514427543,0.134704019033377,"zero_inflated_gamma",0.256410256410256
"K15663",4.52911919608208,1.15689696270767,0.121168031334602,"zero_inflated_gamma",0.474358974358974
"K15664",23.9641358997348,1.44369950704912,0.0552238236476397,"zero_inflated_gamma",0.916666666666667
"K15665",2.68574687431066,1.28009465622635,0.0794375342709161,"zero_inflated_gamma",0.166666666666667
"K15666",1.72410303659341,2.29516393387024,0.29013813342475,"zero_inflated_gamma",0.217948717948718
"K15667",5.05073309363833,2.29418464977769,0.206731997618555,"zero_inflated_gamma",0.455128205128205
"K15668",2.07437728933328,1.77267145278962,0.224594832714445,"zero_inflated_gamma",0.262820512820513
"K15669",5.13546127882843,1.52445264406331,0.0894350467754907,"zero_inflated_gamma",0.301282051282051
"K15673",0,-1,-1,"zero",0
"K15675",0.472055736126614,4.56207853751669,0.247802036506687,"zero_inflated_gamma",0.0256410256410256
"K15677",0,-1,-1,"zero",0
"K15680",1.49005858084052,2.04381861954211,0.202228446748994,"zero_inflated_gamma",0.147435897435897
"K15707",0.684022578705333,1.15897506502262,0.0434449246043912,"zero_inflated_gamma",0.0256410256410256
"K15710",0.200285439167971,4.44170410615145,0.284318843518534,"zero_inflated_gamma",0.0128205128205128
"K15711",0.383361693242023,1.86459397603916,0.218247362443677,"zero_inflated_gamma",0.0448717948717949
"K15721",5.11802871553006,0.843410527256301,0.0591561263529762,"zero_inflated_gamma",0.358974358974359
"K15722",2.73121219950088,1.05940148226825,0.0298374552251323,"zero_inflated_gamma",0.0769230769230769
"K15723",2.21459846404188,0.902977523320457,0.0392056452975551,"zero_inflated_gamma",0.0961538461538462
"K15724",4.80670999691662,1.13572508195949,0.0514967255594901,"zero_inflated_gamma",0.217948717948718
"K15725",22.967401867309,1.00892323137738,0.0337911444163774,"zero_inflated_gamma",0.769230769230769
"K15726",85.7119428185261,0.970001452650071,0.011099358470673,"zero_inflated_gamma",0.980769230769231
"K15727",59.49453319161,1.13461045207165,0.0178483459886367,"zero_inflated_gamma",0.935897435897436
"K15728",0,-1,-1,"zero",0
"K15731",0,-1,-1,"zero",0
"K15733",0,-1,-1,"zero",0
"K15734",7.47729549004614,1.12963736060923,0.034863614137358,"zero_inflated_gamma",0.230769230769231
"K15735",2.28369483300484,0.987050252082365,0.0637242058907718,"zero_inflated_gamma",0.147435897435897
"K15736",2.55817698020803,0.657986095985915,0.0494632657038877,"zero_inflated_gamma",0.192307692307692
"K15737",2.11866494266878,0.85936256837713,0.0702026196529408,"zero_inflated_gamma",0.173076923076923
"K15738",439.966215890879,9.55602058865119,0.0217198963090868,"gamma_mle",1
"K15739",1.3142182576817,1.7335122821852,0.126831195893649,"zero_inflated_gamma",0.0961538461538462
"K15741",0,-1,-1,"zero",0
"K15742",0,-1,-1,"zero",0
"K15743",0,-1,-1,"zero",0
"K15746",0,-1,-1,"zero",0
"K15756",0,-1,-1,"zero",0
"K15765",0,-1,-1,"zero",0
"K15770",303.395589916936,6.78267132584545,0.0223558665691298,"gamma_mle",1
"K15771",170.100929099673,2.69695817273126,0.0158550466890803,"gamma_mle",1
"K15772",205.05198825603,3.09155137320163,0.0150769148814177,"gamma_mle",1
"K15773",460.025743659051,6.33305313879734,0.0137667363752823,"gamma_mle",1
"K15777",5.79326140749242,0.852409092901576,0.0377277009793923,"zero_inflated_gamma",0.256410256410256
"K15778",14.7884473541824,1.8567964448245,0.0981921905258421,"zero_inflated_gamma",0.782051282051282
"K15780",0.452336299847987,2.43095633829015,0.0689003003111391,"zero_inflated_gamma",0.0128205128205128
"K15781",2.13932923790388,1.19712282683428,0.0860890130078072,"zero_inflated_gamma",0.153846153846154
"K15783",0.132591920690132,1.30074017029043,0.188655793760655,"zero_inflated_gamma",0.0192307692307692
"K15784",0.330958486945874,5.66122637541973,0.328952851439178,"zero_inflated_gamma",0.0192307692307692
"K15785",0,-1,-1,"zero",0
"K15789",1.17825081730855,2.07416113849379,0.101559991172979,"zero_inflated_gamma",0.0576923076923077
"K15792",1.61096447291113,1.26857239592277,0.186769699378476,"zero_inflated_gamma",0.237179487179487
"K15827",5.19671828018695,0.618323069650035,0.0228814178898936,"zero_inflated_gamma",0.192307692307692
"K15828",5.19005887746869,0.543413631148828,0.0288603837015104,"zero_inflated_gamma",0.275641025641026
"K15829",7.40558731681097,1.16351782961485,0.0775496179591324,"zero_inflated_gamma",0.493589743589744
"K15830",35.0940905428744,0.960398121489513,0.024384143843094,"zero_inflated_gamma",0.891025641025641
"K15831",4.03342501940312,0.666909279760473,0.029677424278919,"zero_inflated_gamma",0.179487179487179
"K15832",21.0458881075775,1.24240069847501,0.0385984622783003,"zero_inflated_gamma",0.653846153846154
"K15833",4.11327943562053,0.899897308596706,0.0378655181819967,"zero_inflated_gamma",0.173076923076923
"K15834",5.02892676922543,0.828220550529866,0.0306156927245888,"zero_inflated_gamma",0.185897435897436
"K15835",46.1457058711206,1.43286088355031,0.028861316478034,"zero_inflated_gamma",0.92948717948718
"K15836",14.0409601312404,0.947436359019521,0.0532027099460851,"zero_inflated_gamma",0.788461538461538
"K15837",0,-1,-1,"zero",0
"K15855",17.2723266228565,1.94924247590623,0.075235665252987,"zero_inflated_gamma",0.666666666666667
"K15856",6.77909817949245,1.43125333218114,0.081202843839048,"zero_inflated_gamma",0.384615384615385
"K15861",16.6005438512282,1.35237011261248,0.0548324875628131,"zero_inflated_gamma",0.673076923076923
"K15864",0.611992372747102,-1,-1,"mean_only",0.00641025641025641
"K15865",0.858409653717359,1.05364675318713,0.0629456653896161,"zero_inflated_gamma",0.0512820512820513
"K15866",18.2857214071131,1.37448593291398,0.0563753776366998,"zero_inflated_gamma",0.75
"K15868",6.01277899085585,1.22452992338474,0.126631367605218,"zero_inflated_gamma",0.621794871794872
"K15869",1.00209670143263,1.75335641752235,0.100943529491083,"zero_inflated_gamma",0.0576923076923077
"K15870",11.5179618400403,1.51240687945955,0.0959562487931359,"zero_inflated_gamma",0.730769230769231
"K15871",8.45251319210981,1.11136443111594,0.064898814366991,"zero_inflated_gamma",0.493589743589744
"K15872",3.18011382734256,1.69725255811333,0.130005823025318,"zero_inflated_gamma",0.243589743589744
"K15874",5.51423217131216,1.40002216877876,0.0748657359615419,"zero_inflated_gamma",0.294871794871795
"K15876",28.1194120949329,1.81570512628919,0.0521536886543065,"zero_inflated_gamma",0.807692307692308
"K15878",0,-1,-1,"zero",0
"K15879",0,-1,-1,"zero",0
"K15888",0.421645887400588,5.56264205467093,0.338274015750464,"zero_inflated_gamma",0.0256410256410256
"K15889",22.2127784274733,1.13814675657593,0.0275898963086446,"zero_inflated_gamma",0.538461538461538
"K15890",0,-1,-1,"zero",0
"K15891",0.270103353716616,0.893808231807338,0.0636371951918916,"zero_inflated_gamma",0.0192307692307692
"K15894",22.8303395371841,1.36298149019955,0.0486022875038085,"zero_inflated_gamma",0.814102564102564
"K15895",9.32836582755545,1.84980414992206,0.0877091035984412,"zero_inflated_gamma",0.442307692307692
"K15896",3.28997401795259,2.09244924603328,0.146771038402078,"zero_inflated_gamma",0.230769230769231
"K15897",1.47324819496808,2.40408517095814,0.219668926825792,"zero_inflated_gamma",0.134615384615385
"K15898",13.8101294387055,1.37543782053771,0.0606515940917607,"zero_inflated_gamma",0.608974358974359
"K15899",11.4342163737275,1.54286353406013,0.0683319164472591,"zero_inflated_gamma",0.506410256410256
"K15904",0,-1,-1,"zero",0
"K15910",2.94489402669483,2.0213813087004,0.158400473997237,"zero_inflated_gamma",0.230769230769231
"K15912",9.80832807479187,2.68714502419987,0.152788538293436,"zero_inflated_gamma",0.557692307692308
"K15913",19.1455693088518,1.85264782111191,0.0806386668035056,"zero_inflated_gamma",0.833333333333333
"K15914",16.1621020063345,1.84896853400907,0.0946012312431562,"zero_inflated_gamma",0.826923076923077
"K15915",44.487857502005,1.6388708917322,0.0332964371699807,"zero_inflated_gamma",0.903846153846154
"K15916",0.0832825102388699,-1,-1,"mean_only",0.00641025641025641
"K15918",0,-1,-1,"zero",0
"K15919",4.2669859748985,1.51034423279205,0.158828402526575,"zero_inflated_gamma",0.448717948717949
"K15920",0,-1,-1,"zero",0
"K15921",401.420498659763,4.62270712759345,0.0115158721167142,"gamma_mle",1
"K15922",8.52269066178871,0.948604996414259,0.0627865696448356,"zero_inflated_gamma",0.564102564102564
"K15923",569.93277906066,5.03492976617378,0.00883425195243577,"gamma_mle",1
"K15924",10.9785995932341,1.72282201243971,0.0995873239353838,"zero_inflated_gamma",0.634615384615385
"K15971",49.6941254556748,1.83358231729213,0.034532149897501,"zero_inflated_gamma",0.935897435897436
"K15973",234.149500320363,4.71387240092569,0.0201318917805768,"gamma_mle",1
"K15974",65.2983709440396,1.79355873888962,0.0253542723672355,"zero_inflated_gamma",0.923076923076923
"K15975",4.60218786011089,1.42435862311167,0.0575345083432734,"zero_inflated_gamma",0.185897435897436
"K15976",0.783228318616476,0.691660321164276,0.0396257889488296,"zero_inflated_gamma",0.0448717948717949
"K15977",100.278779758884,1.51920597813317,0.0146642538169074,"zero_inflated_gamma",0.967948717948718
"K15979",0,-1,-1,"zero",0
"K15980",0.764221463403045,6.40175521521761,0.375883510988476,"zero_inflated_gamma",0.0448717948717949
"K15981",0,-1,-1,"zero",0
"K15982",0,-1,-1,"zero",0
"K15983",2.92558866361815,1.45209610073963,0.0699971209159594,"zero_inflated_gamma",0.141025641025641
"K15984",64.3432054267101,1.60535065392973,0.0238302658147146,"zero_inflated_gamma",0.955128205128205
"K15986",365.412790177088,11.5173611995574,0.0315187686615343,"gamma_mle",1
"K15987",288.858104183816,4.21221916098924,0.0145823125610101,"gamma_mle",1
"K16011",12.2123976969045,1.49324858295024,0.0877858658320312,"zero_inflated_gamma",0.717948717948718
"K16012",19.4120810611656,0.990014211201431,0.0375960808227767,"zero_inflated_gamma",0.737179487179487
"K16013",18.7928505526436,0.970365411201533,0.0403810753330142,"zero_inflated_gamma",0.782051282051282
"K16014",10.8884274214332,1.37011282423862,0.0774350896363538,"zero_inflated_gamma",0.615384615384615
"K16015",16.4055712496971,1.34056801411593,0.0680951607694793,"zero_inflated_gamma",0.833333333333333
"K16017",0,-1,-1,"zero",0
"K16025",0.929997930095197,1.48564839774019,0.061441344266388,"zero_inflated_gamma",0.0384615384615385
"K16027",5.6086000636077,1.10705241816511,0.0404891903408378,"zero_inflated_gamma",0.205128205128205
"K16028",17.9399730758266,1.33974912647371,0.0512225122473773,"zero_inflated_gamma",0.685897435897436
"K16036",0.560675849788243,4.51025437675543,0.360962950856224,"zero_inflated_gamma",0.0448717948717949
"K16042",0.0100944233486178,-1,-1,"mean_only",0.00641025641025641
"K16043",7.10499055161086,1.16150002398766,0.0796424684782979,"zero_inflated_gamma",0.487179487179487
"K16044",108.775573039116,3.06089082939016,0.0279591239959391,"zero_inflated_gamma",0.993589743589744
"K16047",0,-1,-1,"zero",0
"K16048",1.22802170694527,1.78221783212174,0.13024413579586,"zero_inflated_gamma",0.0897435897435897
"K16050",16.3954268886428,0.931831672866653,0.0386185537865794,"zero_inflated_gamma",0.67948717948718
"K16051",5.18801450240696,1.3727442041041,0.115338089057852,"zero_inflated_gamma",0.435897435897436
"K16052",220.750804363381,4.65042148969909,0.0210663852533193,"gamma_mle",1
"K16053",182.948758113982,2.36508051445451,0.0127618191753058,"zero_inflated_gamma",0.987179487179487
"K16055",31.4853997593038,1.49456798119101,0.0438171731645053,"zero_inflated_gamma",0.923076923076923
"K16061",6.93410736155127,3.71221430995804,0.0205906061177546,"zero_inflated_gamma",0.0384615384615385
"K16066",123.330429239624,3.04414395060347,0.0242081596503919,"zero_inflated_gamma",0.980769230769231
"K16068",0.256182853708089,-1,-1,"mean_only",0.00641025641025641
"K16073",0,-1,-1,"zero",0
"K16074",2.00885051124216,0.814550134967059,0.046786235963643,"zero_inflated_gamma",0.115384615384615
"K16075",0.220317254188957,-1,-1,"mean_only",0.00641025641025641
"K16076",2.81249456369967,0.683062746042014,0.0373641882443039,"zero_inflated_gamma",0.153846153846154
"K16077",2.89667726617913,0.729091954660714,0.020974950712592,"zero_inflated_gamma",0.0833333333333333
"K16079",0,-1,-1,"zero",0
"K16080",0.0977719469185263,-1,-1,"mean_only",0.00641025641025641
"K16081",0,-1,-1,"zero",0
"K16087",29.2733429005962,0.667720600544578,0.0185695584837485,"zero_inflated_gamma",0.814102564102564
"K16088",4.47707621732643,0.469711713983677,0.0275737708170428,"zero_inflated_gamma",0.262820512820513
"K16089",424.184433672937,2.16427364696561,0.005102199598004,"gamma_mle",1
"K16090",3.68485631094841,0.533941412221813,0.0380831011942844,"zero_inflated_gamma",0.262820512820513
"K16091",5.10169744777677,0.708856568633654,0.0498777779228989,"zero_inflated_gamma",0.358974358974359
"K16092",57.069793451055,1.52310440678249,0.0260041320967281,"zero_inflated_gamma",0.974358974358974
"K16093",9.0845766485644,1.9361134981823,0.12841902684357,"zero_inflated_gamma",0.602564102564103
"K16094",1.14459892456942,1.30117901107605,0.167604993421534,"zero_inflated_gamma",0.147435897435897
"K16095",3.11585519248602,1.53790680050808,0.0537869693533351,"zero_inflated_gamma",0.108974358974359
"K16098",0.261708070724323,0.864988963151771,0.0635609100303841,"zero_inflated_gamma",0.0192307692307692
"K16119",7.35656202875641,1.1066955571743,0.128256772773176,"zero_inflated_gamma",0.852564102564103
"K16120",13.9416412111727,0.93170720171574,0.0634019576195322,"zero_inflated_gamma",0.948717948717949
"K16121",1.99312551947483,1.8465554580223,0.166288087573335,"zero_inflated_gamma",0.179487179487179
"K16122",1.59134043768004,2.60895396609333,0.483433287123259,"zero_inflated_gamma",0.294871794871795
"K16123",14.4762450292212,0.998849448072741,0.0464417749056331,"zero_inflated_gamma",0.673076923076923
"K16124",2.44333367978855,1.46876990713845,0.131016291745377,"zero_inflated_gamma",0.217948717948718
"K16125",0.512615482904334,231.376195432578,5.78671846409767,"zero_inflated_gamma",0.0128205128205128
"K16126",0.584867194432148,1.93065916966119,0.296245517112644,"zero_inflated_gamma",0.0897435897435897
"K16127",0,-1,-1,"zero",0
"K16128",0,-1,-1,"zero",0
"K16129",0,-1,-1,"zero",0
"K16130",0.102294151751847,-1,-1,"mean_only",0.00641025641025641
"K16131",0.223961787292815,4.65642752006509,0.399830186035704,"zero_inflated_gamma",0.0192307692307692
"K16132",8.33686059034741,1.34871395437579,0.0995551993562631,"zero_inflated_gamma",0.615384615384615
"K16135",25.2162375485781,1.24214250178371,0.0410496906801546,"zero_inflated_gamma",0.833333333333333
"K16136",13.1266646893843,1.00992331685144,0.0507980023560621,"zero_inflated_gamma",0.66025641025641
"K16137",179.335217903552,4.44944203328151,0.0248107543253131,"gamma_mle",1
"K16138",0.965155775665362,2.09568305399241,0.23662057792154,"zero_inflated_gamma",0.108974358974359
"K16139",12.09636106889,1.48611282067156,0.0882044433240624,"zero_inflated_gamma",0.717948717948718
"K16140",3.35367050667495,0.904632801646403,0.0432282196785598,"zero_inflated_gamma",0.16025641025641
"K16146",0.582158623852584,0.94992622183178,0.0418392541364105,"zero_inflated_gamma",0.0256410256410256
"K16147",88.0729856466789,1.02531808930801,0.0113431817322242,"zero_inflated_gamma",0.974358974358974
"K16148",114.573205372873,3.09491335798965,0.0270125405666832,"gamma_mle",1
"K16149",19.7108355326376,1.06917850218616,0.0438118034284153,"zero_inflated_gamma",0.807692307692308
"K16150",32.3151600037193,2.48018076292711,0.0713379176116149,"zero_inflated_gamma",0.92948717948718
"K16152",0.146851727054799,-1,-1,"mean_only",0.00641025641025641
"K16153",128.145222295235,1.9933590520469,0.0152563255118378,"zero_inflated_gamma",0.980769230769231
"K16161",0,-1,-1,"zero",0
"K16163",0.133800663302572,1.07352807706388,0.102863320221772,"zero_inflated_gamma",0.0128205128205128
"K16164",71.3716071951917,2.21640635262144,0.0304572537870355,"zero_inflated_gamma",0.980769230769231
"K16165",35.1380188953979,1.31868653702433,0.0315145418312807,"zero_inflated_gamma",0.83974358974359
"K16167",0,-1,-1,"zero",0
"K16168",0,-1,-1,"zero",0
"K16169",9.93688721506844,1.1330557172644,0.0402011981686457,"zero_inflated_gamma",0.352564102564103
"K16171",0,-1,-1,"zero",0
"K16173",0.785028182040852,5.40661545465739,0.662227016218229,"zero_inflated_gamma",0.0961538461538462
"K16176",5.10300636259885,1.64421843242515,0.130121587714361,"zero_inflated_gamma",0.403846153846154
"K16178",1.8628351681582,2.16131490054761,0.0743736371990236,"zero_inflated_gamma",0.0641025641025641
"K16179",0.493456693271462,3.11569950618411,0.283321780877607,"zero_inflated_gamma",0.0448717948717949
"K16180",2.12221111032785,3.62291518498245,0.656592980085605,"zero_inflated_gamma",0.384615384615385
"K16181",1.7288043489247,1.63148021818746,0.320617510169627,"zero_inflated_gamma",0.33974358974359
"K16182",3.40892760899699,1.46600547534429,0.148863071317122,"zero_inflated_gamma",0.346153846153846
"K16183",5.88604743671177,1.63802863962834,0.123089845149577,"zero_inflated_gamma",0.442307692307692
"K16185",0,-1,-1,"zero",0
"K16190",0,-1,-1,"zero",0
"K16191",7.42357773357007,1.25393790757073,0.0378971208963299,"zero_inflated_gamma",0.224358974358974
"K16199",3.54739676516207,1.01933421145611,0.114202056870473,"zero_inflated_gamma",0.397435897435897
"K16200",0.103243737015819,-1,-1,"mean_only",0.00641025641025641
"K16201",3.45751556446589,2.56850456959172,0.119050605666194,"zero_inflated_gamma",0.16025641025641
"K16202",0.798675780499275,1.56317746012142,0.150554734405708,"zero_inflated_gamma",0.0769230769230769
"K16203",38.9594624926645,1.70625645392283,0.0412690134491424,"zero_inflated_gamma",0.942307692307692
"K16209",190.483255431226,1.75372834600965,0.00920673232951355,"gamma_mle",1
"K16210",45.668484168829,0.998890915880156,0.0185076296212396,"zero_inflated_gamma",0.846153846153846
"K16211",116.910227783114,1.74675958856582,0.0147494814402826,"zero_inflated_gamma",0.987179487179487
"K16212",154.640718511554,4.36500144613098,0.028045787095241,"zero_inflated_gamma",0.993589743589744
"K16213",126.957770894413,2.78925511394725,0.0218291110024144,"zero_inflated_gamma",0.993589743589744
"K16214",17.3465948603588,1.20911619143941,0.0536179801002787,"zero_inflated_gamma",0.769230769230769
"K16216",1.68762518665079,2.15297865636667,0.228979793371212,"zero_inflated_gamma",0.179487179487179
"K16228",2.15166163021335,2.31432380907132,0.131002369359401,"zero_inflated_gamma",0.121794871794872
"K16229",0.522113805999209,1.87101491751013,0.252685406015487,"zero_inflated_gamma",0.0705128205128205
"K16233",0,-1,-1,"zero",0
"K16234",1.0228323361846,3.16262591941235,0.0991034520319328,"zero_inflated_gamma",0.032051282051282
"K16235",97.4481251016583,1.01464194337343,0.0100784018906546,"zero_inflated_gamma",0.967948717948718
"K16237",1.11468049580107,1.16706026827074,0.120806635347388,"zero_inflated_gamma",0.115384615384615
"K16238",16.8178797770319,1.33794107401186,0.0627258067944432,"zero_inflated_gamma",0.788461538461538
"K16246",0.192264760358636,5.50651765551161,0.550774723879575,"zero_inflated_gamma",0.0192307692307692
"K16248",80.1936474409726,1.8861871032618,0.0221634589927265,"zero_inflated_gamma",0.942307692307692
"K16250",0.454262379771045,-1,-1,"mean_only",0.00641025641025641
"K16254",0,-1,-1,"zero",0
"K16261",0.138048885851854,42.0822562588598,3.90815255446389,"zero_inflated_gamma",0.0128205128205128
"K16262",0.217779509019129,22.4233976801136,1.32004823930475,"zero_inflated_gamma",0.0128205128205128
"K16263",3.83700265781367,0.688493574554231,0.0391076851574367,"zero_inflated_gamma",0.217948717948718
"K16264",257.183705965118,8.30727773674532,0.0323009488706569,"gamma_mle",1
"K16267",0.877535710253625,2.03976524877385,0.223502327744448,"zero_inflated_gamma",0.0961538461538462
"K16288",0,-1,-1,"zero",0
"K16290",0,-1,-1,"zero",0
"K16291",16.7817139918369,1.5498858411507,0.0668986325720674,"zero_inflated_gamma",0.724358974358974
"K16292",0.481677541900922,1.4094726882764,0.0937876540750535,"zero_inflated_gamma",0.032051282051282
"K16293",0,-1,-1,"zero",0
"K16294",20.2278172619348,0.996881269150029,0.0356983595574621,"zero_inflated_gamma",0.724358974358974
"K16297",0,-1,-1,"zero",0
"K16299",1.92807345565176,2.09766851558536,0.265016114583139,"zero_inflated_gamma",0.243589743589744
"K16300",1.57432926731905,1.65526363979255,0.161755199417162,"zero_inflated_gamma",0.153846153846154
"K16301",6.01118576608924,0.704328895029833,0.0337989549065959,"zero_inflated_gamma",0.288461538461538
"K16302",0.0794904273057962,-1,-1,"mean_only",0.00641025641025641
"K16306",0,-1,-1,"zero",0
"K16307",0,-1,-1,"zero",0
"K16308",0.308153506263703,64.2606608513523,2.67352020844563,"zero_inflated_gamma",0.0128205128205128
"K16310",0.103572797826035,-1,-1,"mean_only",0.00641025641025641
"K16317",0,-1,-1,"zero",0
"K16318",4.12975034828546,1.62312720694772,0.166283093786282,"zero_inflated_gamma",0.423076923076923
"K16319",0,-1,-1,"zero",0
"K16321",5.04614907012486,0.755584636938273,0.0460722775656406,"zero_inflated_gamma",0.307692307692308
"K16322",6.53588300711032,0.58658422158207,0.0327926387238392,"zero_inflated_gamma",0.365384615384615
"K16323",0.380370662474878,1.39720841621277,0.141280047439258,"zero_inflated_gamma",0.0384615384615385
"K16324",1.4767760335597,0.648736834707718,0.0506876117011123,"zero_inflated_gamma",0.115384615384615
"K16325",1.95727673796495,0.707333947766711,0.0532813849738445,"zero_inflated_gamma",0.147435897435897
"K16326",4.31466803176959,1.36800282401548,0.101621362377415,"zero_inflated_gamma",0.320512820512821
"K16327",34.4308405826363,1.77211126602515,0.0422307439651103,"zero_inflated_gamma",0.82051282051282
"K16328",260.089828607049,5.10836919216533,0.0196407880289821,"gamma_mle",1
"K16329",85.339361917087,1.62219984706172,0.0186432574654408,"zero_inflated_gamma",0.980769230769231
"K16331",0.11141410469333,-1,-1,"mean_only",0.00641025641025641
"K16339",0,-1,-1,"zero",0
"K16343",0,-1,-1,"zero",0
"K16345",36.5751097378599,1.32822036326392,0.0325902681425047,"zero_inflated_gamma",0.897435897435897
"K16346",0.639590737267889,1.52708684452436,0.290797435940005,"zero_inflated_gamma",0.121794871794872
"K16347",15.6830728420627,0.86177958917259,0.0119762089040859,"zero_inflated_gamma",0.217948717948718
"K16348",6.74002874484639,0.838635626880359,0.0143568600251765,"zero_inflated_gamma",0.115384615384615
"K16363",132.848265731444,1.79334223498168,0.0133261104924422,"zero_inflated_gamma",0.987179487179487
"K16365",4.47310811869824,2.77583983042225,0.202875958802303,"zero_inflated_gamma",0.326923076923077
"K16370",4.87946831235198,1.20920373453467,0.0683078844374004,"zero_inflated_gamma",0.275641025641026
"K16371",50.3779793087123,1.13782064530696,0.0208483149720479,"zero_inflated_gamma",0.923076923076923
"K16382",0.309870367962663,3.40380229561797,0.352070538854487,"zero_inflated_gamma",0.032051282051282
"K16384",0,-1,-1,"zero",0
"K16385",0,-1,-1,"zero",0
"K16387",0.303270168933868,9.72251990406113,1.02753010225091,"zero_inflated_gamma",0.032051282051282
"K16394",0.612980548984885,1.98208597051761,0.12436622322745,"zero_inflated_gamma",0.0384615384615385
"K16395",0.583376883790099,1.50983492415982,0.0829517698588381,"zero_inflated_gamma",0.032051282051282
"K16396",0,-1,-1,"zero",0
"K16416",4.61958815302088,1.83253109174189,0.228857950316108,"zero_inflated_gamma",0.576923076923077
"K16417",1.05303596273991,1.66557750271387,0.141946628015234,"zero_inflated_gamma",0.0897435897435897
"K16420",0,-1,-1,"zero",0
"K16422",105.469588715471,3.10841630136563,0.0290943090581367,"zero_inflated_gamma",0.987179487179487
"K16423",0,-1,-1,"zero",0
"K16428",0,-1,-1,"zero",0
"K16429",0.481514230614398,1.89001467410275,0.20128964686567,"zero_inflated_gamma",0.0512820512820513
"K16432",0,-1,-1,"zero",0
"K16435",0.607829774644342,0.990818437294851,0.0626958451594702,"zero_inflated_gamma",0.0384615384615385
"K16436",3.53140823024872,2.10120507689254,0.282245897445398,"zero_inflated_gamma",0.474358974358974
"K16437",0,-1,-1,"zero",0
"K16451",0,-1,-1,"zero",0
"K16455",0,-1,-1,"zero",0
"K16463",1.10581790302252,4.61767604641875,0.107071833060892,"zero_inflated_gamma",0.0256410256410256
"K16464",0.66762804299684,-1,-1,"mean_only",0.00641025641025641
"K16465",0,-1,-1,"zero",0
"K16473",0,-1,-1,"zero",0
"K16474",0.299161844714591,7.17321109930433,0.461109495517113,"zero_inflated_gamma",0.0192307692307692
"K16481",0,-1,-1,"zero",0
"K16490",0,-1,-1,"zero",0
"K16509",4.86357087518101,1.39049994987036,0.0531482694362488,"zero_inflated_gamma",0.185897435897436
"K16511",79.0373200977682,1.7523067284953,0.0217442661270927,"zero_inflated_gamma",0.980769230769231
"K16514",3.82277911857973,1.11058743232343,0.0595935050296825,"zero_inflated_gamma",0.205128205128205
"K16515",0.126044556452891,16.43021543802,1.67118512369593,"zero_inflated_gamma",0.0128205128205128
"K16516",2.86345060332482,1.08363177003614,0.0824795632003035,"zero_inflated_gamma",0.217948717948718
"K16517",0,-1,-1,"zero",0
"K16529",0,-1,-1,"zero",0
"K16531",0,-1,-1,"zero",0
"K16552",0.0292295368068899,-1,-1,"mean_only",0.00641025641025641
"K16553",0.398848891065792,0.912846975372013,0.0880270694973005,"zero_inflated_gamma",0.0384615384615385
"K16554",355.419077685252,7.66223545523814,0.0215583122468839,"gamma_mle",1
"K16555",40.574414446898,1.88965561292822,0.0444827953401199,"zero_inflated_gamma",0.955128205128205
"K16556",8.1539876544059,1.12709106857141,0.06379650054058,"zero_inflated_gamma",0.461538461538462
"K16557",2.27731643736825,2.18972839619017,0.234221019884068,"zero_inflated_gamma",0.243589743589744
"K16559",3.36732730095283,2.22293853322128,0.169269033968341,"zero_inflated_gamma",0.256410256410256
"K16560",4.24644320442572,1.76690177920654,0.165369030149316,"zero_inflated_gamma",0.397435897435897
"K16561",0.330207077474914,2.6666437120735,0.207068486598234,"zero_inflated_gamma",0.0256410256410256
"K16563",0,-1,-1,"zero",0
"K16564",0,-1,-1,"zero",0
"K16566",29.5780380500415,1.2029987542151,0.032068328768494,"zero_inflated_gamma",0.788461538461538
"K16567",0.636460096075458,1.91430245275823,0.154242751677656,"zero_inflated_gamma",0.0512820512820513
"K16568",30.9177840253606,1.04535880231134,0.0283925055076048,"zero_inflated_gamma",0.83974358974359
"K16570",0,-1,-1,"zero",0
"K16578",0,-1,-1,"zero",0
"K16593",0.0300267059925324,-1,-1,"mean_only",0.00641025641025641
"K16600",0,-1,-1,"zero",0
"K16628",4.11097117887186,1.7892566335977,0.0334799539263935,"zero_inflated_gamma",0.0769230769230769
"K16636",0,-1,-1,"zero",0
"K16637",0,-1,-1,"zero",0
"K16638",0,-1,-1,"zero",0
"K16643",0.61710841584234,1.0916252231981,0.0453573304460715,"zero_inflated_gamma",0.0256410256410256
"K16645",0,-1,-1,"zero",0
"K16647",0,-1,-1,"zero",0
"K16648",0.205903975877529,-1,-1,"mean_only",0.00641025641025641
"K16649",46.6229431800323,1.67574708974493,0.0338689337335779,"zero_inflated_gamma",0.942307692307692
"K16650",58.2703476729167,1.04958432120754,0.0165112960455887,"zero_inflated_gamma",0.916666666666667
"K16651",2.65670949808207,1.36965966926993,0.109058103446314,"zero_inflated_gamma",0.211538461538462
"K16652",2.17049411779866,1.97077998202855,0.174612843813872,"zero_inflated_gamma",0.192307692307692
"K16653",0,-1,-1,"zero",0
"K16668",0,-1,-1,"zero",0
"K16692",188.261240350981,2.69184979789226,0.0142984811577453,"gamma_mle",1
"K16693",3.98999809939337,0.630422390890411,0.0354488692750529,"zero_inflated_gamma",0.224358974358974
"K16694",1.61572441279639,1.72306844681917,0.191411786028328,"zero_inflated_gamma",0.179487179487179
"K16695",6.13597587796053,1.11949885607725,0.0725115354741919,"zero_inflated_gamma",0.397435897435897
"K16697",26.5733727013867,1.20040259863537,0.0414087086766998,"zero_inflated_gamma",0.916666666666667
"K16698",180.550653423263,4.31388227823677,0.023892919778716,"gamma_mle",1
"K16699",0.323565062882677,14.4330390235251,1.14375118371269,"zero_inflated_gamma",0.0256410256410256
"K16700",0,-1,-1,"zero",0
"K16701",56.6780451700634,1.35476642369843,0.0222173862603944,"zero_inflated_gamma",0.92948717948718
"K16702",24.0254799150299,1.51995227723584,0.0506924516330872,"zero_inflated_gamma",0.801282051282051
"K16703",56.9800199913462,1.96999229643415,0.0339085144141485,"zero_inflated_gamma",0.980769230769231
"K16704",5.77489784776205,0.521537676150682,0.0162096939125703,"zero_inflated_gamma",0.179487179487179
"K16705",0.238180815339413,-1,-1,"mean_only",0.00641025641025641
"K16707",1.97314013768656,1.89884398175352,0.209742128044206,"zero_inflated_gamma",0.217948717948718
"K16710",11.5421986289206,0.789777391944671,0.0328967366973546,"zero_inflated_gamma",0.480769230769231
"K16711",1.80383652758444,0.863499237874516,0.0889893800050836,"zero_inflated_gamma",0.185897435897436
"K16738",0.182080375362774,-1,-1,"mean_only",0.00641025641025641
"K16770",0,-1,-1,"zero",0
"K16783",0,-1,-1,"zero",0
"K16784",61.4137332646686,1.36912129539073,0.0198639964551578,"zero_inflated_gamma",0.891025641025641
"K16785",1570.93633029431,19.6413866872241,0.0125029807436845,"gamma_mle",1
"K16786",1872.88164273215,22.0041323013999,0.0117488109228838,"gamma_mle",1
"K16787",1858.26962397989,23.61116147997,0.0127059933474033,"gamma_mle",1
"K16788",68.0026434817053,1.73145746524791,0.0241558958684349,"zero_inflated_gamma",0.948717948717949
"K16789",296.761044077756,8.20445259317048,0.0276466630539984,"gamma_mle",1
"K16792",0.88795915196188,2.46829520162072,0.071275373889152,"zero_inflated_gamma",0.0256410256410256
"K16793",1.37562299460082,1.38702775072335,0.0969510203577759,"zero_inflated_gamma",0.0961538461538462
"K16795",14.3409470272462,1.20986760956695,0.0681406018526343,"zero_inflated_gamma",0.807692307692308
"K16800",0,-1,-1,"zero",0
"K16808",0,-1,-1,"zero",0
"K16818",0,-1,-1,"zero",0
"K16838",0,-1,-1,"zero",0
"K16839",0,-1,-1,"zero",0
"K16840",0,-1,-1,"zero",0
"K16841",13.82750255737,1.40946768481407,0.0640343275270395,"zero_inflated_gamma",0.628205128205128
"K16842",0.434393032878954,1.01256281924817,0.0448265981145346,"zero_inflated_gamma",0.0192307692307692
"K16843",7.38514963428362,1.22993106087096,0.10462198303892,"zero_inflated_gamma",0.628205128205128
"K16844",4.43888351948457,2.20687706587333,0.184845034155951,"zero_inflated_gamma",0.371794871794872
"K16845",5.78737362185048,1.6348850551702,0.0688120825453596,"zero_inflated_gamma",0.243589743589744
"K16846",9.1217904123357,1.41323396130909,0.0824304118998479,"zero_inflated_gamma",0.532051282051282
"K16847",0,-1,-1,"zero",0
"K16849",63.0034135314005,1.27624657817462,0.018309016867277,"zero_inflated_gamma",0.903846153846154
"K16850",58.5351058267303,1.55723395510376,0.0260918149323204,"zero_inflated_gamma",0.980769230769231
"K16855",3.23206919244329,1.81773099249225,0.136996023294166,"zero_inflated_gamma",0.243589743589744
"K16856",2.2404339257642,1.5650232544251,0.111944836148838,"zero_inflated_gamma",0.16025641025641
"K16860",0.282208345493064,2659.24287278463,120.807403068917,"zero_inflated_gamma",0.0128205128205128
"K16862",0.271428071173214,39.390680493804,1.86056188697323,"zero_inflated_gamma",0.0128205128205128
"K16868",63.218339131677,1.69461773847905,0.0252593053285346,"zero_inflated_gamma",0.942307692307692
"K16869",1.32527483584524,3.41788166161187,0.148788368377829,"zero_inflated_gamma",0.0576923076923077
"K16870",0.912041101148018,0.995112451926486,0.0559529693638443,"zero_inflated_gamma",0.0512820512820513
"K16872",0.333814021498419,-1,-1,"mean_only",0.00641025641025641
"K16874",5.36855827436543,1.72420652574417,0.109114604811641,"zero_inflated_gamma",0.33974358974359
"K16875",1.97355426722212,2.41367875196347,0.188155552029709,"zero_inflated_gamma",0.153846153846154
"K16876",0,-1,-1,"zero",0
"K16877",0.716302879323395,2.89042420496565,0.232799905469717,"zero_inflated_gamma",0.0576923076923077
"K16878",0,-1,-1,"zero",0
"K16880",0,-1,-1,"zero",0
"K16881",15.2955720743611,1.61857540554215,0.0678332482003181,"zero_inflated_gamma",0.641025641025641
"K16885",2.50466927880812,1.05865431730734,0.0487698804234536,"zero_inflated_gamma",0.115384615384615
"K16886",3.44460567233028,1.16377715094855,0.0628063728905733,"zero_inflated_gamma",0.185897435897436
"K16887",1.41147105847294,1.89812356657921,0.172408193382116,"zero_inflated_gamma",0.128205128205128
"K16898",560.747168706077,12.4109796386568,0.0221329332206796,"gamma_mle",1
"K16899",399.306049356362,9.93836831184999,0.0248891002975526,"gamma_mle",1
"K16904",25.4651427812708,1.65962517686384,0.045119373025287,"zero_inflated_gamma",0.692307692307692
"K16905",0.0786943212618372,-1,-1,"mean_only",0.00641025641025641
"K16906",0,-1,-1,"zero",0
"K16907",0.636757860855784,1.75814839052173,0.0530979639986406,"zero_inflated_gamma",0.0192307692307692
"K16911",3.9380256212626,2.18054500691796,0.156176108009816,"zero_inflated_gamma",0.282051282051282
"K16912",0,-1,-1,"zero",0
"K16914",0.750865990667707,1.72922519439588,0.0442879702567003,"zero_inflated_gamma",0.0192307692307692
"K16915",6.71992506591263,2.09066502231137,0.151568522482538,"zero_inflated_gamma",0.487179487179487
"K16917",0.232551601799821,8.07567674380646,0.667815119915254,"zero_inflated_gamma",0.0192307692307692
"K16918",7.03951193292982,1.07663421685658,0.0774511947721749,"zero_inflated_gamma",0.506410256410256
"K16920",0.484522490861935,4.21412292940486,0.223012215377417,"zero_inflated_gamma",0.0256410256410256
"K16922",3.80489480499571,1.05384611968615,0.0852218947270429,"zero_inflated_gamma",0.307692307692308
"K16923",79.3539783884182,2.33283490063841,0.0286440411343839,"zero_inflated_gamma",0.974358974358974
"K16924",85.263505595358,1.79243120064333,0.0204832233213144,"zero_inflated_gamma",0.974358974358974
"K16925",156.057376478999,1.14293808391934,0.00713604191182415,"zero_inflated_gamma",0.974358974358974
"K16926",568.795193925711,5.00164397201816,0.00879340055160771,"gamma_mle",1
"K16927",135.281652206044,4.10887482965213,0.0303727428121147,"gamma_mle",1
"K16928",1.36016253631783,1.68787012635103,0.111365752338522,"zero_inflated_gamma",0.0897435897435897
"K16929",4.7941425434348,2.20621945328371,0.123897475954876,"zero_inflated_gamma",0.269230769230769
"K16936",4.03045402877022,0.876911430185124,0.0529981557673008,"zero_inflated_gamma",0.243589743589744
"K16937",6.84927613810756,1.00208982793137,0.057209376499223,"zero_inflated_gamma",0.391025641025641
"K16938",2.64296803823501,1.0429976292071,0.0252968713271763,"zero_inflated_gamma",0.0641025641025641
"K16945",0.189928667404273,-1,-1,"mean_only",0.00641025641025641
"K16950",21.3242861298622,1.77064732733668,0.0638725440724707,"zero_inflated_gamma",0.769230769230769
"K16951",23.7506124749076,1.99807151121926,0.0701059644016271,"zero_inflated_gamma",0.833333333333333
"K16954",0.231605833276744,-1,-1,"mean_only",0.00641025641025641
"K16955",0.266850199210161,-1,-1,"mean_only",0.00641025641025641
"K16957",18.8444110430206,1.4672036178227,0.0444194553154087,"zero_inflated_gamma",0.57051282051282
"K16958",17.9086183921523,1.38114750714769,0.0469652878517344,"zero_inflated_gamma",0.608974358974359
"K16959",19.7149896204922,1.08534248220653,0.0338779314029672,"zero_inflated_gamma",0.615384615384615
"K16960",140.007248204272,3.21508229971091,0.022816481566218,"zero_inflated_gamma",0.993589743589744
"K16961",7.29259663912417,1.66843821194861,0.0923940248128578,"zero_inflated_gamma",0.403846153846154
"K16962",7.7953569746406,1.45683238913639,0.0670867895754613,"zero_inflated_gamma",0.358974358974359
"K16963",5.02543187706088,1.70644694715389,0.137130907991465,"zero_inflated_gamma",0.403846153846154
"K16964",0,-1,-1,"zero",0
"K17043",0,-1,-1,"zero",0
"K17050",1.62433987517615,1.41572555532413,0.12291368758913,"zero_inflated_gamma",0.141025641025641
"K17053",0,-1,-1,"zero",0
"K17060",1.29711240020909,1.89677629290606,0.159353946970116,"zero_inflated_gamma",0.108974358974359
"K17061",0,-1,-1,"zero",0
"K17064",91.8672419783284,2.88543158739906,0.0314087102786838,"gamma_mle",1
"K17069",0,-1,-1,"zero",0
"K17073",144.661288260095,3.24981016248619,0.0221769484304999,"zero_inflated_gamma",0.987179487179487
"K17074",149.996106940888,3.15042134772147,0.0208687172148796,"zero_inflated_gamma",0.993589743589744
"K17076",115.613499893936,3.05615935385324,0.0262648271313488,"zero_inflated_gamma",0.993589743589744
"K17080",4.80550175703987,1.91113177844944,0.142762887159366,"zero_inflated_gamma",0.358974358974359
"K17081",11.4861650706334,1.39107309462348,0.0830680616969003,"zero_inflated_gamma",0.685897435897436
"K17082",0,-1,-1,"zero",0
"K17086",0,-1,-1,"zero",0
"K17100",0.126422032792531,-1,-1,"mean_only",0.00641025641025641
"K17103",197.785345387357,4.04236488098002,0.0204381415269325,"gamma_mle",1
"K17104",0,-1,-1,"zero",0
"K17105",0.911262753453698,1.42309603803914,0.0500536780729644,"zero_inflated_gamma",0.032051282051282
"K17108",7.48968013118163,1.10501545146067,0.0841725508808359,"zero_inflated_gamma",0.57051282051282
"K17195",42.2363252904721,1.0964377324693,0.0203017314709537,"zero_inflated_gamma",0.782051282051282
"K17202",7.08122522503108,1.13790179474695,0.0896171294759036,"zero_inflated_gamma",0.557692307692308
"K17203",7.22024188550326,0.923351466997367,0.0623023302143638,"zero_inflated_gamma",0.487179487179487
"K17204",6.68048137448875,1.17687764054917,0.111798029907615,"zero_inflated_gamma",0.634615384615385
"K17205",0,-1,-1,"zero",0
"K17206",6.94266161655511,1.70484907044773,0.12435476515916,"zero_inflated_gamma",0.506410256410256
"K17207",0.292929100372939,-1,-1,"mean_only",0.00641025641025641
"K17208",0,-1,-1,"zero",0
"K17209",0.818802905236274,5.61962860314674,0.659925484745077,"zero_inflated_gamma",0.0961538461538462
"K17210",0,-1,-1,"zero",0
"K17213",93.1850537341944,2.27866093614095,0.0241395722195105,"zero_inflated_gamma",0.987179487179487
"K17214",10.1435995970634,1.58756475274598,0.0872838721696184,"zero_inflated_gamma",0.557692307692308
"K17215",11.0801505286145,1.35798621051191,0.0777786311711933,"zero_inflated_gamma",0.634615384615385
"K17216",0,-1,-1,"zero",0
"K17217",2.55335688815613,0.889558035262813,0.0156327796830997,"zero_inflated_gamma",0.0448717948717949
"K17218",7.07612625841555,0.789839779441519,0.054379151056646,"zero_inflated_gamma",0.487179487179487
"K17219",0,-1,-1,"zero",0
"K17224",0.912464473374852,4.7265900950409,0.498079465110473,"zero_inflated_gamma",0.0961538461538462
"K17225",0.267723205080846,1.44430173151868,0.103745333879627,"zero_inflated_gamma",0.0192307692307692
"K17226",0,-1,-1,"zero",0
"K17227",0,-1,-1,"zero",0
"K17228",0,-1,-1,"zero",0
"K17229",0.448659599686,1.78304738912637,0.0764262547637734,"zero_inflated_gamma",0.0192307692307692
"K17230",0.076254223265241,-1,-1,"mean_only",0.00641025641025641
"K17231",8.13017627021545,1.23344507473342,0.0602957837470816,"zero_inflated_gamma",0.397435897435897
"K17234",13.3215828297459,1.43383897880852,0.0752049544614091,"zero_inflated_gamma",0.698717948717949
"K17235",11.05976360173,1.32148932760065,0.0666365447978547,"zero_inflated_gamma",0.557692307692308
"K17236",7.9429082574596,1.95655451604107,0.131058713624853,"zero_inflated_gamma",0.532051282051282
"K17237",1.53661342123846,5.1556917787409,0.322618289842966,"zero_inflated_gamma",0.0961538461538462
"K17238",0.933537553473882,3.27830951073662,0.427707792876965,"zero_inflated_gamma",0.121794871794872
"K17239",0.670242444787131,2.45771640423424,0.329081356161708,"zero_inflated_gamma",0.0897435897435897
"K17240",0,-1,-1,"zero",0
"K17241",7.09017376168555,1.05808306799992,0.0784426288791917,"zero_inflated_gamma",0.525641025641026
"K17242",9.8407038102576,1.20712567152461,0.0747008137011443,"zero_inflated_gamma",0.608974358974359
"K17243",7.6421715320757,1.02788607499982,0.067250916227513,"zero_inflated_gamma",0.5
"K17244",1.67677159922249,0.937394483854151,0.0358363595963301,"zero_inflated_gamma",0.0641025641025641
"K17245",2.04772253885553,2.91566218426084,0.100400108107277,"zero_inflated_gamma",0.0705128205128205
"K17246",0.337112290179265,-1,-1,"mean_only",0.00641025641025641
"K17247",3.27607205460704,0.829632026594884,0.0454533081030202,"zero_inflated_gamma",0.179487179487179
"K17248",13.3642740703057,1.31365698983982,0.0674210927013162,"zero_inflated_gamma",0.685897435897436
"K17249",16.5832808981611,0.895116922473552,0.0342546793677169,"zero_inflated_gamma",0.634615384615385
"K17250",4.04577499849446,2.21809755610576,0.200322243012736,"zero_inflated_gamma",0.365384615384615
"K17255",0,-1,-1,"zero",0
"K17260",0,-1,-1,"zero",0
"K17261",0,-1,-1,"zero",0
"K17263",0,-1,-1,"zero",0
"K17266",0.484227169754134,0.518171424372481,0.0205788433745794,"zero_inflated_gamma",0.0192307692307692
"K17274",0,-1,-1,"zero",0
"K17275",0.310305991815432,-1,-1,"mean_only",0.00641025641025641
"K17276",0,-1,-1,"zero",0
"K17277",22.7415340136949,1.35326034096279,0.0450110357938507,"zero_inflated_gamma",0.756410256410256
"K17278",1.11073951480186,2.04171379966934,0.0471322350481934,"zero_inflated_gamma",0.0256410256410256
"K17285",0,-1,-1,"zero",0
"K17286",230.66778015425,5.80532245992563,0.0251674614289155,"gamma_mle",1
"K17290",4.61262735375364,0.730588801297673,0.0314747099247101,"zero_inflated_gamma",0.198717948717949
"K17292",0,-1,-1,"zero",0
"K17299",0,-1,-1,"zero",0
"K17301",0.289399834103385,-1,-1,"mean_only",0.00641025641025641
"K17311",0,-1,-1,"zero",0
"K17312",0,-1,-1,"zero",0
"K17313",0,-1,-1,"zero",0
"K17314",0,-1,-1,"zero",0
"K17315",3.57512619378991,1.23120681532853,0.117001358968272,"zero_inflated_gamma",0.33974358974359
"K17316",4.43226691406875,0.967495805178042,0.0685637663653088,"zero_inflated_gamma",0.314102564102564
"K17317",3.7066200034739,1.20999692791584,0.104628887723771,"zero_inflated_gamma",0.320512820512821
"K17318",769.173748456047,5.47505791467766,0.00711810293274786,"gamma_mle",1
"K17319",638.532109747875,4.37734741143055,0.00685532856469654,"gamma_mle",1
"K17320",716.161979172198,4.9980091336103,0.00697888086629149,"gamma_mle",1
"K17321",0,-1,-1,"zero",0
"K17323",0.0838911242708115,-1,-1,"mean_only",0.00641025641025641
"K17324",0,-1,-1,"zero",0
"K17325",0,-1,-1,"zero",0
"K17326",6.94287220496131,1.36679534370879,0.0984315498945874,"zero_inflated_gamma",0.5
"K17327",4.21196802438703,1.113789866122,0.0813644767023748,"zero_inflated_gamma",0.307692307692308
"K17328",3.78928255635419,1.32440459131795,0.0851378512977968,"zero_inflated_gamma",0.243589743589744
"K17329",8.49177454708849,0.945514971209529,0.0628098893463356,"zero_inflated_gamma",0.564102564102564
"K17330",1.27493423143308,2.12852291951088,0.0856161979357031,"zero_inflated_gamma",0.0512820512820513
"K17331",21.4394337260879,1.20618863977563,0.0396707133909089,"zero_inflated_gamma",0.705128205128205
"K17336",0,-1,-1,"zero",0
"K17340",0,-1,-1,"zero",0
"K17360",15.7934831065589,1.91769387818347,0.0762786220413997,"zero_inflated_gamma",0.628205128205128
"K17361",5.50740058872872,2.07055894347138,0.127729791377504,"zero_inflated_gamma",0.33974358974359
"K17362",4.3817977242226,1.56665895581082,0.0848006665552514,"zero_inflated_gamma",0.237179487179487
"K17363",27.4872271644802,2.10725817105151,0.0702745792402088,"zero_inflated_gamma",0.916666666666667
"K17382",20.097206835989,1.48508446800287,0.0601581644243715,"zero_inflated_gamma",0.814102564102564
"K17398",13.4875735839573,0.959909147280747,0.0351287284496682,"zero_inflated_gamma",0.493589743589744
"K17402",0,-1,-1,"zero",0
"K17408",0,-1,-1,"zero",0
"K17450",0,-1,-1,"zero",0
"K17462",83.7979869776541,2.17176211022538,0.0255843736057746,"zero_inflated_gamma",0.987179487179487
"K17463",2.58152288288134,1.1015271465008,0.0355580535364504,"zero_inflated_gamma",0.0833333333333333
"K17464",1.3413498225247,2.14363724487038,0.0819548437518308,"zero_inflated_gamma",0.0512820512820513
"K17465",4.56232108780553,1.67946510310739,0.0967485346094197,"zero_inflated_gamma",0.262820512820513
"K17466",6.02196069286141,1.45702153404934,0.0961601528975062,"zero_inflated_gamma",0.397435897435897
"K17467",8.6572813952009,1.36865743265103,0.0597916639363982,"zero_inflated_gamma",0.378205128205128
"K17468",0.891158988167885,2.65267526817455,0.0572434173966085,"zero_inflated_gamma",0.0192307692307692
"K17469",1.66106057749041,2.43686192591964,0.338550417580149,"zero_inflated_gamma",0.230769230769231
"K17470",0.55336747132282,2.10565339484592,0.195136561096704,"zero_inflated_gamma",0.0512820512820513
"K17471",3.06428379064857,1.99789776326986,0.183896030536513,"zero_inflated_gamma",0.282051282051282
"K17472",165.085062933871,3.43413182678848,0.0206688485353696,"zero_inflated_gamma",0.993589743589744
"K17473",2.13558928872366,1.15098590558451,0.0863709471004774,"zero_inflated_gamma",0.16025641025641
"K17474",0,-1,-1,"zero",0
"K17487",4.11134976474272,2.42311177488083,0.306019741154822,"zero_inflated_gamma",0.519230769230769
"K17488",0,-1,-1,"zero",0
"K17489",55.6200103927461,2.25043517240852,0.038904702789339,"zero_inflated_gamma",0.961538461538462
"K17490",76.861531207791,2.25893683065216,0.028070925034344,"zero_inflated_gamma",0.955128205128205
"K17491",20.2673752231704,1.4714621499717,0.0525902738773502,"zero_inflated_gamma",0.724358974358974
"K17495",0,-1,-1,"zero",0
"K17496",0,-1,-1,"zero",0
"K17497",2.22286168748546,1.11911245929361,0.0225909623592904,"zero_inflated_gamma",0.0448717948717949
"K17498",0,-1,-1,"zero",0
"K17508",0,-1,-1,"zero",0
"K17527",0,-1,-1,"zero",0
"K17530",0,-1,-1,"zero",0
"K17531",0,-1,-1,"zero",0
"K17533",0,-1,-1,"zero",0
"K17535",0,-1,-1,"zero",0
"K17541",0,-1,-1,"zero",0
"K17566",0.297967459020837,5.03796349410692,0.325149308809036,"zero_inflated_gamma",0.0192307692307692
"K17582",0.211435854622326,3.1407006700127,0.19043786720665,"zero_inflated_gamma",0.0128205128205128
"K17592",1.98207702857279,1.8379352805071,0.142658065175081,"zero_inflated_gamma",0.153846153846154
"K17598",0,-1,-1,"zero",0
"K17601",0,-1,-1,"zero",0
"K17605",0,-1,-1,"zero",0
"K17608",0.188305345460647,-1,-1,"mean_only",0.00641025641025641
"K17609",24.1283561165015,0.714134635107677,0.0140397535343165,"zero_inflated_gamma",0.474358974358974
"K17623",128.847092728646,3.44270421691376,0.0265480231466503,"zero_inflated_gamma",0.993589743589744
"K17624",58.0769887832221,1.10608641333677,0.0185568371541081,"zero_inflated_gamma",0.974358974358974
"K17637",0,-1,-1,"zero",0
"K17640",0,-1,-1,"zero",0
"K17641",0,-1,-1,"zero",0
"K17647",0.811874014873049,1.10651587899845,0.043683197001381,"zero_inflated_gamma",0.032051282051282
"K17662",0,-1,-1,"zero",0
"K17669",0.211843513643228,-1,-1,"mean_only",0.00641025641025641
"K17675",24.2353593125728,1.35780106646758,0.0502794038622981,"zero_inflated_gamma",0.897435897435897
"K17677",151.6227418593,2.86106622359895,0.0188696378162974,"gamma_mle",1
"K17680",76.4454583630445,1.43721989962743,0.0184390424962806,"zero_inflated_gamma",0.980769230769231
"K17681",0,-1,-1,"zero",0
"K17686",427.719813473917,5.42737392880602,0.0126890870093793,"gamma_mle",1
"K17713",9.69013431920064,0.978743430405553,0.055681755094321,"zero_inflated_gamma",0.551282051282051
"K17716",159.775732198332,2.89979872116979,0.0181491812384262,"gamma_mle",1
"K17717",0.904789220901191,1.86424224295672,0.237740314780789,"zero_inflated_gamma",0.115384615384615
"K17722",8.13167718248573,1.26761452027446,0.0889349538914821,"zero_inflated_gamma",0.57051282051282
"K17723",26.0726042883896,1.40693230266819,0.0491193412493445,"zero_inflated_gamma",0.91025641025641
"K17724",6.78296206484651,1.45923357736613,0.129630943321061,"zero_inflated_gamma",0.602564102564103
"K17725",6.22295636232143,2.47025821786657,0.173033388068131,"zero_inflated_gamma",0.435897435897436
"K17732",135.084947870305,1.86943192723253,0.0138389358452237,"gamma_mle",1
"K17733",62.7742984745873,2.39214442116567,0.0376185152256474,"zero_inflated_gamma",0.987179487179487
"K17734",194.653631248347,3.07164721283692,0.015780066331863,"gamma_mle",1
"K17735",6.85812249255931,1.59480675277889,0.107327429034304,"zero_inflated_gamma",0.461538461538462
"K17736",6.62987010536525,1.86339878933307,0.122513826276529,"zero_inflated_gamma",0.435897435897436
"K17737",40.45273484079,2.38797494939565,0.0575176148570783,"zero_inflated_gamma",0.974358974358974
"K17738",0,-1,-1,"zero",0
"K17739",0,-1,-1,"zero",0
"K17742",29.9226446950721,1.58781680434101,0.0431995816182664,"zero_inflated_gamma",0.814102564102564
"K17743",1.40001616362052,3.16380099974427,0.173833212784679,"zero_inflated_gamma",0.0769230769230769
"K17744",36.7131797962491,0.888083315424925,0.0196929524556738,"zero_inflated_gamma",0.814102564102564
"K17745",0.213842761487673,3.9264573010975,0.353104279642534,"zero_inflated_gamma",0.0192307692307692
"K17752",49.001880153687,1.91588630800372,0.0353387760890921,"zero_inflated_gamma",0.903846153846154
"K17753",0,-1,-1,"zero",0
"K17754",6.96589610366654,1.21574465339492,0.0783138937069478,"zero_inflated_gamma",0.448717948717949
"K17755",0,-1,-1,"zero",0
"K17756",0.229269949680496,2.20197690184515,0.184698037007816,"zero_inflated_gamma",0.0192307692307692
"K17758",683.208857854709,21.0466384226506,0.0308055701864544,"gamma_mle",1
"K17759",670.458365980511,18.9234842248076,0.0282246969908906,"gamma_mle",1
"K17760",0.517906289705656,1.07204109278154,0.132689222426065,"zero_inflated_gamma",0.0641025641025641
"K17763",0,-1,-1,"zero",0
"K17767",0,-1,-1,"zero",0
"K17768",0.0536973245009623,205.187631581816,48.9896039654302,"zero_inflated_gamma",0.0128205128205128
"K17770",0,-1,-1,"zero",0
"K17774",0,-1,-1,"zero",0
"K17788",0,-1,-1,"zero",0
"K17792",4.68344711288463,2.27295348948021,0.205326150898702,"zero_inflated_gamma",0.423076923076923
"K17800",0.130544490383592,-1,-1,"mean_only",0.00641025641025641
"K17803",0,-1,-1,"zero",0
"K17804",0.238609943368783,5.20168632948184,0.419229928144727,"zero_inflated_gamma",0.0192307692307692
"K17810",157.799804335238,2.62655330633194,0.0165381474150559,"zero_inflated_gamma",0.993589743589744
"K17816",0.223838504863414,7.9837365704956,0.685911459604056,"zero_inflated_gamma",0.0192307692307692
"K17818",8.78735668566553,2.26641263505835,0.117385506423866,"zero_inflated_gamma",0.455128205128205
"K17822",0,-1,-1,"zero",0
"K17828",689.838624448513,24.1574460362493,0.0350189815126136,"gamma_mle",1
"K17829",0.166818048778507,2.10139028122122,0.161498718145711,"zero_inflated_gamma",0.0128205128205128
"K17830",6.5556155834108,1.16724344459582,0.0981571222862213,"zero_inflated_gamma",0.551282051282051
"K17836",399.029168763616,6.91706542816523,0.0173347363291702,"gamma_mle",1
"K17837",28.8752354859679,1.66152681968955,0.0520087403691799,"zero_inflated_gamma",0.903846153846154
"K17838",0.539047899481732,2.56869406177483,0.274917847415412,"zero_inflated_gamma",0.0576923076923077
"K17839",0,-1,-1,"zero",0
"K17850",9.32894256001877,1.47085346751167,0.0879289007619493,"zero_inflated_gamma",0.557692307692308
"K17865",28.4345826070839,1.12215423403772,0.0298512900164345,"zero_inflated_gamma",0.756410256410256
"K17866",0.307951105520269,-1,-1,"mean_only",0.00641025641025641
"K17867",0,-1,-1,"zero",0
"K17869",36.6577939077803,1.233274908245,0.0304080159667118,"zero_inflated_gamma",0.903846153846154
"K17870",12.0233777784912,1.94580278172058,0.105815161796472,"zero_inflated_gamma",0.653846153846154
"K17877",0,-1,-1,"zero",0
"K17879",11.6140347871189,1.43554013931366,0.0689329511882213,"zero_inflated_gamma",0.557692307692308
"K17883",0.402726188757299,2.05806535576508,0.131034206444123,"zero_inflated_gamma",0.0256410256410256
"K17884",7.33515144165493,1.25557259557877,0.0724189261343083,"zero_inflated_gamma",0.423076923076923
"K17898",8.2815968411172,1.12928936892222,0.0777958738392345,"zero_inflated_gamma",0.57051282051282
"K17899",5.90397325822954,2.32750189100184,0.11119205044142,"zero_inflated_gamma",0.282051282051282
"K17910",0.734345996964584,1.4107912102369,0.123150850366665,"zero_inflated_gamma",0.0641025641025641
"K17917",0,-1,-1,"zero",0
"K17919",0,-1,-1,"zero",0
"K17938",4.38282091506433,0.676433678411102,0.0356163490725334,"zero_inflated_gamma",0.230769230769231
"K17940",0,-1,-1,"zero",0
"K17947",8.15672899762683,1.38057032442517,0.0813727822868492,"zero_inflated_gamma",0.480769230769231
"K17948",13.5591965535393,1.05336227636032,0.0552767098407781,"zero_inflated_gamma",0.711538461538462
"K17950",4.80983418116182,1.21409891495458,0.0792858065159446,"zero_inflated_gamma",0.314102564102564
"K17961",0,-1,-1,"zero",0
"K17972",9.2342493533195,1.64821351070016,0.0846679400290699,"zero_inflated_gamma",0.474358974358974
"K17973",0,-1,-1,"zero",0
"K17974",0,-1,-1,"zero",0
"K17979",0,-1,-1,"zero",0
"K17986",0.506476446411395,-1,-1,"mean_only",0.00641025641025641
"K17987",0,-1,-1,"zero",0
"K17989",0,-1,-1,"zero",0
"K17991",0,-1,-1,"zero",0
"K17992",65.1089988016793,1.76276501448898,0.0244707860327186,"zero_inflated_gamma",0.903846153846154
"K17993",2.54731158572091,1.59970357528876,0.140896722427695,"zero_inflated_gamma",0.224358974358974
"K17994",0,-1,-1,"zero",0
"K17995",49.6043113791355,3.15932148691927,0.0624656449879038,"zero_inflated_gamma",0.980769230769231
"K17996",40.5062903783131,2.61577947565499,0.0641631616775959,"zero_inflated_gamma",0.993589743589744
"K17997",11.2563900420523,2.08006542607223,0.0722575278190048,"zero_inflated_gamma",0.391025641025641
"K17999",0,-1,-1,"zero",0
"K18000",0,-1,-1,"zero",0
"K18003",0,-1,-1,"zero",0
"K18004",0,-1,-1,"zero",0
"K18006",0,-1,-1,"zero",0
"K18007",0,-1,-1,"zero",0
"K18008",3.78987952421815,1.30299310564317,0.130030168880325,"zero_inflated_gamma",0.378205128205128
"K18009",34.6283973965975,1.76642130771829,0.0467598749526364,"zero_inflated_gamma",0.916666666666667
"K18011",39.9538573972045,1.56667750340161,0.0344363299906849,"zero_inflated_gamma",0.878205128205128
"K18012",45.6805479755277,1.70893306738122,0.0352522210524928,"zero_inflated_gamma",0.942307692307692
"K18013",79.9517034726259,2.13162734084931,0.0259778108449759,"zero_inflated_gamma",0.974358974358974
"K18014",46.1844604705479,2.01960322850746,0.0400849753489219,"zero_inflated_gamma",0.916666666666667
"K18015",0.87547560641934,0.773659869849889,0.0623123467298154,"zero_inflated_gamma",0.0705128205128205
"K18016",3.89972548766499,1.95853490481342,0.157749779422196,"zero_inflated_gamma",0.314102564102564
"K18017",0.285779248298041,0.911378126149099,0.0408858761446661,"zero_inflated_gamma",0.0128205128205128
"K18022",0,-1,-1,"zero",0
"K18023",20.3302483048385,1.7556396425256,0.0647670265581961,"zero_inflated_gamma",0.75
"K18028",0.956686582413626,3.54337274409109,0.4273611742414,"zero_inflated_gamma",0.115384615384615
"K18029",0.147758219197113,-1,-1,"mean_only",0.00641025641025641
"K18030",1.64740854141174,1.5815493268454,0.190773709208552,"zero_inflated_gamma",0.198717948717949
"K18059",1.62773468540805,2.99820220734723,0.271569216468292,"zero_inflated_gamma",0.147435897435897
"K18067",7.35646008527935,0.752441916260765,0.0327830611540185,"zero_inflated_gamma",0.320512820512821
"K18070",0,-1,-1,"zero",0
"K18072",1.84723087515276,2.12673954839713,0.0590416542141485,"zero_inflated_gamma",0.0512820512820513
"K18073",1.01646861559286,3.06142137410628,0.270291615122624,"zero_inflated_gamma",0.0897435897435897
"K18075",0,-1,-1,"zero",0
"K18076",0,-1,-1,"zero",0
"K18079",0,-1,-1,"zero",0
"K18081",0,-1,-1,"zero",0
"K18083",0,-1,-1,"zero",0
"K18092",0.0517418688336835,15.5435214578219,5.77702121950208,"zero_inflated_gamma",0.0192307692307692
"K18093",0,-1,-1,"zero",0
"K18094",9.8853545197838,0.664009947248319,0.0249738633767388,"zero_inflated_gamma",0.371794871794872
"K18095",9.3615646640191,0.493562635118214,0.0256851926037561,"zero_inflated_gamma",0.487179487179487
"K18097",9.72826296350059,2.75685885018576,0.118077727944564,"zero_inflated_gamma",0.416666666666667
"K18098",1.08921769420055,15.785864164671,0.650320007141485,"zero_inflated_gamma",0.0448717948717949
"K18101",0,-1,-1,"zero",0
"K18104",14.808681924481,1.05584674345602,0.0498180104421393,"zero_inflated_gamma",0.698717948717949
"K18106",0.669380013629812,3.54043827073591,0.339046829274665,"zero_inflated_gamma",0.0641025641025641
"K18107",0,-1,-1,"zero",0
"K18118",59.5692543072683,1.63440856188068,0.0269094795064905,"zero_inflated_gamma",0.980769230769231
"K18119",11.8989948304826,1.53246073792749,0.0866849656559256,"zero_inflated_gamma",0.673076923076923
"K18120",43.4933251225257,2.00634343799551,0.0440599839493743,"zero_inflated_gamma",0.955128205128205
"K18121",0.243957259907138,1.88081832629282,0.148261966918741,"zero_inflated_gamma",0.0192307692307692
"K18122",232.400631196218,5.65326292860954,0.0243255059141231,"gamma_mle",1
"K18123",0.0522253854639622,-1,-1,"mean_only",0.00641025641025641
"K18126",1.64307116736608,2.80146211649084,0.284169281295925,"zero_inflated_gamma",0.166666666666667
"K18129",0.218177342561823,1.23827208454239,0.145526413959877,"zero_inflated_gamma",0.0256410256410256
"K18130",1.39413715895559,3.52686978438842,0.275681895049471,"zero_inflated_gamma",0.108974358974359
"K18131",0.326566381413532,17.7969358749791,1.04802204484463,"zero_inflated_gamma",0.0192307692307692
"K18133",0.193260749288558,-1,-1,"mean_only",0.00641025641025641
"K18135",58.2604052844557,1.45243357109641,0.022213294731038,"zero_inflated_gamma",0.891025641025641
"K18136",5.27449851669352,1.86534782150314,0.129219753150243,"zero_inflated_gamma",0.365384615384615
"K18137",0,-1,-1,"zero",0
"K18138",322.096775850468,2.48706185724157,0.00772147392868093,"gamma_mle",1
"K18139",478.792184736754,2.54037736019272,0.00527179216871063,"zero_inflated_gamma",0.993589743589744
"K18140",5.97313237662674,0.754375027199678,0.0331928407084083,"zero_inflated_gamma",0.262820512820513
"K18141",3.09373405249228,0.654709212146179,0.0339141459220858,"zero_inflated_gamma",0.16025641025641
"K18142",4.991292414513,0.49629454890436,0.0318692539855922,"zero_inflated_gamma",0.320512820512821
"K18143",2.94407092390847,4.01397465070058,0.235974743750304,"zero_inflated_gamma",0.173076923076923
"K18144",5.74326084297365,2.25939689058676,0.123567843436346,"zero_inflated_gamma",0.314102564102564
"K18145",0,-1,-1,"zero",0
"K18146",0.340391048115173,-1,-1,"mean_only",0.00641025641025641
"K18148",2.8104864319651,1.14545244977758,0.0391888241764075,"zero_inflated_gamma",0.0961538461538462
"K18149",0.20456672652571,1.63812701948371,0.256659878314569,"zero_inflated_gamma",0.032051282051282
"K18151",0.407111291470101,2.85956030905338,0.135077423685045,"zero_inflated_gamma",0.0192307692307692
"K18152",0,-1,-1,"zero",0
"K18162",5.51480737653355,1.4417102223179,0.112278818595901,"zero_inflated_gamma",0.429487179487179
"K18164",0,-1,-1,"zero",0
"K18166",0.664347459685406,3.53630126535391,0.40945919231302,"zero_inflated_gamma",0.0769230769230769
"K18176",0,-1,-1,"zero",0
"K18180",0,-1,-1,"zero",0
"K18182",0,-1,-1,"zero",0
"K18189",239.714669092922,9.10899712400444,0.0379993312819479,"gamma_mle",1
"K18195",1.75040415280693,1.41298797657084,0.0931425316594839,"zero_inflated_gamma",0.115384615384615
"K18197",89.7013896703644,0.991325758654405,0.0106263442334932,"zero_inflated_gamma",0.961538461538462
"K18198",25.0698439695661,1.00292817698542,0.0317991336976677,"zero_inflated_gamma",0.794871794871795
"K18199",1.07161696477351,1.15017153352445,0.0412809503098592,"zero_inflated_gamma",0.0384615384615385
"K18200",0.266860319672831,4.25041892676286,0.510496937217202,"zero_inflated_gamma",0.032051282051282
"K18203",0,-1,-1,"zero",0
"K18204",0.608893628714637,1.38684464970371,0.0584012010410401,"zero_inflated_gamma",0.0256410256410256
"K18205",46.2574056876783,1.10710871632015,0.0220926031665598,"zero_inflated_gamma",0.923076923076923
"K18206",66.5661100643202,0.87632144359479,0.0129115116883136,"zero_inflated_gamma",0.980769230769231
"K18209",5.33219866587478,2.46966927378753,0.198921937671492,"zero_inflated_gamma",0.429487179487179
"K18210",4.13924289884998,2.1366418701552,0.175372742480193,"zero_inflated_gamma",0.33974358974359
"K18214",24.2573491943078,1.2754538673869,0.0421314910788034,"zero_inflated_gamma",0.801282051282051
"K18216",1.78985069866209,1.13149125407345,0.0769951551433353,"zero_inflated_gamma",0.121794871794872
"K18217",1.55775984519427,1.21852459580753,0.0702000194420128,"zero_inflated_gamma",0.0897435897435897
"K18218",441.338820559012,11.518378447849,0.0260987203284305,"gamma_mle",1
"K18220",700.929328181621,9.88809857902096,0.0141071263270907,"gamma_mle",1
"K18221",22.654729555788,1.05539478860113,0.0304601218750732,"zero_inflated_gamma",0.653846153846154
"K18222",1.88130862058619,2.0397769038026,0.229356982363501,"zero_inflated_gamma",0.211538461538462
"K18230",4.89447320769687,1.38701729984847,0.11626026218808,"zero_inflated_gamma",0.41025641025641
"K18231",16.2304296958648,1.12518071888891,0.0435505597207718,"zero_inflated_gamma",0.628205128205128
"K18232",0.517397154489413,3.81866861235714,0.189244527060948,"zero_inflated_gamma",0.0256410256410256
"K18234",104.544473651521,1.95565878230469,0.0183467369682449,"zero_inflated_gamma",0.980769230769231
"K18236",0,-1,-1,"zero",0
"K18237",5.16737039988516,2.49845910582567,0.12397612138846,"zero_inflated_gamma",0.256410256410256
"K18240",7.62648491557694,1.21673804809736,0.0889748629167935,"zero_inflated_gamma",0.557692307692308
"K18244",15.9736226416873,1.60429423443843,0.0708188204643609,"zero_inflated_gamma",0.705128205128205
"K18258",0,-1,-1,"zero",0
"K18267",0,-1,-1,"zero",0
"K18268",1.6536267250462,2.35014945923502,0.337081661232185,"zero_inflated_gamma",0.237179487179487
"K18269",0,-1,-1,"zero",0
"K18277",0,-1,-1,"zero",0
"K18278",0,-1,-1,"zero",0
"K18281",0,-1,-1,"zero",0
"K18282",0,-1,-1,"zero",0
"K18284",0.316889868195221,6.96795124909493,0.704761474629225,"zero_inflated_gamma",0.032051282051282
"K18285",32.0962094347918,1.42617660501356,0.0390225397423855,"zero_inflated_gamma",0.878205128205128
"K18286",0,-1,-1,"zero",0
"K18288",33.7377012785061,1.71292647452151,0.045889967222037,"zero_inflated_gamma",0.903846153846154
"K18289",0.294365925377084,288.563241381992,12.567788649204,"zero_inflated_gamma",0.0128205128205128
"K18290",1.20090951995327,1.98849393341445,0.12737102109663,"zero_inflated_gamma",0.0769230769230769
"K18291",0,-1,-1,"zero",0
"K18292",0,-1,-1,"zero",0
"K18294",0.446266334158485,4.20807046654572,0.241782170137044,"zero_inflated_gamma",0.0256410256410256
"K18295",0,-1,-1,"zero",0
"K18296",0.663633725905205,10.3622343204991,1.20110675002759,"zero_inflated_gamma",0.0769230769230769
"K18297",8.43467359932164,0.755114858011932,0.0292678157494378,"zero_inflated_gamma",0.326923076923077
"K18298",9.99909429611311,1.26078746488731,0.0775939486302295,"zero_inflated_gamma",0.615384615384615
"K18299",0.455756868532215,5.93990840687281,0.417726408206627,"zero_inflated_gamma",0.032051282051282
"K18300",44.6875867635576,1.54559692068003,0.0325913295624991,"zero_inflated_gamma",0.942307692307692
"K18301",13.860478733465,1.97993044161009,0.0998098957019346,"zero_inflated_gamma",0.698717948717949
"K18302",51.586577706899,2.06766399746913,0.0385398401576667,"zero_inflated_gamma",0.961538461538462
"K18303",144.870370771013,2.33002470823399,0.0158773155915068,"zero_inflated_gamma",0.987179487179487
"K18305",0,-1,-1,"zero",0
"K18306",13.2769454392943,1.1990547322574,0.0463133531358993,"zero_inflated_gamma",0.512820512820513
"K18307",0.100364073416906,-1,-1,"mean_only",0.00641025641025641
"K18308",0.26451398015794,4.30305953139019,0.312842235351857,"zero_inflated_gamma",0.0192307692307692
"K18309",0,-1,-1,"zero",0
"K18310",0,-1,-1,"zero",0
"K18313",0,-1,-1,"zero",0
"K18320",16.9340735712413,0.668858827631741,0.0118999813458486,"zero_inflated_gamma",0.301282051282051
"K18323",0.213837087185209,6.42710859262543,0.385334598386177,"zero_inflated_gamma",0.0128205128205128
"K18324",5.47626332879742,0.50613460353102,0.0325851555260653,"zero_inflated_gamma",0.352564102564103
"K18325",10.2266585708122,1.04899285024043,0.050629646858009,"zero_inflated_gamma",0.493589743589744
"K18326",21.8339633490046,0.695282574792619,0.0234748059130466,"zero_inflated_gamma",0.737179487179487
"K18327",1.27177751093465,1.63692707487456,0.0742567781404851,"zero_inflated_gamma",0.0576923076923077
"K18330",89.1288293802865,2.52038217682603,0.0273716227820125,"zero_inflated_gamma",0.967948717948718
"K18331",141.65438326323,2.5331155519414,0.0178823661759497,"gamma_mle",1
"K18332",145.046585313821,2.69372860620185,0.018571472057572,"gamma_mle",1
"K18333",12.5237447359828,1.26330503316167,0.0581958385601702,"zero_inflated_gamma",0.576923076923077
"K18334",15.2693800536774,1.06554757466764,0.0254977405353259,"zero_inflated_gamma",0.365384615384615
"K18335",6.50222510658173,1.77850493440454,0.0841607724339112,"zero_inflated_gamma",0.307692307692308
"K18336",7.80187399347707,0.829934994631095,0.0347768885165003,"zero_inflated_gamma",0.326923076923077
"K18337",0.367230310530848,10.2180845877246,0.535090979834861,"zero_inflated_gamma",0.0192307692307692
"K18344",98.9066827771448,2.09009258910906,0.0207255813591055,"zero_inflated_gamma",0.980769230769231
"K18345",74.1718469902641,2.13047339065437,0.0285393528116254,"zero_inflated_gamma",0.993589743589744
"K18346",190.603469542439,4.81695869313477,0.0252721459095069,"gamma_mle",1
"K18347",0.138300253380625,7.6474756191295,1.0633880649854,"zero_inflated_gamma",0.0192307692307692
"K18348",36.8682820753408,1.79235094672152,0.047991715068646,"zero_inflated_gamma",0.987179487179487
"K18349",338.325561915239,5.10177168641667,0.0150794745083282,"gamma_mle",1
"K18350",199.488540860167,4.8307271519338,0.0242155621125122,"gamma_mle",1
"K18351",29.8551003835248,1.30885991571174,0.0404680730666924,"zero_inflated_gamma",0.923076923076923
"K18352",12.3759568241165,1.76607648332109,0.0686068353689917,"zero_inflated_gamma",0.480769230769231
"K18353",5.06352504866378,1.82259261667413,0.0738349565856188,"zero_inflated_gamma",0.205128205128205
"K18354",0.0547093792315697,-1,-1,"mean_only",0.00641025641025641
"K18355",2.76317904784129,1.53284803724397,0.135129158802071,"zero_inflated_gamma",0.243589743589744
"K18356",3.03934874606336,1.73844000115711,0.106329205917953,"zero_inflated_gamma",0.185897435897436
"K18359",8.7560240636955,1.49010365139954,0.106908198122436,"zero_inflated_gamma",0.628205128205128
"K18361",0.818337014631878,2.52959426422797,0.27740999833514,"zero_inflated_gamma",0.0897435897435897
"K18362",0,-1,-1,"zero",0
"K18364",0.393527400399169,8.05411454808361,0.262390569797291,"zero_inflated_gamma",0.0128205128205128
"K18365",0,-1,-1,"zero",0
"K18366",0.221757832257575,2.56758350487283,0.222660031261432,"zero_inflated_gamma",0.0192307692307692
"K18367",30.9731899075456,1.19015052402936,0.0322673020236819,"zero_inflated_gamma",0.83974358974359
"K18369",221.31817375775,4.12369392104386,0.0186324234066632,"gamma_mle",1
"K18372",24.9010240103047,1.69632539469661,0.0637558755289451,"zero_inflated_gamma",0.935897435897436
"K18377",0.770340828415853,1.12980031959313,0.0376057426730185,"zero_inflated_gamma",0.0256410256410256
"K18382",0,-1,-1,"zero",0
"K18383",0,-1,-1,"zero",0
"K18398",7.29246871835223,1.49095559490929,0.106157468798659,"zero_inflated_gamma",0.519230769230769
"K18399",0,-1,-1,"zero",0
"K18410",0,-1,-1,"zero",0
"K18416",2.0028484796108,2.50453627351694,0.264526126444673,"zero_inflated_gamma",0.211538461538462
"K18417",17.3600011329688,1.49341367558321,0.0650710453658419,"zero_inflated_gamma",0.756410256410256
"K18422",4.19376275953146,1.41576787609197,0.123349800773555,"zero_inflated_gamma",0.365384615384615
"K18423",0,-1,-1,"zero",0
"K18425",6.61426026023,1.47380454497175,0.0885575724163575,"zero_inflated_gamma",0.397435897435897
"K18427",4.46406460429329,1.05897640572455,0.0836361251944609,"zero_inflated_gamma",0.352564102564103
"K18428",3.35012415048766,3.04437606773704,0.145630656707169,"zero_inflated_gamma",0.16025641025641
"K18429",28.393035888101,1.56444497274094,0.0501547657863402,"zero_inflated_gamma",0.91025641025641
"K18430",55.7783245947981,1.58360034502464,0.0272990028027622,"zero_inflated_gamma",0.961538461538462
"K18431",69.879005201276,1.32570223558131,0.0184849493327192,"zero_inflated_gamma",0.974358974358974
"K18432",0,-1,-1,"zero",0
"K18434",0.934525111245063,4.01549573073934,0.302981617427475,"zero_inflated_gamma",0.0705128205128205
"K18438",0,-1,-1,"zero",0
"K18442",0,-1,-1,"zero",0
"K18443",0,-1,-1,"zero",0
"K18444",1.65456020977859,2.01117728362226,0.288300174232036,"zero_inflated_gamma",0.237179487179487
"K18445",25.2278289484284,1.31900126867085,0.0432345006692575,"zero_inflated_gamma",0.826923076923077
"K18446",15.7994700764689,1.19587340662596,0.0572532436696962,"zero_inflated_gamma",0.756410256410256
"K18453",1.70405002461251,0.951743738826347,0.0465432217892569,"zero_inflated_gamma",0.0833333333333333
"K18455",1.53542622124246,0.611826423873081,0.012771581601697,"zero_inflated_gamma",0.032051282051282
"K18456",37.8895084739138,1.57908264480605,0.0374015263735246,"zero_inflated_gamma",0.897435897435897
"K18457",0,-1,-1,"zero",0
"K18459",0,-1,-1,"zero",0
"K18461",0,-1,-1,"zero",0
"K18467",0,-1,-1,"zero",0
"K18471",153.934808737539,3.26507276761275,0.0209388174563642,"zero_inflated_gamma",0.987179487179487
"K18472",0.198484012782844,-1,-1,"mean_only",0.00641025641025641
"K18473",0,-1,-1,"zero",0
"K18474",2.6178814117267,1.7955732840483,0.140694961690433,"zero_inflated_gamma",0.205128205128205
"K18475",172.950320143838,3.89548532704076,0.0223793414434448,"zero_inflated_gamma",0.993589743589744
"K18476",18.1008175173258,1.30076926976079,0.0465263361015881,"zero_inflated_gamma",0.647435897435897
"K18478",14.8755632765971,1.28618187084163,0.0559790777888863,"zero_inflated_gamma",0.647435897435897
"K18479",77.1219971147212,1.45276205671639,0.0187164432124673,"zero_inflated_gamma",0.993589743589744
"K18480",0.124478930544353,2.62173042524673,0.270021025902274,"zero_inflated_gamma",0.0128205128205128
"K18481",3.59207927204634,1.51961241757801,0.0650838993450297,"zero_inflated_gamma",0.153846153846154
"K18501",10.2085279485793,1.29572537312328,0.0862444402962168,"zero_inflated_gamma",0.67948717948718
"K18530",10.185468735318,1.72886014372709,0.104454096541691,"zero_inflated_gamma",0.615384615384615
"K18531",3.42665018535148,0.614226612340729,0.0218317153652976,"zero_inflated_gamma",0.121794871794872
"K18532",0.925747273175877,2.1264506856318,0.147244226730503,"zero_inflated_gamma",0.0641025641025641
"K18533",0.688491419340487,-1,-1,"mean_only",0.00641025641025641
"K18534",2.24807352260864,1.55594989281858,0.141974542012726,"zero_inflated_gamma",0.205128205128205
"K18537",0,-1,-1,"zero",0
"K18540",4.01340671951232,1.7819150023288,0.139458597236892,"zero_inflated_gamma",0.314102564102564
"K18546",5.35555185859405,1.21607312380776,0.0494891255399724,"zero_inflated_gamma",0.217948717948718
"K18552",0,-1,-1,"zero",0
"K18553",0,-1,-1,"zero",0
"K18554",0.620411736393334,1.94876747819068,0.161081404317615,"zero_inflated_gamma",0.0512820512820513
"K18555",0.469044120758602,2.42761091101926,0.165886402955028,"zero_inflated_gamma",0.032051282051282
"K18556",0,-1,-1,"zero",0
"K18559",0,-1,-1,"zero",0
"K18560",0.319406888885966,0.872644378325612,0.0700532695402583,"zero_inflated_gamma",0.0256410256410256
"K18561",0.450766213764367,2.51589417842251,0.178890146292,"zero_inflated_gamma",0.032051282051282
"K18563",0,-1,-1,"zero",0
"K18564",0,-1,-1,"zero",0
"K18567",6.68296482078188,1.05716758241269,0.0557715549832246,"zero_inflated_gamma",0.352564102564103
"K18572",70.4362658504849,1.97833602029029,0.0280868952435625,"gamma_mle",1
"K18573",0.695568666872111,1.56324099959449,0.129659349308237,"zero_inflated_gamma",0.0576923076923077
"K18575",15.5189398721012,1.35594114432902,0.0593690439749087,"zero_inflated_gamma",0.67948717948718
"K18577",17.8859610282932,1.0051657888948,0.0464719108833941,"zero_inflated_gamma",0.826923076923077
"K18578",18.1013934167956,1.08527575351421,0.0488098210646298,"zero_inflated_gamma",0.814102564102564
"K18579",14.348937850888,1.026005385983,0.0637118312338842,"zero_inflated_gamma",0.891025641025641
"K18580",0,-1,-1,"zero",0
"K18581",201.162161248901,2.31112369625661,0.011488858947966,"gamma_mle",1
"K18586",0,-1,-1,"zero",0
"K18588",2.84701457092602,1.03624804493116,0.0583296599574046,"zero_inflated_gamma",0.16025641025641
"K18589",0.756396608880061,1.16743195789312,0.0890430270758693,"zero_inflated_gamma",0.0576923076923077
"K18590",0.548525142858099,5.08776850253253,0.118914879589018,"zero_inflated_gamma",0.0128205128205128
"K18592",0,-1,-1,"zero",0
"K18593",0,-1,-1,"zero",0
"K18604",0.109129534554159,2.60744666182017,0.459483358376442,"zero_inflated_gamma",0.0192307692307692
"K18605",2.09455928806132,3.01496781838641,0.0461355209534715,"zero_inflated_gamma",0.032051282051282
"K18608",0.63730004522847,1.92636720824975,0.329396856692494,"zero_inflated_gamma",0.108974358974359
"K18609",0,-1,-1,"zero",0
"K18613",0,-1,-1,"zero",0
"K18614",0,-1,-1,"zero",0
"K18622",0,-1,-1,"zero",0
"K18637",0.338949621829164,-1,-1,"mean_only",0.00641025641025641
"K18640",509.646109373593,4.94598965427725,0.00970475308907269,"gamma_mle",1
"K18646",0.649417841256333,1.37234783614351,0.121915211738714,"zero_inflated_gamma",0.0576923076923077
"K18649",245.274221985341,10.7362361219721,0.0437723786669021,"gamma_mle",1
"K18650",55.7754467288913,1.98600580589096,0.0346941655080733,"zero_inflated_gamma",0.974358974358974
"K18651",9.61273851853916,1.06783497453128,0.0761931960991188,"zero_inflated_gamma",0.685897435897436
"K18652",3.45595562026116,1.43772636258524,0.101336774685749,"zero_inflated_gamma",0.243589743589744
"K18653",0,-1,-1,"zero",0
"K18654",4.84880996632126,1.43786580449767,0.121657410267865,"zero_inflated_gamma",0.41025641025641
"K18655",0.551695612632275,1.6555972848037,0.076946800842441,"zero_inflated_gamma",0.0256410256410256
"K18657",1.77574657542636,1.17765375619839,0.0850240979675908,"zero_inflated_gamma",0.128205128205128
"K18660",0,-1,-1,"zero",0
"K18661",4.16232602265284,1.65326713074333,0.190960526008229,"zero_inflated_gamma",0.480769230769231
"K18662",0.875540282504535,1.75293738188973,0.179677504724861,"zero_inflated_gamma",0.0897435897435897
"K18663",0,-1,-1,"zero",0
"K18665",12.937217865381,1.53149044896222,0.0781602657306718,"zero_inflated_gamma",0.66025641025641
"K18670",0,-1,-1,"zero",0
"K18672",465.433287553826,12.3968732675496,0.0266351238707135,"gamma_mle",1
"K18673",61.7109857477659,2.02410658014486,0.0306972273313472,"zero_inflated_gamma",0.935897435897436
"K18675",52.7001695425735,1.4593067014106,0.0271582259302341,"zero_inflated_gamma",0.980769230769231
"K18676",31.751525393969,1.46756460460182,0.0417760282988501,"zero_inflated_gamma",0.903846153846154
"K18678",2.2920361866765,1.35688781006084,0.163179774306837,"zero_inflated_gamma",0.275641025641026
"K18682",567.521197992557,18.7309248669595,0.0330048021698832,"gamma_mle",1
"K18687",2.36181747844795,2.4125053253417,0.30774797789432,"zero_inflated_gamma",0.301282051282051
"K18688",2.41962733062012,2.13339426880415,0.18651423538109,"zero_inflated_gamma",0.211538461538462
"K18691",154.887734510596,2.17692181608613,0.0138746464904018,"zero_inflated_gamma",0.987179487179487
"K18692",7.2965375290852,0.822104855698133,0.0288898831816333,"zero_inflated_gamma",0.256410256410256
"K18693",15.918625849138,0.919987581522316,0.0129664125640919,"zero_inflated_gamma",0.224358974358974
"K18694",1.40273401142675,2.08265462655123,0.152278051992153,"zero_inflated_gamma",0.102564102564103
"K18697",41.4795389794658,1.04694421257861,0.0202243715063504,"zero_inflated_gamma",0.801282051282051
"K18698",1.99764839307583,0.62233818852945,0.0439344792989155,"zero_inflated_gamma",0.141025641025641
"K18699",0,-1,-1,"zero",0
"K18700",280.980800792711,5.96806805458863,0.0211039729097344,"zero_inflated_gamma",0.993589743589744
"K18701",0.539552459238262,-1,-1,"mean_only",0.00641025641025641
"K18702",12.8683437210908,1.61205494448972,0.0819092144326041,"zero_inflated_gamma",0.653846153846154
"K18703",5.43587666176961,1.69958176524775,0.116245423476824,"zero_inflated_gamma",0.371794871794872
"K18704",111.141226231686,2.61973332562925,0.0235712112818345,"gamma_mle",1
"K18707",517.678451854904,16.7103641734346,0.0322794277288524,"gamma_mle",1
"K18719",0.41965191274087,-1,-1,"mean_only",0.00641025641025641
"K18721",0.203997457582367,-1,-1,"mean_only",0.00641025641025641
"K18729",0,-1,-1,"zero",0
"K18750",0.200288412899052,-1,-1,"mean_only",0.00641025641025641
"K18752",0,-1,-1,"zero",0
"K18758",0,-1,-1,"zero",0
"K18764",8.46079975779926,1.90275280539506,0.121094841177464,"zero_inflated_gamma",0.538461538461538
"K18765",5.03940871042169,0.451084206360026,0.0252467870791698,"zero_inflated_gamma",0.282051282051282
"K18770",1.94073800503294,1.7588817065332,0.180097140290644,"zero_inflated_gamma",0.198717948717949
"K18778",4.73089916482185,0.831903403137731,0.0428339581127779,"zero_inflated_gamma",0.243589743589744
"K18779",0.150817385588749,-1,-1,"mean_only",0.00641025641025641
"K18782",0,-1,-1,"zero",0
"K18783",4.37181197956695,1.1444638074839,0.0990074786058049,"zero_inflated_gamma",0.378205128205128
"K18785",232.420380100239,5.52056677829954,0.0237525073141977,"gamma_mle",1
"K18786",3.23523287577992,1.88750715227886,0.168294907324796,"zero_inflated_gamma",0.288461538461538
"K18788",4.63124037756814,1.50332002676517,0.0936358237463005,"zero_inflated_gamma",0.288461538461538
"K18800",4.42384530021332,0.791140322220057,0.0492943841938126,"zero_inflated_gamma",0.275641025641026
"K18802",0,-1,-1,"zero",0
"K18803",0,-1,-1,"zero",0
"K18808",0.917472692859895,2.97378518592811,0.249329171745482,"zero_inflated_gamma",0.0769230769230769
"K18814",28.3088822163269,1.40930065121962,0.0424431857029346,"zero_inflated_gamma",0.852564102564103
"K18815",40.8211935486533,1.9336590925738,0.0425106404841095,"zero_inflated_gamma",0.897435897435897
"K18816",13.9658242569004,1.24839119905067,0.0481325436492252,"zero_inflated_gamma",0.538461538461538
"K18817",1.61345546072326,1.27169408062926,0.126310972485485,"zero_inflated_gamma",0.16025641025641
"K18819",0.572437392228017,1.84409946258366,0.103252779794551,"zero_inflated_gamma",0.032051282051282
"K18820",2.89313274261411,1.36728355129808,0.112090125264287,"zero_inflated_gamma",0.237179487179487
"K18821",0,-1,-1,"zero",0
"K18824",3.67280529703447,1.72569622629475,0.150595449555863,"zero_inflated_gamma",0.320512820512821
"K18825",0,-1,-1,"zero",0
"K18827",1.18770493242005,1.80935584749183,0.107419596092822,"zero_inflated_gamma",0.0705128205128205
"K18828",56.9159930827035,1.36419439289066,0.0222784691936704,"zero_inflated_gamma",0.92948717948718
"K18829",31.3966127184454,1.07709751011965,0.0182526413372206,"zero_inflated_gamma",0.532051282051282
"K18830",77.9394053027371,1.92797969091506,0.0229926363699656,"zero_inflated_gamma",0.92948717948718
"K18831",35.1880865273782,1.22675914170611,0.0265941439258259,"zero_inflated_gamma",0.762820512820513
"K18833",0,-1,-1,"zero",0
"K18837",24.5270712003022,0.500849560748189,0.00471237135983617,"zero_inflated_gamma",0.230769230769231
"K18838",12.893523753612,0.568740780823578,0.0110276444145894,"zero_inflated_gamma",0.25
"K18839",4.11006791844416,0.876404333653837,0.0205032250412579,"zero_inflated_gamma",0.0961538461538462
"K18840",0.862131106011961,2.74528093729682,0.142885092794834,"zero_inflated_gamma",0.0448717948717949
"K18841",2.34984671812187,1.71570120336344,0.102967508538676,"zero_inflated_gamma",0.141025641025641
"K18842",4.57276034119208,1.13752094393261,0.0462438901185833,"zero_inflated_gamma",0.185897435897436
"K18843",119.052727708618,2.88424477810933,0.0234501223865627,"zero_inflated_gamma",0.967948717948718
"K18844",0,-1,-1,"zero",0
"K18845",0.375046822170908,1.21637692782721,0.0623705164631886,"zero_inflated_gamma",0.0192307692307692
"K18846",0,-1,-1,"zero",0
"K18850",5.66002636999828,0.573290423866135,0.0214262207190762,"zero_inflated_gamma",0.211538461538462
"K18851",0.620611983630865,-1,-1,"mean_only",0.00641025641025641
"K18852",0.713895097050408,2.26915782559929,0.101876897302772,"zero_inflated_gamma",0.032051282051282
"K18853",0,-1,-1,"zero",0
"K18855",110.374856091278,2.5479278402978,0.0230843140415124,"gamma_mle",1
"K18856",36.5045082553813,1.56268390839364,0.0408870999210548,"zero_inflated_gamma",0.955128205128205
"K18857",0,-1,-1,"zero",0
"K18862",12.1810627281947,1.08883737331688,0.0171899453465807,"zero_inflated_gamma",0.192307692307692
"K18866",25.1258181718505,2.1610183225322,0.0744298950622353,"zero_inflated_gamma",0.865384615384615
"K18882",0.557137565226811,1.51587155114181,0.0697646393588721,"zero_inflated_gamma",0.0256410256410256
"K18883",0.185140549738619,-1,-1,"mean_only",0.00641025641025641
"K18887",10.188661808924,1.7771447909621,0.077148974627719,"zero_inflated_gamma",0.442307692307692
"K18888",10.2841989343763,1.31661301703736,0.0492395786165485,"zero_inflated_gamma",0.384615384615385
"K18889",162.019507671101,3.32341550004726,0.020512440432752,"gamma_mle",1
"K18890",239.534360053915,3.92075101175585,0.0163682196194039,"gamma_mle",1
"K18891",1.23206254675907,0.786248813596509,0.0286352308774415,"zero_inflated_gamma",0.0448717948717949
"K18892",0.875494526120768,1.10979307184786,0.0731318374536656,"zero_inflated_gamma",0.0576923076923077
"K18893",3.24751293323904,1.22854365339009,0.0436503379182053,"zero_inflated_gamma",0.115384615384615
"K18895",1.09729933177764,2.02567345577892,0.0828357414906099,"zero_inflated_gamma",0.0448717948717949
"K18896",13.7166651242007,1.68924126937096,0.0892066010394565,"zero_inflated_gamma",0.724358974358974
"K18897",1.21785811250654,2.64316917021045,0.27824903316301,"zero_inflated_gamma",0.128205128205128
"K18898",1.89189305198678,0.783573213200573,0.0743389515656722,"zero_inflated_gamma",0.179487179487179
"K18899",1.67888181274887,0.75393027906808,0.138174435891791,"zero_inflated_gamma",0.307692307692308
"K18900",22.8912410999443,0.757889037494478,0.0241944937157479,"zero_inflated_gamma",0.730769230769231
"K18901",14.3910455132084,1.81476005483444,0.109127959509743,"zero_inflated_gamma",0.865384615384615
"K18902",6.47521424859509,2.09296208325433,0.0870225709933312,"zero_inflated_gamma",0.269230769230769
"K18903",1.31640903817202,5.0672094096093,0.419471365805723,"zero_inflated_gamma",0.108974358974359
"K18904",0,-1,-1,"zero",0
"K18905",0.192033836921451,1.63015543298283,0.163248016310794,"zero_inflated_gamma",0.0192307692307692
"K18906",11.008448708289,1.28665085539432,0.0726744453169206,"zero_inflated_gamma",0.621794871794872
"K18907",31.5560754857127,0.966675777135434,0.0225824518001351,"zero_inflated_gamma",0.737179487179487
"K18908",173.530880608794,5.78300526599052,0.0333255109736213,"gamma_mle",1
"K18909",50.3058250405817,1.80349883087186,0.0328631378234807,"zero_inflated_gamma",0.916666666666667
"K18910",38.8661987482924,1.65366906011123,0.0381838724860662,"zero_inflated_gamma",0.897435897435897
"K18911",0.236900273321459,-1,-1,"mean_only",0.00641025641025641
"K18912",3.9102664209312,1.51897572232898,0.122015770239885,"zero_inflated_gamma",0.314102564102564
"K18914",0,-1,-1,"zero",0
"K18915",98.4146526276568,3.07942795337626,0.0312903401186306,"gamma_mle",1
"K18916",0.147524737884632,3.68216993355555,0.639991739925991,"zero_inflated_gamma",0.0256410256410256
"K18917",27.4945480079172,1.37468293157549,0.0233966790518433,"zero_inflated_gamma",0.467948717948718
"K18918",266.834247961168,0.631866432368194,0.00218585630084077,"zero_inflated_gamma",0.923076923076923
"K18919",6.59064751982192,0.862018771422716,0.0150916437414963,"zero_inflated_gamma",0.115384615384615
"K18920",5.97730112286722,0.863018987809537,0.0138829537404802,"zero_inflated_gamma",0.0961538461538462
"K18921",2.64596835532468,1.47252340899413,0.0570785518444281,"zero_inflated_gamma",0.102564102564103
"K18922",7.56646026177594,0.764693564801158,0.0123090258145967,"zero_inflated_gamma",0.121794871794872
"K18923",29.7248041472362,1.37719376481841,0.0273236853172678,"zero_inflated_gamma",0.58974358974359
"K18924",1.02850246810819,1.57362735737511,0.490390405845267,"zero_inflated_gamma",0.320512820512821
"K18925",0,-1,-1,"zero",0
"K18926",297.985355009379,1.4910561414557,0.00500379000642083,"gamma_mle",1
"K18927",1.20019926429774,1.92389216113754,0.20550990865321,"zero_inflated_gamma",0.128205128205128
"K18928",87.5462623233799,1.65302548372871,0.0182765529361094,"zero_inflated_gamma",0.967948717948718
"K18929",103.811753752233,1.57277318055688,0.0149560080213788,"zero_inflated_gamma",0.987179487179487
"K18930",59.0468204222352,1.3609033552645,0.0221614120653107,"zero_inflated_gamma",0.961538461538462
"K18931",0.293518107321797,2.04545276834611,0.134014322044455,"zero_inflated_gamma",0.0192307692307692
"K18933",0.170558071884363,-1,-1,"mean_only",0.00641025641025641
"K18934",104.138823608103,1.51703056719955,0.0143806258365217,"zero_inflated_gamma",0.987179487179487
"K18935",0,-1,-1,"zero",0
"K18936",0.639058311301659,1.08235628869005,0.0868550642726145,"zero_inflated_gamma",0.0512820512820513
"K18939",8.59816609087926,2.07524146157396,0.106754772139573,"zero_inflated_gamma",0.442307692307692
"K18940",44.7148607284331,1.67105051057031,0.0349756627353954,"zero_inflated_gamma",0.935897435897436
"K18941",79.5550199566881,1.98401915061955,0.0246192258983681,"zero_inflated_gamma",0.987179487179487
"K18942",1.18138246750658,1.76506740424276,0.0861963120192224,"zero_inflated_gamma",0.0576923076923077
"K18944",0.732310940705633,3.57439024793352,0.219018038761609,"zero_inflated_gamma",0.0448717948717949
"K18946",0.821478416328059,1.55233998170192,0.0847938057113811,"zero_inflated_gamma",0.0448717948717949
"K18947",0.119697950985555,-1,-1,"mean_only",0.00641025641025641
"K18949",0,-1,-1,"zero",0
"K18951",0.709998223799288,2.66980358257623,0.216940162103216,"zero_inflated_gamma",0.0576923076923077
"K18953",0,-1,-1,"zero",0
"K18954",387.338302993548,1.92020728588824,0.00495744229539889,"gamma_mle",1
"K18955",182.497756438176,1.27775440563193,0.00632826083799905,"zero_inflated_gamma",0.903846153846154
"K18959",6.94615735276303,1.1413126097449,0.0526629768170564,"zero_inflated_gamma",0.320512820512821
"K18960",3.7292590129185,0.931167862350849,0.0160059270165522,"zero_inflated_gamma",0.0641025641025641
"K18962",0.957345089713687,3.86380404269305,0.155229132517231,"zero_inflated_gamma",0.0384615384615385
"K18964",0.136891748388099,6.57072323071361,0.615377058232745,"zero_inflated_gamma",0.0128205128205128
"K18967",51.6489290915679,1.81399196363653,0.0339958877454811,"zero_inflated_gamma",0.967948717948718
"K18968",29.9306979427883,1.48572597456903,0.0467750874762032,"zero_inflated_gamma",0.942307692307692
"K18969",10.9378713147548,1.5616148269845,0.0777920903612793,"zero_inflated_gamma",0.544871794871795
"K18974",2.50392983284739,2.15008506647844,0.115592108206425,"zero_inflated_gamma",0.134615384615385
"K18975",1.074125506634,3.13480260151624,0.243205797193089,"zero_inflated_gamma",0.0833333333333333
"K18979",116.031573963238,2.70347620398335,0.0231501317836802,"zero_inflated_gamma",0.993589743589744
"K18980",0,-1,-1,"zero",0
"K18981",0,-1,-1,"zero",0
"K18982",0.242001383009937,5.78196466749382,0.765778187146898,"zero_inflated_gamma",0.032051282051282
"K18983",9.11676642959627,1.10014173979658,0.0781276190535715,"zero_inflated_gamma",0.647435897435897
"K18986",5.71963078977414,1.35745899746624,0.0867179459513981,"zero_inflated_gamma",0.365384615384615
"K18987",10.2950231222111,1.92619348078658,0.0947490960361629,"zero_inflated_gamma",0.506410256410256
"K18988",3.20361441486978,0.687373501733608,0.0495142778450337,"zero_inflated_gamma",0.230769230769231
"K18989",3.4593634190889,1.92757658692109,0.203594345118573,"zero_inflated_gamma",0.365384615384615
"K18990",4.83523377774919,2.32019235508571,0.206089905112581,"zero_inflated_gamma",0.429487179487179
"K18991",94.9078216024039,1.90323390774126,0.0196678548106307,"zero_inflated_gamma",0.980769230769231
"K18992",12.5856593009295,1.30742117944913,0.0612636367502958,"zero_inflated_gamma",0.58974358974359
"K18995",0,-1,-1,"zero",0
"K18996",0.657663445340167,-1,-1,"mean_only",0.00641025641025641
"K18997",10.8418765148836,2.15485661117708,0.0942803185929472,"zero_inflated_gamma",0.474358974358974
"K19000",2.51565569552722,0.920235049042439,0.0375182828559893,"zero_inflated_gamma",0.102564102564103
"K19001",12.8981125405539,1.35551750670034,0.0741049222135586,"zero_inflated_gamma",0.705128205128205
"K19002",112.84960270717,2.51286300956137,0.0222673624831618,"gamma_mle",1
"K19003",25.0563228585521,1.59155042572037,0.0537467736855663,"zero_inflated_gamma",0.846153846153846
"K19005",25.7585690186348,1.46309919026016,0.0506106877654009,"zero_inflated_gamma",0.891025641025641
"K19008",0,-1,-1,"zero",0
"K19028",0.415221539298506,2.1984157440589,0.13575797286018,"zero_inflated_gamma",0.0256410256410256
"K19029",5.09026397737855,1.89142002453605,0.176260419284385,"zero_inflated_gamma",0.474358974358974
"K19036",74.0375375195551,1.28431440172898,0.0169020108602692,"zero_inflated_gamma",0.974358974358974
"K19046",65.6381497852031,1.85350152304086,0.0257039792908408,"zero_inflated_gamma",0.91025641025641
"K19047",7.74950905342187,1.77344864031617,0.118824185552248,"zero_inflated_gamma",0.519230769230769
"K19048",6.61748011295597,1.18752261979512,0.0402617540903048,"zero_inflated_gamma",0.224358974358974
"K19049",46.7436895702822,1.45474760284062,0.0283288149259123,"zero_inflated_gamma",0.91025641025641
"K19050",13.7658694138885,1.04178987527273,0.0465718104996316,"zero_inflated_gamma",0.615384615384615
"K19051",3.59081593458596,1.4644782156859,0.172547674036378,"zero_inflated_gamma",0.423076923076923
"K19052",19.3334137239445,0.86139236458072,0.0299886678365488,"zero_inflated_gamma",0.673076923076923
"K19055",279.796950337696,7.31292518834083,0.0261365435881793,"gamma_mle",1
"K19056",0,-1,-1,"zero",0
"K19057",2.28156088330474,2.23883136756698,0.0691922427031887,"zero_inflated_gamma",0.0705128205128205
"K19058",1.30342245661556,1.39425929674966,0.0685699371618641,"zero_inflated_gamma",0.0641025641025641
"K19059",0.244511851074613,-1,-1,"mean_only",0.00641025641025641
"K19060",0,-1,-1,"zero",0
"K19061",0,-1,-1,"zero",0
"K19064",0,-1,-1,"zero",0
"K19066",0,-1,-1,"zero",0
"K19067",0.375068250542844,5.58902768140501,0.38208619865823,"zero_inflated_gamma",0.0256410256410256
"K19068",159.918615017246,3.02676963888694,0.0186842845006169,"zero_inflated_gamma",0.987179487179487
"K19073",0,-1,-1,"zero",0
"K19075",2.0373097505159,1.69085989705849,0.159605266080231,"zero_inflated_gamma",0.192307692307692
"K19076",0.913790821025475,1.22725781838194,0.146356946225786,"zero_inflated_gamma",0.108974358974359
"K19077",2.21855353501388,2.30520841449601,0.233122251682228,"zero_inflated_gamma",0.224358974358974
"K19078",4.53725423252188,1.45684723826751,0.0843878959918449,"zero_inflated_gamma",0.262820512820513
"K19079",0,-1,-1,"zero",0
"K19081",100.836585216094,2.78187334528186,0.0274110911026427,"zero_inflated_gamma",0.993589743589744
"K19082",125.553932123706,3.40636936473854,0.0267828964473474,"zero_inflated_gamma",0.987179487179487
"K19083",0.205903975877529,-1,-1,"mean_only",0.00641025641025641
"K19088",2.01589881546621,2.19800189553173,0.181722240444179,"zero_inflated_gamma",0.166666666666667
"K19090",1.32641737214675,1.77953143220441,0.129000716630531,"zero_inflated_gamma",0.0961538461538462
"K19091",14.3535555041649,1.69979935245441,0.0774307988421412,"zero_inflated_gamma",0.653846153846154
"K19092",70.8444990316117,1.78980982923333,0.0228346978577228,"zero_inflated_gamma",0.903846153846154
"K19096",10.7004080987351,0.599179795769879,0.00215369138707001,"zero_inflated_gamma",0.0384615384615385
"K19100",0,-1,-1,"zero",0
"K19102",2.34686671366998,2.51106784441115,0.164610170513387,"zero_inflated_gamma",0.153846153846154
"K19113",0,-1,-1,"zero",0
"K19114",0.293729425200535,47.340596959378,2.06629189375247,"zero_inflated_gamma",0.0128205128205128
"K19115",0,-1,-1,"zero",0
"K19116",0.777551458569779,19.4852486308023,1.28511561326928,"zero_inflated_gamma",0.0512820512820513
"K19117",125.13780841224,3.25734368960779,0.0258631929263075,"zero_inflated_gamma",0.993589743589744
"K19118",133.722836714791,3.57586787771576,0.0265694756035444,"zero_inflated_gamma",0.993589743589744
"K19119",132.507753109052,3.31568462960303,0.0247017685795837,"zero_inflated_gamma",0.987179487179487
"K19123",63.4895964930675,1.76556673687318,0.0265609277987438,"zero_inflated_gamma",0.955128205128205
"K19124",76.0399385945412,1.60990996039936,0.0202218786510783,"zero_inflated_gamma",0.955128205128205
"K19125",61.6546990917613,1.90352653094133,0.027509516264397,"zero_inflated_gamma",0.891025641025641
"K19126",80.1627477167447,1.9855871480146,0.0227053288988811,"zero_inflated_gamma",0.916666666666667
"K19127",5.32429316742623,1.66230187064592,0.0920621612676997,"zero_inflated_gamma",0.294871794871795
"K19128",5.98455097777087,1.72040161782164,0.140051339027159,"zero_inflated_gamma",0.487179487179487
"K19129",4.31473057244793,1.5986887297559,0.180509151717492,"zero_inflated_gamma",0.487179487179487
"K19130",2.74187504491689,2.40459084931867,0.134921193592375,"zero_inflated_gamma",0.153846153846154
"K19131",4.66104689970661,1.37872377005503,0.0834299279338029,"zero_inflated_gamma",0.282051282051282
"K19132",4.93300536221597,1.26815548194942,0.0791001951350777,"zero_inflated_gamma",0.307692307692308
"K19133",3.85025350810551,1.21818323915498,0.0790975994561444,"zero_inflated_gamma",0.25
"K19134",1.18405158281586,1.93609432861941,0.199152101107112,"zero_inflated_gamma",0.121794871794872
"K19136",0,-1,-1,"zero",0
"K19137",3.8136300882609,1.06718933787499,0.0645774385262529,"zero_inflated_gamma",0.230769230769231
"K19138",30.0433167689175,1.53597629409955,0.0389994964057155,"zero_inflated_gamma",0.762820512820513
"K19139",27.2624308552444,1.71410346643425,0.0527982044498624,"zero_inflated_gamma",0.83974358974359
"K19140",20.0127862811858,1.78211526846545,0.0707824059184242,"zero_inflated_gamma",0.794871794871795
"K19141",0,-1,-1,"zero",0
"K19142",0.874203180330963,1.5525072106589,0.125224507017472,"zero_inflated_gamma",0.0705128205128205
"K19143",6.55535376044821,1.00416208192235,0.0510606606761116,"zero_inflated_gamma",0.333333333333333
"K19147",48.9675095933623,1.92809938568832,0.0348317975288366,"zero_inflated_gamma",0.884615384615385
"K19148",13.3815702343026,0.793474818396142,0.00646175360462264,"zero_inflated_gamma",0.108974358974359
"K19155",2.52512038583378,0.663971835329915,0.0286544378390952,"zero_inflated_gamma",0.108974358974359
"K19156",5.21017017127399,0.995800926380432,0.0355299026314046,"zero_inflated_gamma",0.185897435897436
"K19157",1592.78920269046,1.48370706477036,0.000931515019228002,"gamma_mle",1
"K19158",1126.24976434423,0.564566217989647,0.00050127976569955,"gamma_mle",1
"K19159",142.899040305537,1.74921486650226,0.0118485770361195,"zero_inflated_gamma",0.967948717948718
"K19160",1.12476966539893,1.27444436120956,0.0798960616204679,"zero_inflated_gamma",0.0705128205128205
"K19161",1.57536624998552,1.40162108673555,0.051329495604414,"zero_inflated_gamma",0.0576923076923077
"K19162",2.9750178069454,1.46538764627812,0.0599918091554162,"zero_inflated_gamma",0.121794871794872
"K19163",7.33528318775572,0.807049382392681,0.016926605322107,"zero_inflated_gamma",0.153846153846154
"K19164",7.69982910216448,0.794353813876681,0.0132262977784357,"zero_inflated_gamma",0.128205128205128
"K19165",109.620477285578,2.0588869214723,0.0176983811030194,"zero_inflated_gamma",0.942307692307692
"K19166",18.825035674677,1.24601358289805,0.0258816646299782,"zero_inflated_gamma",0.391025641025641
"K19167",16.4322622231266,1.70311310893712,0.0777333524963555,"zero_inflated_gamma",0.75
"K19168",55.9896480833507,1.70933025819424,0.0299422943320527,"zero_inflated_gamma",0.980769230769231
"K19169",2.07038083636803,0.949456741005214,0.0734920485808623,"zero_inflated_gamma",0.16025641025641
"K19170",7.84453827600836,1.23138240538679,0.0804990854005924,"zero_inflated_gamma",0.512820512820513
"K19171",12.5253850240388,1.37417751173337,0.059778646792383,"zero_inflated_gamma",0.544871794871795
"K19172",107.8413436091,1.11783863503548,0.0100998009620505,"zero_inflated_gamma",0.974358974358974
"K19173",0,-1,-1,"zero",0
"K19174",0,-1,-1,"zero",0
"K19175",4.32219160824332,1.34719736356996,0.125876065446004,"zero_inflated_gamma",0.403846153846154
"K19176",0.182732277904104,-1,-1,"mean_only",0.00641025641025641
"K19179",0,-1,-1,"zero",0
"K19180",56.1630240614384,1.27703685535397,0.0212804694626996,"zero_inflated_gamma",0.935897435897436
"K19181",48.6728457144235,2.03262235691773,0.0380131365416872,"zero_inflated_gamma",0.91025641025641
"K19188",0.316757442364882,0.737226892740092,0.0298386890594778,"zero_inflated_gamma",0.0128205128205128
"K19190",0,-1,-1,"zero",0
"K19191",19.0401226304919,0.7673010752154,0.0152413514952386,"zero_inflated_gamma",0.378205128205128
"K19192",0,-1,-1,"zero",0
"K19200",5.55294623093588,1.42047896561777,0.0967472773842461,"zero_inflated_gamma",0.378205128205128
"K19203",0,-1,-1,"zero",0
"K19205",0,-1,-1,"zero",0
"K19208",0,-1,-1,"zero",0
"K19212",0,-1,-1,"zero",0
"K19213",0,-1,-1,"zero",0
"K19215",1.37396452913308,0.855090418517435,0.0159577593756623,"zero_inflated_gamma",0.0256410256410256
"K19219",0,-1,-1,"zero",0
"K19220",5.75378586596457,1.72466684014894,0.132579388221288,"zero_inflated_gamma",0.442307692307692
"K19221",353.961149983831,9.79934529705429,0.0276848046671278,"gamma_mle",1
"K19222",78.3316981722764,1.45807584731649,0.0181368375801625,"zero_inflated_gamma",0.974358974358974
"K19223",25.9434519435842,1.50217468954174,0.0530767250405857,"zero_inflated_gamma",0.916666666666667
"K19224",720.934307259912,8.654552481247,0.012004633978567,"gamma_mle",1
"K19225",211.125322462616,3.34696254724147,0.0158529659455422,"gamma_mle",1
"K19226",3.15030524610715,0.576344262933078,0.037527939344129,"zero_inflated_gamma",0.205128205128205
"K19227",3.68073688765546,0.801839399819216,0.0460831290624319,"zero_inflated_gamma",0.211538461538462
"K19228",2.17724431198702,1.02317969338326,0.084348658652054,"zero_inflated_gamma",0.179487179487179
"K19229",3.60652585626651,0.923509652916443,0.0508849655215723,"zero_inflated_gamma",0.198717948717949
"K19230",2.1608754631266,0.785679690319422,0.0512759684020865,"zero_inflated_gamma",0.141025641025641
"K19231",60.5933394813211,1.09676884636204,0.0148516801893139,"zero_inflated_gamma",0.82051282051282
"K19234",3.94114309240901,0.613536371253535,0.0309353622288382,"zero_inflated_gamma",0.198717948717949
"K19235",6.90477190254012,1.07761814009232,0.0540237489584391,"zero_inflated_gamma",0.346153846153846
"K19236",6.37749412991962,0.953905958525706,0.0402698661505357,"zero_inflated_gamma",0.269230769230769
"K19238",1.2850492046591,0.954418389974777,0.038087672162097,"zero_inflated_gamma",0.0512820512820513
"K19239",67.8803916741293,1.61169835348653,0.0228300090358219,"zero_inflated_gamma",0.961538461538462
"K19242",11.9005769072251,1.40773734830342,0.0750696193718668,"zero_inflated_gamma",0.634615384615385
"K19244",16.4991270367366,1.21097906934994,0.053635943345129,"zero_inflated_gamma",0.730769230769231
"K19245",0.205903975877529,-1,-1,"mean_only",0.00641025641025641
"K19246",0,-1,-1,"zero",0
"K19260",2.42712563357426,0.688454269101154,0.00363653890068731,"zero_inflated_gamma",0.0128205128205128
"K19265",346.373643214002,8.68707416199772,0.0250800669513718,"gamma_mle",1
"K19266",0.319996960244499,7.16324113054646,0.286991553546092,"zero_inflated_gamma",0.0128205128205128
"K19267",6.45352983016229,1.2084611371041,0.081624339688243,"zero_inflated_gamma",0.435897435897436
"K19268",14.4481901935044,1.22136060698083,0.0531045747887532,"zero_inflated_gamma",0.628205128205128
"K19269",1.29388983099823,0.925219051053745,0.0504214526762782,"zero_inflated_gamma",0.0705128205128205
"K19270",373.500074472657,7.19903162151021,0.0192745118770712,"gamma_mle",1
"K19271",293.43892122084,2.49680194455574,0.00850876200801142,"gamma_mle",1
"K19272",0,-1,-1,"zero",0
"K19273",9.9752876369113,1.15697338823584,0.0475831641449088,"zero_inflated_gamma",0.41025641025641
"K19275",0,-1,-1,"zero",0
"K19278",0.191964583700815,-1,-1,"mean_only",0.00641025641025641
"K19279",0.157395495153459,2.91564766829535,0.474983077184434,"zero_inflated_gamma",0.0256410256410256
"K19280",0.549281566287363,3.6502644031309,0.383395675422197,"zero_inflated_gamma",0.0576923076923077
"K19285",326.425860543732,6.40111014678728,0.0196096906541806,"gamma_mle",1
"K19286",213.844254453248,4.63686987523667,0.0216833970456307,"gamma_mle",1
"K19290",0,-1,-1,"zero",0
"K19292",0,-1,-1,"zero",0
"K19293",0,-1,-1,"zero",0
"K19294",900.12480906355,11.9530259172742,0.01327929837831,"gamma_mle",1
"K19295",2.40362117049165,2.60512564488452,0.201481907182415,"zero_inflated_gamma",0.185897435897436
"K19296",0,-1,-1,"zero",0
"K19297",0,-1,-1,"zero",0
"K19299",28.5227400336685,1.00892055270554,0.0272096135201004,"zero_inflated_gamma",0.769230769230769
"K19300",0,-1,-1,"zero",0
"K19302",722.253514542879,24.6937255412368,0.0341898309167325,"gamma_mle",1
"K19303",16.501236118673,1.13758950094429,0.0517047401523292,"zero_inflated_gamma",0.75
"K19304",114.96185106539,1.88730515275074,0.016311559229597,"zero_inflated_gamma",0.993589743589744
"K19306",5.39379116319408,2.02411576543267,0.161172678872575,"zero_inflated_gamma",0.429487179487179
"K19307",2.89288852124889,1.95502476516425,0.186279224887254,"zero_inflated_gamma",0.275641025641026
"K19309",115.123425526501,1.92008562498645,0.0164646694097762,"zero_inflated_gamma",0.987179487179487
"K19310",157.224450555354,1.87751140432707,0.0118650506853282,"zero_inflated_gamma",0.993589743589744
"K19311",0.147128190943764,10.5625615707557,0.920404547671555,"zero_inflated_gamma",0.0128205128205128
"K19312",13.5019798658894,1.39523442736553,0.0748520282829094,"zero_inflated_gamma",0.724358974358974
"K19314",0,-1,-1,"zero",0
"K19318",0,-1,-1,"zero",0
"K19323",0,-1,-1,"zero",0
"K19326",0.256182853708089,-1,-1,"mean_only",0.00641025641025641
"K19329",1.42421810695967,2.5574123678555,0.138127739940431,"zero_inflated_gamma",0.0769230769230769
"K19333",38.8050581510311,1.97923592732009,0.0470811563462477,"zero_inflated_gamma",0.923076923076923
"K19334",213.977235943874,5.39823877531046,0.0252280984540169,"gamma_mle",1
"K19335",2.04110789098112,0.802660510144976,0.0453747078519103,"zero_inflated_gamma",0.115384615384615
"K19336",2.20541041353887,1.04989610883236,0.0701875596804549,"zero_inflated_gamma",0.147435897435897
"K19337",261.007041641639,4.72327692806051,0.0180963582375128,"gamma_mle",1
"K19338",157.703060608233,4.45471382890183,0.0282474785950303,"gamma_mle",1
"K19339",52.2365574706018,1.92899515730094,0.0362179130515703,"zero_inflated_gamma",0.980769230769231
"K19340",4.43106773206253,1.13799593990092,0.051035152812075,"zero_inflated_gamma",0.198717948717949
"K19341",0.174901514067517,2.16185320925018,0.15846670586602,"zero_inflated_gamma",0.0128205128205128
"K19342",0.990552339615722,3.18089762111673,0.185263632173529,"zero_inflated_gamma",0.0576923076923077
"K19345",0,-1,-1,"zero",0
"K19346",0,-1,-1,"zero",0
"K19349",6.60291776272692,1.53398873844888,0.145944509189907,"zero_inflated_gamma",0.628205128205128
"K19350",93.7089860028827,2.38306474748625,0.0254304827011248,"gamma_mle",1
"K19353",73.7871845126413,0.867302759599992,0.0109252955117692,"zero_inflated_gamma",0.92948717948718
"K19354",109.016383915846,2.96900875701106,0.0272345187976787,"gamma_mle",1
"K19355",32.748254619593,1.44828829395518,0.04082298484734,"zero_inflated_gamma",0.923076923076923
"K19360",0,-1,-1,"zero",0
"K19370",7.56225392637414,1.51464760336358,0.066763499264908,"zero_inflated_gamma",0.333333333333333
"K19373",5.50863721617255,2.02765955889555,0.129774378786236,"zero_inflated_gamma",0.352564102564103
"K19382",0,-1,-1,"zero",0
"K19405",72.6659987228624,1.87436642001,0.0252982267393581,"zero_inflated_gamma",0.980769230769231
"K19407",0.321631028013076,-1,-1,"mean_only",0.00641025641025641
"K19411",68.2952566410454,1.80778832290746,0.0247733816265885,"zero_inflated_gamma",0.935897435897436
"K19412",0,-1,-1,"zero",0
"K19413",0,-1,-1,"zero",0
"K19416",2.41961872078321,0.959939370749514,0.0584924894963176,"zero_inflated_gamma",0.147435897435897
"K19417",25.3867147286707,1.68317852628696,0.0484511324150535,"zero_inflated_gamma",0.730769230769231
"K19418",2.9792935436687,1.21078592797633,0.0599179997799495,"zero_inflated_gamma",0.147435897435897
"K19419",45.1848666422474,1.2357910288442,0.0257718010276463,"zero_inflated_gamma",0.942307692307692
"K19421",266.708686797095,8.6700724472619,0.0325076492684989,"gamma_mle",1
"K19422",51.8528363655289,2.36795486438783,0.0439104171900156,"zero_inflated_gamma",0.961538461538462
"K19423",20.4185582153919,1.34189331355615,0.0501320286574245,"zero_inflated_gamma",0.762820512820513
"K19424",286.548602558725,4.83010392037024,0.0168561419502312,"gamma_mle",1
"K19425",389.204372264693,6.49238713387467,0.0166811772850776,"gamma_mle",1
"K19426",3.86320319864163,1.52658468379244,0.0962570055398024,"zero_inflated_gamma",0.243589743589744
"K19427",966.376790285186,7.93041924619856,0.00820634283223858,"gamma_mle",1
"K19428",31.0469120607313,1.54107048384143,0.0394549209634386,"zero_inflated_gamma",0.794871794871795
"K19429",38.4561891817508,1.53152182354397,0.0314005646131972,"zero_inflated_gamma",0.788461538461538
"K19430",104.161859729991,1.7479505196585,0.016350814779801,"zero_inflated_gamma",0.974358974358974
"K19431",1.04989635731209,2.8616168706908,0.0873595653575105,"zero_inflated_gamma",0.032051282051282
"K19449",299.85424511224,7.55039625382709,0.0251802213138616,"gamma_mle",1
"K19465",0,-1,-1,"zero",0
"K19469",2.81801139078898,-1,-1,"mean_only",0.00641025641025641
"K19504",44.7784149300322,1.70702215533255,0.0354334830958482,"zero_inflated_gamma",0.92948717948718
"K19505",29.9140334111388,1.04628693955444,0.0334070017536854,"zero_inflated_gamma",0.955128205128205
"K19506",102.208414744739,1.72525951519387,0.016122390981632,"zero_inflated_gamma",0.955128205128205
"K19507",69.6220870159325,1.2092651640505,0.0158102322762149,"zero_inflated_gamma",0.91025641025641
"K19508",96.2217732736689,1.12993225432115,0.0110655189445023,"zero_inflated_gamma",0.942307692307692
"K19509",95.45385649856,1.2613803704794,0.0130451390121352,"zero_inflated_gamma",0.987179487179487
"K19510",111.392356159348,1.26397604182133,0.0111288498869212,"zero_inflated_gamma",0.980769230769231
"K19511",0,-1,-1,"zero",0
"K19515",0,-1,-1,"zero",0
"K19517",1.90289818479333,0.963067153210069,0.0940837065322226,"zero_inflated_gamma",0.185897435897436
"K19519",0,-1,-1,"zero",0
"K19525",0,-1,-1,"zero",0
"K19540",6.61020904869314,0.575142757307666,0.0256562804452234,"zero_inflated_gamma",0.294871794871795
"K19542",6.95379675716979,0.992749093294697,0.0878545261364856,"zero_inflated_gamma",0.615384615384615
"K19545",156.041894790696,1.66505703408173,0.0106021757411664,"zero_inflated_gamma",0.993589743589744
"K19548",5.35008712252575,1.05237860016728,0.0592631065854583,"zero_inflated_gamma",0.301282051282051
"K19549",0,-1,-1,"zero",0
"K19550",0.398751686041235,2.19503515170689,0.141147873672059,"zero_inflated_gamma",0.0256410256410256
"K19561",0.314058296891413,15.2969287802544,0.936678668337479,"zero_inflated_gamma",0.0192307692307692
"K19562",0,-1,-1,"zero",0
"K19563",0,-1,-1,"zero",0
"K19564",0.25553389607001,-1,-1,"mean_only",0.00641025641025641
"K19573",0,-1,-1,"zero",0
"K19575",32.986850783064,1.19645308312118,0.0320855364842194,"zero_inflated_gamma",0.884615384615385
"K19577",112.033226047582,1.64250057705408,0.014472875008166,"zero_inflated_gamma",0.987179487179487
"K19578",0.139518563534891,-1,-1,"mean_only",0.00641025641025641
"K19582",0,-1,-1,"zero",0
"K19583",0,-1,-1,"zero",0
"K19584",0,-1,-1,"zero",0
"K19585",2.40049225163286,0.456176018521345,0.0194907040083473,"zero_inflated_gamma",0.102564102564103
"K19586",1.52973620328825,0.883008303419387,0.0555028013176714,"zero_inflated_gamma",0.0961538461538462
"K19587",46.2421386926047,1.51067216212199,0.0282710204361559,"zero_inflated_gamma",0.865384615384615
"K19591",217.897479937652,6.2636568865401,0.0287458895271866,"gamma_mle",1
"K19592",0.800367563003518,2.3795111118681,0.228694071022393,"zero_inflated_gamma",0.0769230769230769
"K19593",0,-1,-1,"zero",0
"K19594",0.282758477896495,22.8971340768906,2.0763515433354,"zero_inflated_gamma",0.0256410256410256
"K19595",20.4921399334615,1.32204212968894,0.0487995021286318,"zero_inflated_gamma",0.756410256410256
"K19597",1.35814310857134,1.31917702368456,0.0684897578971297,"zero_inflated_gamma",0.0705128205128205
"K19603",0.607832107684551,3.34953329398786,0.388569535854885,"zero_inflated_gamma",0.0705128205128205
"K19607",1.1142800983412,1.63463632678077,0.0658264165845588,"zero_inflated_gamma",0.0448717948717949
"K19609",0,-1,-1,"zero",0
"K19610",0,-1,-1,"zero",0
"K19611",5.85686582604431,0.483545217917078,0.0248739683422247,"zero_inflated_gamma",0.301282051282051
"K19615",0,-1,-1,"zero",0
"K19616",1.27063720597833,1.82207620592108,0.266574355840351,"zero_inflated_gamma",0.185897435897436
"K19618",0,-1,-1,"zero",0
"K19620",0,-1,-1,"zero",0
"K19621",0.317003243437348,-1,-1,"mean_only",0.00641025641025641
"K19622",0,-1,-1,"zero",0
"K19623",0,-1,-1,"zero",0
"K19624",0.381272797310809,-1,-1,"mean_only",0.00641025641025641
"K19626",0,-1,-1,"zero",0
"K19640",0,-1,-1,"zero",0
"K19641",1.27476255023695,2.01111824092238,0.171922465941143,"zero_inflated_gamma",0.108974358974359
"K19646",0,-1,-1,"zero",0
"K19647",0.812237781515094,1.64680361789273,0.181954190799579,"zero_inflated_gamma",0.0897435897435897
"K19658",0,-1,-1,"zero",0
"K19659",16.6608446337853,1.90333807165505,0.0607816400344769,"zero_inflated_gamma",0.532051282051282
"K19661",0.218553127020572,-1,-1,"mean_only",0.00641025641025641
"K19664",0,-1,-1,"zero",0
"K19665",0.0287720221199196,-1,-1,"mean_only",0.00641025641025641
"K19668",0.613628355004663,1.89072193824735,0.138259723952934,"zero_inflated_gamma",0.0448717948717949
"K19670",0.377818411241584,5.41781476052214,0.643449512660422,"zero_inflated_gamma",0.0448717948717949
"K19673",0.402124317943793,2.90133540810043,0.138750404301681,"zero_inflated_gamma",0.0192307692307692
"K19674",0,-1,-1,"zero",0
"K19676",0.293756338918609,-1,-1,"mean_only",0.00641025641025641
"K19686",0.385105398059293,1.2348899715255,0.0411106226805675,"zero_inflated_gamma",0.0128205128205128
"K19687",0.239475276292344,-1,-1,"mean_only",0.00641025641025641
"K19688",1.94869515981781,0.786825177757624,0.0362357937807005,"zero_inflated_gamma",0.0897435897435897
"K19689",315.379385075988,11.5565304106907,0.0366432650881929,"gamma_mle",1
"K19691",4.34557224348238,2.202896705924,0.21446997264778,"zero_inflated_gamma",0.423076923076923
"K19692",5.67360632680409,1.31978624336636,0.102888987007253,"zero_inflated_gamma",0.442307692307692
"K19693",2.4701072585814,1.96954637564705,0.132892095326674,"zero_inflated_gamma",0.166666666666667
"K19694",126.357370092752,1.19603793326322,0.00934416498807558,"zero_inflated_gamma",0.987179487179487
"K19696",0,-1,-1,"zero",0
"K19697",0.361019769566223,2.19249973656042,0.194649804187439,"zero_inflated_gamma",0.032051282051282
"K19701",45.3179816707954,2.17067138930057,0.0472845918975656,"zero_inflated_gamma",0.987179487179487
"K19702",23.634478256486,1.19958888748968,0.0429472882767889,"zero_inflated_gamma",0.846153846153846
"K19703",0.328831722670085,-1,-1,"mean_only",0.00641025641025641
"K19707",0,-1,-1,"zero",0
"K19709",4.04773697281639,1.1116298218555,0.0792201792669964,"zero_inflated_gamma",0.288461538461538
"K19710",22.2369764015141,1.38230039838152,0.0458247326618337,"zero_inflated_gamma",0.737179487179487
"K19712",0,-1,-1,"zero",0
"K19713",1.19793038316712,1.7300613287236,0.0833197253411344,"zero_inflated_gamma",0.0576923076923077
"K19714",5.28337716392499,1.41797541610074,0.127310495385511,"zero_inflated_gamma",0.474358974358974
"K19715",3.42536178665564,1.71955229666303,0.112629559639191,"zero_inflated_gamma",0.224358974358974
"K19719",0.207846466215997,-1,-1,"mean_only",0.00641025641025641
"K19721",0,-1,-1,"zero",0
"K19728",0,-1,-1,"zero",0
"K19734",0,-1,-1,"zero",0
"K19736",66.1251512976794,2.91223106873185,0.0417826777179248,"zero_inflated_gamma",0.948717948717949
"K19742",0,-1,-1,"zero",0
"K19744",0.145071706120801,-1,-1,"mean_only",0.00641025641025641
"K19745",5.56139136026899,0.63916519065116,0.0206282834392747,"zero_inflated_gamma",0.179487179487179
"K19746",0,-1,-1,"zero",0
"K19750",0,-1,-1,"zero",0
"K19758",0,-1,-1,"zero",0
"K19761",4.14660716792903,0.800100909191264,0.0259744623158247,"zero_inflated_gamma",0.134615384615385
"K19762",0,-1,-1,"zero",0
"K19765",0,-1,-1,"zero",0
"K19775",2.70499223633274,0.699777724702971,0.0397997857615743,"zero_inflated_gamma",0.153846153846154
"K19776",7.54678190212893,0.602339951159286,0.0225116821525288,"zero_inflated_gamma",0.282051282051282
"K19777",1.48431379742404,2.0540548523334,0.0975785587774172,"zero_inflated_gamma",0.0705128205128205
"K19778",2.22270441565749,1.29714014887836,0.0561140804133115,"zero_inflated_gamma",0.0961538461538462
"K19779",2.55990438349405,1.22006964732013,0.0488828212686176,"zero_inflated_gamma",0.102564102564103
"K19780",0.463260183698534,3.90064971426269,0.215897378750674,"zero_inflated_gamma",0.0256410256410256
"K19781",0.947083127751482,1.82551736031509,0.123558682634085,"zero_inflated_gamma",0.0641025641025641
"K19783",14.0091918554171,1.51740768952326,0.0833193446342382,"zero_inflated_gamma",0.769230769230769
"K19784",28.5466850646193,1.18184006666294,0.0310501919221359,"zero_inflated_gamma",0.75
"K19787",0.191580221033876,-1,-1,"mean_only",0.00641025641025641
"K19789",82.7077138041492,1.20760405373327,0.014413673110385,"zero_inflated_gamma",0.987179487179487
"K19791",1.16736576673942,1.68492438056899,0.0740182562763168,"zero_inflated_gamma",0.0512820512820513
"K19792",0,-1,-1,"zero",0
"K19793",62.0758319197621,1.28455707570941,0.0200301040857905,"zero_inflated_gamma",0.967948717948718
"K19796",0.0872620083013596,-1,-1,"mean_only",0.00641025641025641
"K19800",0.273264873661939,2.75110377568797,0.129070966034232,"zero_inflated_gamma",0.0128205128205128
"K19801",2.31259117703471,2.02488619329268,0.179608602914244,"zero_inflated_gamma",0.205128205128205
"K19802",179.004818227271,3.47503545627023,0.019413083349847,"gamma_mle",1
"K19803",5.57906392508271,0.962814337458958,0.0531004070485883,"zero_inflated_gamma",0.307692307692308
"K19804",4.81389178973718,0.979850941891749,0.0678488414149449,"zero_inflated_gamma",0.333333333333333
"K19810",4.03851683116578,0.636630430594833,0.0343573623575145,"zero_inflated_gamma",0.217948717948718
"K19811",3.55861964094899,2.05278873234411,0.22926078491151,"zero_inflated_gamma",0.397435897435897
"K19813",0.176086875858409,1.36004818115788,0.0990222301238984,"zero_inflated_gamma",0.0128205128205128
"K19814",1.30560253931256,1.05972298877107,0.0780455292938073,"zero_inflated_gamma",0.0961538461538462
"K19817",2.37958090120718,2.50742224694837,0.357996080212701,"zero_inflated_gamma",0.33974358974359
"K19824",471.789006845417,14.1751134631507,0.0300454509483627,"gamma_mle",1
"K19829",0,-1,-1,"zero",0
"K19833",0,-1,-1,"zero",0
"K19837",0.217163668711559,0.933434522109712,0.055106405822015,"zero_inflated_gamma",0.0128205128205128
"K19839",0,-1,-1,"zero",0
"K19841",0.205903975877529,-1,-1,"mean_only",0.00641025641025641
"K19852",1.323407107351,1.0827655774136,0.0314678904693821,"zero_inflated_gamma",0.0384615384615385
"K19854",39.3087199072845,0.989571146061676,0.0224309839353656,"zero_inflated_gamma",0.891025641025641
"K19862",0,-1,-1,"zero",0
"K19883",1.26184724169147,1.43073622363076,0.0872186655806719,"zero_inflated_gamma",0.0769230769230769
"K19923",0,-1,-1,"zero",0
"K19930",0,-1,-1,"zero",0
"K19946",0,-1,-1,"zero",0
"K19947",0,-1,-1,"zero",0
"K19951",0,-1,-1,"zero",0
"K19952",0,-1,-1,"zero",0
"K19954",91.4894411842962,2.56258324645365,0.0278300577401307,"zero_inflated_gamma",0.993589743589744
"K19955",384.385514894966,7.91393658622621,0.0205885400972737,"gamma_mle",1
"K19956",42.9701989588456,1.51977483249706,0.0331009258355471,"zero_inflated_gamma",0.935897435897436
"K19961",4.48053433014981,1.27079526382808,0.0872694858513991,"zero_inflated_gamma",0.307692307692308
"K19965",0,-1,-1,"zero",0
"K19967",1.37315914573849,2.15085241053041,0.180733077377316,"zero_inflated_gamma",0.115384615384615
"K19970",0,-1,-1,"zero",0
"K19971",2.41834046222423,1.44192912930556,0.0458651819558865,"zero_inflated_gamma",0.0769230769230769
"K19972",1.78441857436135,1.24683614360781,0.103018657410089,"zero_inflated_gamma",0.147435897435897
"K19973",0,-1,-1,"zero",0
"K19974",0,-1,-1,"zero",0
"K19975",1.06458946342985,1.75825723132133,0.116457734015229,"zero_inflated_gamma",0.0705128205128205
"K19976",0.272344331774389,3.43961929481066,0.323837716610412,"zero_inflated_gamma",0.0256410256410256
"K19978",0,-1,-1,"zero",0
"K19986",0,-1,-1,"zero",0
"K19997",29.6173055683563,1.57568734964212,0.0426294683959831,"zero_inflated_gamma",0.801282051282051
"K20000",0,-1,-1,"zero",0
"K20021",154.22364709169,4.87092096119873,0.0315834896467131,"gamma_mle",1
"K20023",3.66703923563837,1.84598340140887,0.12262280126431,"zero_inflated_gamma",0.243589743589744
"K20025",3.34089958554616,1.73513442098458,0.153145040118263,"zero_inflated_gamma",0.294871794871795
"K20026",9.36253900734236,1.51246164888596,0.0859496722750206,"zero_inflated_gamma",0.532051282051282
"K20032",0.817149028504617,8.28621395408097,0.520020258366896,"zero_inflated_gamma",0.0512820512820513
"K20034",0,-1,-1,"zero",0
"K20035",16.5271996059043,1.9709384013247,0.100907422223994,"zero_inflated_gamma",0.846153846153846
"K20037",9.47793383990652,1.31400708257173,0.0666531529955859,"zero_inflated_gamma",0.480769230769231
"K20038",54.9204933001287,2.11392296111951,0.0382438693955119,"zero_inflated_gamma",0.993589743589744
"K20039",0,-1,-1,"zero",0
"K20040",0,-1,-1,"zero",0
"K20046",0,-1,-1,"zero",0
"K20047",0,-1,-1,"zero",0
"K20069",0,-1,-1,"zero",0
"K20073",4.51774702380828,1.19935280880232,0.0748778086891072,"zero_inflated_gamma",0.282051282051282
"K20074",706.498258482309,14.1860352134508,0.0200793633149571,"gamma_mle",1
"K20091",0,-1,-1,"zero",0
"K20092",0.94578763725306,0.985451997752248,0.0801490703000313,"zero_inflated_gamma",0.0769230769230769
"K20093",0,-1,-1,"zero",0
"K20098",1.70257716300902,1.60333858588671,0.144878881328268,"zero_inflated_gamma",0.153846153846154
"K20102",0,-1,-1,"zero",0
"K20103",0,-1,-1,"zero",0
"K20107",57.0760281532952,1.5951988003972,0.0268737165147916,"zero_inflated_gamma",0.961538461538462
"K20108",57.0760281532952,1.5951988003972,0.0268737165147916,"zero_inflated_gamma",0.961538461538462
"K20110",0.234380057647826,-1,-1,"mean_only",0.00641025641025641
"K20112",1.14511874278626,2.34846136219567,0.0920251084637513,"zero_inflated_gamma",0.0448717948717949
"K20113",0.651345396440231,13.7607717727118,0.4062824852138,"zero_inflated_gamma",0.0192307692307692
"K20114",0.968218217322007,1.02205229777525,0.0812000911722427,"zero_inflated_gamma",0.0769230769230769
"K20115",0,-1,-1,"zero",0
"K20116",137.728133214342,2.1932328784642,0.0158222843981662,"zero_inflated_gamma",0.993589743589744
"K20117",141.333540589139,2.24302601671514,0.0157687102121913,"zero_inflated_gamma",0.993589743589744
"K20118",141.333540589139,2.24302601671514,0.0157687102121913,"zero_inflated_gamma",0.993589743589744
"K20121",0,-1,-1,"zero",0
"K20123",0,-1,-1,"zero",0
"K20129",0,-1,-1,"zero",0
"K20138",0,-1,-1,"zero",0
"K20140",0,-1,-1,"zero",0
"K20141",0.858468883217221,2.00942934086463,0.270082278077817,"zero_inflated_gamma",0.115384615384615
"K20147",0.314394567230316,37.3130623044295,1.52156762077918,"zero_inflated_gamma",0.0128205128205128
"K20151",32.3646117033112,0.999365012961855,0.0241484339991032,"zero_inflated_gamma",0.782051282051282
"K20156",1.65333956949345,2.04113486541054,0.197844987451737,"zero_inflated_gamma",0.16025641025641
"K20161",0,-1,-1,"zero",0
"K20168",0,-1,-1,"zero",0
"K20170",24.0278084067143,2.00113499898279,0.060861475966464,"zero_inflated_gamma",0.730769230769231
"K20178",0,-1,-1,"zero",0
"K20179",0.180587913269637,-1,-1,"mean_only",0.00641025641025641
"K20180",0,-1,-1,"zero",0
"K20181",0,-1,-1,"zero",0
"K20182",0,-1,-1,"zero",0
"K20183",0,-1,-1,"zero",0
"K20184",0,-1,-1,"zero",0
"K20199",0,-1,-1,"zero",0
"K20201",5.05361081934221,1.53893743712421,0.0663702555291277,"zero_inflated_gamma",0.217948717948718
"K20202",0.0711095207420173,-1,-1,"mean_only",0.00641025641025641
"K20203",0,-1,-1,"zero",0
"K20215",0.431751170743462,1.59447145942118,0.142039743069491,"zero_inflated_gamma",0.0384615384615385
"K20221",0,-1,-1,"zero",0
"K20235",0,-1,-1,"zero",0
"K20238",0.236900273321459,-1,-1,"mean_only",0.00641025641025641
"K20250",0,-1,-1,"zero",0
"K20258",0.245505964204433,-1,-1,"mean_only",0.00641025641025641
"K20260",0.146402639204478,-1,-1,"mean_only",0.00641025641025641
"K20261",0,-1,-1,"zero",0
"K20262",0,-1,-1,"zero",0
"K20263",1.29281157385661,3.25141538451222,0.24182649736961,"zero_inflated_gamma",0.0961538461538462
"K20264",4.88678325966889,1.63072230187754,0.10695530713661,"zero_inflated_gamma",0.320512820512821
"K20265",251.260348598193,2.93501699918163,0.0116811785685899,"gamma_mle",1
"K20266",2.15815227706832,1.464125249438,0.0695811383866021,"zero_inflated_gamma",0.102564102564103
"K20274",0,-1,-1,"zero",0
"K20276",96.8358037735408,1.17960667755747,0.0118691672677161,"zero_inflated_gamma",0.974358974358974
"K20279",0.316023241574803,10.6995599579343,0.434062523158042,"zero_inflated_gamma",0.0128205128205128
"K20280",0,-1,-1,"zero",0
"K20285",0,-1,-1,"zero",0
"K20290",0.218135895236591,-1,-1,"mean_only",0.00641025641025641
"K20291",0,-1,-1,"zero",0
"K20294",0,-1,-1,"zero",0
"K20300",0,-1,-1,"zero",0
"K20305",0,-1,-1,"zero",0
"K20306",0,-1,-1,"zero",0
"K20320",0.654144367965538,3.52051891415465,0.206994939117883,"zero_inflated_gamma",0.0384615384615385
"K20325",1.06209077819832,2.66918474059645,0.354417434729093,"zero_inflated_gamma",0.141025641025641
"K20327",0,-1,-1,"zero",0
"K20329",0,-1,-1,"zero",0
"K20331",44.7667589269974,1.64516719283237,0.0343939966684934,"zero_inflated_gamma",0.935897435897436
"K20333",33.2071175522844,0.627606799317822,0.01684017740455,"zero_inflated_gamma",0.891025641025641
"K20339",41.0066447307457,1.260491700497,0.0279801153687693,"zero_inflated_gamma",0.91025641025641
"K20341",0.262282445463044,-1,-1,"mean_only",0.00641025641025641
"K20342",6.08524756647157,1.70606979770511,0.0898594900012037,"zero_inflated_gamma",0.320512820512821
"K20343",2.42386401135579,1.58481775987501,0.0251476687390012,"zero_inflated_gamma",0.0384615384615385
"K20344",121.737505461499,1.74397580451268,0.0143257067565282,"gamma_mle",1
"K20345",97.3507315743231,1.79244834670352,0.0178221370412237,"zero_inflated_gamma",0.967948717948718
"K20347",0,-1,-1,"zero",0
"K20353",0,-1,-1,"zero",0
"K20366",0,-1,-1,"zero",0
"K20370",0.26893591368489,0.744977719966098,0.0532710355356961,"zero_inflated_gamma",0.0192307692307692
"K20371",0,-1,-1,"zero",0
"K20373",17.4272172006344,1.55721340859026,0.0675892301172659,"zero_inflated_gamma",0.756410256410256
"K20374",0.155721635459663,-1,-1,"mean_only",0.00641025641025641
"K20375",0,-1,-1,"zero",0
"K20379",0,-1,-1,"zero",0
"K20382",0.0709628120992141,-1,-1,"mean_only",0.00641025641025641
"K20385",0,-1,-1,"zero",0
"K20386",20.3209176518712,0.732248444780825,0.0221749054485213,"zero_inflated_gamma",0.615384615384615
"K20391",0.782315270291642,2.12091019781206,0.173786435052388,"zero_inflated_gamma",0.0641025641025641
"K20403",0,-1,-1,"zero",0
"K20406",0,-1,-1,"zero",0
"K20415",4.87646399351042,1.56707819847811,0.109178448414341,"zero_inflated_gamma",0.33974358974359
"K20421",0.221440037600082,5.42563494504359,0.471184591049273,"zero_inflated_gamma",0.0192307692307692
"K20428",0,-1,-1,"zero",0
"K20429",21.2220788426174,2.03634637557912,0.0805768760012417,"zero_inflated_gamma",0.83974358974359
"K20444",750.403190062663,10.6634156897498,0.0142102483451055,"gamma_mle",1
"K20445",2.3713421771811,2.22856904933629,0.168680663974564,"zero_inflated_gamma",0.179487179487179
"K20446",1.65679405836656,1.69436770019281,0.124556999571697,"zero_inflated_gamma",0.121794871794872
"K20447",19.8242349796332,1.79767604192102,0.068591832028275,"zero_inflated_gamma",0.756410256410256
"K20448",19.0091043865118,1.71939240562002,0.0695776884534921,"zero_inflated_gamma",0.769230769230769
"K20449",0.549420951671377,2.24745845436947,0.104887044588165,"zero_inflated_gamma",0.0256410256410256
"K20450",1.93492787690801,2.23718193254381,0.140820384009037,"zero_inflated_gamma",0.121794871794872
"K20451",10.3564964114678,1.47687149425508,0.0859276835699875,"zero_inflated_gamma",0.602564102564103
"K20452",0,-1,-1,"zero",0
"K20453",2.75057464297794,1.84151951235373,0.0858337895960343,"zero_inflated_gamma",0.128205128205128
"K20454",9.75237985263478,1.43276295648707,0.0489713956366587,"zero_inflated_gamma",0.333333333333333
"K20455",0,-1,-1,"zero",0
"K20457",0,-1,-1,"zero",0
"K20459",144.869041627621,2.70122933371067,0.0186460081695995,"gamma_mle",1
"K20460",137.420893075821,3.02777001344685,0.0220328215432009,"gamma_mle",1
"K20461",137.66480457602,2.92686586253993,0.0212608144220602,"gamma_mle",1
"K20468",0.146263253830215,-1,-1,"mean_only",0.00641025641025641
"K20469",39.1068049537461,1.47729682333362,0.0348701104006576,"zero_inflated_gamma",0.923076923076923
"K20470",0.250210273235219,-1,-1,"mean_only",0.00641025641025641
"K20471",0,-1,-1,"zero",0
"K20472",0.177675204991094,-1,-1,"mean_only",0.00641025641025641
"K20473",0,-1,-1,"zero",0
"K20476",0,-1,-1,"zero",0
"K20478",0,-1,-1,"zero",0
"K20480",19.9363282836604,1.47884581748397,0.0603888617199782,"zero_inflated_gamma",0.814102564102564
"K20483",13.1795304794633,1.00179446359964,0.0341076760999861,"zero_inflated_gamma",0.448717948717949
"K20484",7.45492800132153,1.0738162067318,0.0627871565032588,"zero_inflated_gamma",0.435897435897436
"K20485",11.3260590343137,1.04198637870788,0.0572045214313092,"zero_inflated_gamma",0.621794871794872
"K20486",0.473706965943839,44.9523537592095,4.25810245975303,"zero_inflated_gamma",0.0448717948717949
"K20487",260.846136245348,4.96468716612078,0.0190330101782725,"gamma_mle",1
"K20488",403.25676760042,6.39279701176556,0.0158529193441834,"gamma_mle",1
"K20489",38.693108089934,1.64478777752079,0.0359687699634064,"zero_inflated_gamma",0.846153846153846
"K20490",84.8131218003581,2.73313012889142,0.0316056039113245,"zero_inflated_gamma",0.980769230769231
"K20491",61.5264603665193,2.03454036617298,0.032007866653153,"zero_inflated_gamma",0.967948717948718
"K20492",65.2223017013806,2.35079065286561,0.0351185700244969,"zero_inflated_gamma",0.974358974358974
"K20498",5.57938357214243,1.28969908902591,0.124467756455517,"zero_inflated_gamma",0.538461538461538
"K20509",7.49035931679886,1.30199186347685,0.0701974877526734,"zero_inflated_gamma",0.403846153846154
"K20510",3.47161356470402,1.50043961395067,0.130214816911642,"zero_inflated_gamma",0.301282051282051
"K20511",4.6653408255421,1.92610220871699,0.148203814372541,"zero_inflated_gamma",0.358974358974359
"K20523",0,-1,-1,"zero",0
"K20525",2.05644648889459,1.25245166389813,0.121026550830409,"zero_inflated_gamma",0.198717948717949
"K20526",0,-1,-1,"zero",0
"K20527",1.94445511069751,1.89635596848532,0.0812719528319456,"zero_inflated_gamma",0.0833333333333333
"K20528",2.45895072004683,0.783783310284176,0.0204325037831805,"zero_inflated_gamma",0.0641025641025641
"K20529",3.22942786834127,1.25789806102606,0.0499373228811766,"zero_inflated_gamma",0.128205128205128
"K20530",70.8003238689686,1.9615515746821,0.026639811518925,"zero_inflated_gamma",0.961538461538462
"K20531",2.02837359796253,0.974040981458373,0.0400173231744545,"zero_inflated_gamma",0.0833333333333333
"K20532",2.45676065985227,1.11601519756697,0.0669746568700272,"zero_inflated_gamma",0.147435897435897
"K20533",2.85279823073275,1.23378577789461,0.0499018458143157,"zero_inflated_gamma",0.115384615384615
"K20534",454.165592798002,9.37248068989287,0.0206367035251423,"gamma_mle",1
"K20539",0,-1,-1,"zero",0
"K20541",10.1470406008716,0.675468711326635,0.0371244897119406,"zero_inflated_gamma",0.557692307692308
"K20542",8.91414608407861,0.932087349951968,0.0455786209968192,"zero_inflated_gamma",0.435897435897436
"K20543",9.6528206153784,0.368236713806335,0.0154059612729896,"zero_inflated_gamma",0.403846153846154
"K20547",0.413406008895395,0.609079478633668,0.0377774444324057,"zero_inflated_gamma",0.0256410256410256
"K20603",0,-1,-1,"zero",0
"K20604",0,-1,-1,"zero",0
"K20606",0,-1,-1,"zero",0
"K20608",103.293153221147,2.58677164013154,0.0248824795302824,"zero_inflated_gamma",0.993589743589744
"K20609",5.11282353448234,2.02358044798001,0.139539692656451,"zero_inflated_gamma",0.352564102564103
"K20626",0.528029663330162,1.87645196457059,0.205020383565367,"zero_inflated_gamma",0.0576923076923077
"K20627",0.7365067526994,4.89109684166563,0.595981756780661,"zero_inflated_gamma",0.0897435897435897
"K20628",0,-1,-1,"zero",0
"K20632",0.209825956370435,-1,-1,"mean_only",0.00641025641025641
"K20638",0,-1,-1,"zero",0
"K20643",0.815989830329468,-1,-1,"mean_only",0.00641025641025641
"K20692",0.0922818281055532,1.12597314568291,0.15642898982527,"zero_inflated_gamma",0.0128205128205128
"K20697",0,-1,-1,"zero",0
"K20698",0,-1,-1,"zero",0
"K20708",1.11101019582877,1.97742647600204,0.205366786228859,"zero_inflated_gamma",0.115384615384615
"K20712",0.672004631824274,4.11948164564395,0.392957613316392,"zero_inflated_gamma",0.0641025641025641
"K20715",0,-1,-1,"zero",0
"K20717",0,-1,-1,"zero",0
"K20736",2.48196318464256,1.77019327840017,0.182877697469017,"zero_inflated_gamma",0.256410256410256
"K20741",0,-1,-1,"zero",0
"K20742",112.229218291326,2.26517931251138,0.0201835078867912,"gamma_mle",1
"K20754",0,-1,-1,"zero",0
"K20755",1.9168369746047,1.69951723210716,0.119353481225371,"zero_inflated_gamma",0.134615384615385
"K20757",3.36692988229966,2.19752537189044,0.188272869273659,"zero_inflated_gamma",0.288461538461538
"K20765",6.48411965107637,1.39993238092084,0.119022725696016,"zero_inflated_gamma",0.551282051282051
"K20772",0,-1,-1,"zero",0
"K20777",34.3985896276272,1.8227054429507,0.0461944886449878,"zero_inflated_gamma",0.871794871794872
"K20779",0,-1,-1,"zero",0
"K20788",0,-1,-1,"zero",0
"K20792",0,-1,-1,"zero",0
"K20793",14.3264262506781,1.42676025734947,0.0555402447562409,"zero_inflated_gamma",0.557692307692308
"K20801",0,-1,-1,"zero",0
"K20810",70.1594039351408,2.02095333206076,0.0288051667874635,"gamma_mle",1
"K20811",1.81996307033353,1.07058943920615,0.116895414388357,"zero_inflated_gamma",0.198717948717949
"K20812",0,-1,-1,"zero",0
"K20814",65.1094081528199,1.06299608606976,0.0151750916169877,"zero_inflated_gamma",0.92948717948718
"K20817",0,-1,-1,"zero",0
"K20830",0,-1,-1,"zero",0
"K20838",9.51338876446128,1.62417447553508,0.0853625619507129,"zero_inflated_gamma",0.5
"K20839",0,-1,-1,"zero",0
"K20844",0.509178295010596,1.48094095771151,0.111865073909137,"zero_inflated_gamma",0.0384615384615385
"K20846",3.28096977356546,1.1837990375041,0.101766264020245,"zero_inflated_gamma",0.282051282051282
"K20847",3.97738450737845,1.45181402533396,0.100613734035697,"zero_inflated_gamma",0.275641025641026
"K20853",0.78770659965024,3.15612238762918,0.30820948473714,"zero_inflated_gamma",0.0769230769230769
"K20859",53.0623830558378,1.66849762896984,0.0304362534785206,"zero_inflated_gamma",0.967948717948718
"K20860",0.140166773722452,6.71529950274646,0.92133371999081,"zero_inflated_gamma",0.0192307692307692
"K20861",228.101710424011,3.08158315084948,0.0135096889239507,"gamma_mle",1
"K20862",9.48116177512598,0.937859620357528,0.0367772859046887,"zero_inflated_gamma",0.371794871794872
"K20863",0,-1,-1,"zero",0
"K20866",198.296631617618,4.5518946216214,0.0229549770184648,"gamma_mle",1
"K20867",6.44329011608094,0.899065461305779,0.0581396463807314,"zero_inflated_gamma",0.416666666666667
"K20876",0,-1,-1,"zero",0
"K20877",0.0305557703155044,-1,-1,"mean_only",0.00641025641025641
"K20881",4.13633573855435,0.717915143867159,0.0322649303326349,"zero_inflated_gamma",0.185897435897436
"K20882",22.0410090760805,1.06117034386477,0.0404296822713757,"zero_inflated_gamma",0.83974358974359
"K20883",11.859823867423,1.26096765889597,0.0681555317256178,"zero_inflated_gamma",0.641025641025641
"K20884",62.0353537970009,2.39735457209405,0.0376540762495544,"zero_inflated_gamma",0.974358974358974
"K20885",14.6770415543673,1.44978335256406,0.0721846471177989,"zero_inflated_gamma",0.730769230769231
"K20887",0,-1,-1,"zero",0
"K20890",0.108712897359688,-1,-1,"mean_only",0.00641025641025641
"K20893",1.79524664371617,1.58827236765978,0.0907394705828185,"zero_inflated_gamma",0.102564102564103
"K20895",0.568657507000864,11.5729905081803,0.391373554437857,"zero_inflated_gamma",0.0192307692307692
"K20896",0.202125921274272,-1,-1,"mean_only",0.00641025641025641
"K20900",0,-1,-1,"zero",0
"K20902",0,-1,-1,"zero",0
"K20903",21.9409507395946,1.89269282351302,0.0680150788894102,"zero_inflated_gamma",0.788461538461538
"K20904",14.6916249158488,2.19021581624278,0.0993861391002458,"zero_inflated_gamma",0.666666666666667
"K20905",0,-1,-1,"zero",0
"K20918",19.8211985976986,0.857299812248722,0.0291116965978935,"zero_inflated_gamma",0.673076923076923
"K20919",0,-1,-1,"zero",0
"K20920",0,-1,-1,"zero",0
"K20922",10.8142827930409,1.24141403235276,0.0941898920717551,"zero_inflated_gamma",0.82051282051282
"K20927",0,-1,-1,"zero",0
"K20938",0.342064900331581,5.91128194538208,0.44310694194566,"zero_inflated_gamma",0.0256410256410256
"K20940",0,-1,-1,"zero",0
"K20941",0,-1,-1,"zero",0
"K20948",7.11918760431438,1.05771976003758,0.0704769825459555,"zero_inflated_gamma",0.474358974358974
"K20954",0.14760411851029,13.3237533706965,1.15726683394987,"zero_inflated_gamma",0.0128205128205128
"K20955",13.6533219555489,1.38570898348219,0.0676616278438138,"zero_inflated_gamma",0.666666666666667
"K20956",23.9749827892032,1.20793815159649,0.0471535779083416,"zero_inflated_gamma",0.935897435897436
"K20957",2.68580705056177,1.60704005924563,0.153421875025065,"zero_inflated_gamma",0.256410256410256
"K20958",2.58908501204066,3.37568526332667,0.309237933830579,"zero_inflated_gamma",0.237179487179487
"K20959",17.2644466494902,1.19833154231393,0.0542824648837948,"zero_inflated_gamma",0.782051282051282
"K20960",1.66345654891211,1.94594053680097,0.292454368296185,"zero_inflated_gamma",0.25
"K20961",0.451832340567701,7.11112685577221,0.302661910748265,"zero_inflated_gamma",0.0192307692307692
"K20962",12.5418632798476,1.19981206799889,0.069908730659504,"zero_inflated_gamma",0.730769230769231
"K20963",2.28168008236855,2.00328457339513,0.236381011891651,"zero_inflated_gamma",0.269230769230769
"K20964",3.28923035194501,2.12283904054885,0.182033305335778,"zero_inflated_gamma",0.282051282051282
"K20965",23.7360443535957,1.6901505431467,0.0680109301543171,"zero_inflated_gamma",0.955128205128205
"K20966",5.71559399599273,1.40184932272365,0.121061511408919,"zero_inflated_gamma",0.493589743589744
"K20967",6.30034478428944,2.29711878909717,0.22437050842778,"zero_inflated_gamma",0.615384615384615
"K20968",5.70306880303426,1.86406811608017,0.182283694140128,"zero_inflated_gamma",0.557692307692308
"K20971",38.6789377527535,1.28321806476934,0.0316874722575332,"zero_inflated_gamma",0.955128205128205
"K20972",3.60011976473625,1.80720781507204,0.225249890747894,"zero_inflated_gamma",0.448717948717949
"K20973",14.446018375675,1.48413106804024,0.0731008579258745,"zero_inflated_gamma",0.711538461538462
"K20974",400.402078143769,6.08738717031263,0.0152031857540132,"gamma_mle",1
"K20975",1.5026012281365,1.7100094665979,0.131311475668198,"zero_inflated_gamma",0.115384615384615
"K20976",0.323995962042584,-1,-1,"mean_only",0.00641025641025641
"K20977",1.25312523929885,1.76425674955197,0.0541494390990709,"zero_inflated_gamma",0.0384615384615385
"K20988",4.29927067690151,1.56334017943515,0.146850237183265,"zero_inflated_gamma",0.403846153846154
"K20989",0.590212352282264,1.82370442215155,0.198071302935373,"zero_inflated_gamma",0.0641025641025641
"K20997",13.727677990852,2.38671837441942,0.132625323492146,"zero_inflated_gamma",0.762820512820513
"K20998",0,-1,-1,"zero",0
"K20999",0,-1,-1,"zero",0
"K21000",0,-1,-1,"zero",0
"K21001",0.201910455324827,1.28278301712807,0.0814516320641686,"zero_inflated_gamma",0.0128205128205128
"K21002",0,-1,-1,"zero",0
"K21005",6.02761944386567,1.85483744481714,0.0986291829747409,"zero_inflated_gamma",0.320512820512821
"K21006",0.125652658844788,-1,-1,"mean_only",0.00641025641025641
"K21007",0,-1,-1,"zero",0
"K21009",0,-1,-1,"zero",0
"K21010",0,-1,-1,"zero",0
"K21011",98.0742375041608,1.41311316277046,0.0140391557147898,"zero_inflated_gamma",0.974358974358974
"K21012",86.8156350179324,1.39392267263632,0.0155415054398816,"zero_inflated_gamma",0.967948717948718
"K21019",28.9570735678111,1.76844916618279,0.0598969548600935,"zero_inflated_gamma",0.980769230769231
"K21020",15.5521424428177,1.63932949479289,0.0831106235209871,"zero_inflated_gamma",0.788461538461538
"K21021",45.8574965308408,1.65098860378316,0.0353102315965327,"zero_inflated_gamma",0.980769230769231
"K21022",13.3450226452417,1.11543690118689,0.060545174870421,"zero_inflated_gamma",0.724358974358974
"K21023",316.756845675797,4.09579509469437,0.0129304075053407,"gamma_mle",1
"K21024",55.1849363590025,1.55535023027176,0.028184325884758,"gamma_mle",1
"K21025",0.146782888799805,-1,-1,"mean_only",0.00641025641025641
"K21027",0,-1,-1,"zero",0
"K21028",3.2975837175819,0.894657149813884,0.0782615999875728,"zero_inflated_gamma",0.288461538461538
"K21029",236.450887221364,5.70528619265457,0.0241288423980973,"gamma_mle",1
"K21030",24.4410950367266,1.70924964450739,0.0551398209572049,"zero_inflated_gamma",0.788461538461538
"K21034",0,-1,-1,"zero",0
"K21038",38.5145245701117,1.3431680852221,0.0315210254143708,"zero_inflated_gamma",0.903846153846154
"K21039",3.17495473329901,0.762247310946879,0.0323186387065548,"zero_inflated_gamma",0.134615384615385
"K21053",1.67331699381959,2.39303348740583,0.110008742940589,"zero_inflated_gamma",0.0769230769230769
"K21054",0.839865700347821,-1,-1,"mean_only",0.00641025641025641
"K21055",5.60094251376724,2.41650956473889,0.113393108656131,"zero_inflated_gamma",0.262820512820513
"K21056",2.59401681888616,2.04568012715653,0.262871609294978,"zero_inflated_gamma",0.333333333333333
"K21057",3.1791849762436,1.68060644242988,0.145711585501275,"zero_inflated_gamma",0.275641025641026
"K21060",0,-1,-1,"zero",0
"K21061",0.272510976643591,2176.53938331119,102.397163636412,"zero_inflated_gamma",0.0128205128205128
"K21062",0,-1,-1,"zero",0
"K21063",29.2220151627929,1.24564636551853,0.0333364872925204,"zero_inflated_gamma",0.782051282051282
"K21064",980.970274956639,17.3161144774967,0.0176520277113005,"gamma_mle",1
"K21065",24.4505943036876,1.44042206645092,0.04644948030472,"zero_inflated_gamma",0.788461538461538
"K21071",1001.57550220845,16.5200987909311,0.0164941122806066,"gamma_mle",1
"K21077",0,-1,-1,"zero",0
"K21079",2.28262409533961,1.27441855097113,0.0357892905029416,"zero_inflated_gamma",0.0641025641025641
"K21084",7.56296173369144,0.882292362203251,0.0590776361305319,"zero_inflated_gamma",0.506410256410256
"K21085",4.45497990517104,0.702860639110629,0.0485445089848809,"zero_inflated_gamma",0.307692307692308
"K21086",7.84397133449181,0.997623971036198,0.0750056721020972,"zero_inflated_gamma",0.58974358974359
"K21087",2.29717637734753,0.893179272655938,0.0523406354447631,"zero_inflated_gamma",0.134615384615385
"K21088",13.086841506032,1.11670909487113,0.0618100444056996,"zero_inflated_gamma",0.724358974358974
"K21089",12.1884737913661,1.56264035648704,0.0780744107661164,"zero_inflated_gamma",0.608974358974359
"K21090",14.2773470833785,0.732923845213415,0.0319196756728309,"zero_inflated_gamma",0.621794871794872
"K21104",1.36599347464907,2.48299067827259,0.291300932387192,"zero_inflated_gamma",0.16025641025641
"K21105",1.36391340547631,1.47991560884084,0.0834654617818428,"zero_inflated_gamma",0.0769230769230769
"K21109",0,-1,-1,"zero",0
"K21128",0,-1,-1,"zero",0
"K21132",2.58683805755072,0.995388464894255,0.0813978068253052,"zero_inflated_gamma",0.211538461538462
"K21133",0,-1,-1,"zero",0
"K21134",54.0898274842862,1.58171030438216,0.0277426833331171,"zero_inflated_gamma",0.948717948717949
"K21135",12.3045281993051,1.41508007297042,0.0847791955622614,"zero_inflated_gamma",0.737179487179487
"K21136",5.50058737938808,1.39747352498595,0.0977149857334112,"zero_inflated_gamma",0.384615384615385
"K21137",18.7098544499771,1.68613406430686,0.0722116233130822,"zero_inflated_gamma",0.801282051282051
"K21138",7.20026389117456,1.03649380021202,0.050752376858426,"zero_inflated_gamma",0.352564102564103
"K21140",99.2324779297063,1.7561515013419,0.0174704569982848,"zero_inflated_gamma",0.987179487179487
"K21142",0,-1,-1,"zero",0
"K21147",33.5007688748407,1.5940354276545,0.042701844244419,"zero_inflated_gamma",0.897435897435897
"K21148",2.90650663771336,1.88564458576072,0.0956514938378029,"zero_inflated_gamma",0.147435897435897
"K21159",0,-1,-1,"zero",0
"K21163",0,-1,-1,"zero",0
"K21167",3.5074161319491,1.27508905604085,0.100206773866731,"zero_inflated_gamma",0.275641025641026
"K21171",0.0902450658319634,5.27911079421492,0.749967956632245,"zero_inflated_gamma",0.0128205128205128
"K21172",0,-1,-1,"zero",0
"K21182",0,-1,-1,"zero",0
"K21183",0.258531484210736,180480.428052885,8949.98011080759,"zero_inflated_gamma",0.0128205128205128
"K21185",0,-1,-1,"zero",0
"K21188",0,-1,-1,"zero",0
"K21189",0.907793570267415,3.99971876123027,0.225947604549316,"zero_inflated_gamma",0.0512820512820513
"K21191",0,-1,-1,"zero",0
"K21197",0,-1,-1,"zero",0
"K21209",0,-1,-1,"zero",0
"K21210",4.9986265077431,0.953998478314809,0.0880855949748185,"zero_inflated_gamma",0.461538461538462
"K21211",0,-1,-1,"zero",0
"K21218",0,-1,-1,"zero",0
"K21219",1.63944940412183,1.5535608797471,0.0850420451422199,"zero_inflated_gamma",0.0897435897435897
"K21220",0,-1,-1,"zero",0
"K21231",0,-1,-1,"zero",0
"K21232",0,-1,-1,"zero",0
"K21237",47.5055592360223,0.503931392247487,0.0059159110129577,"zero_inflated_gamma",0.557692307692308
"K21238",1.83872998841166,2.82540217910089,0.256100877318185,"zero_inflated_gamma",0.166666666666667
"K21239",0,-1,-1,"zero",0
"K21251",7.35803626329373,1.66885967236297,0.122127251688038,"zero_inflated_gamma",0.538461538461538
"K21252",28.496808902321,0.671145360383195,0.00679372991730635,"zero_inflated_gamma",0.288461538461538
"K21260",3.4398069741489,1.69676938432207,0.15177679777014,"zero_inflated_gamma",0.307692307692308
"K21262",1.34638580796394,2.15696629903243,0.13350348059436,"zero_inflated_gamma",0.0833333333333333
"K21264",0.724266104935522,1.2858384437618,0.0341416810914215,"zero_inflated_gamma",0.0192307692307692
"K21265",0,-1,-1,"zero",0
"K21271",0.202125921274272,-1,-1,"mean_only",0.00641025641025641
"K21273",0,-1,-1,"zero",0
"K21276",0,-1,-1,"zero",0
"K21279",6.84206557139641,1.39914452102106,0.0917590240668208,"zero_inflated_gamma",0.448717948717949
"K21284",0,-1,-1,"zero",0
"K21285",3.10780915275291,1.3626952776407,0.157401127200859,"zero_inflated_gamma",0.358974358974359
"K21288",0,-1,-1,"zero",0
"K21298",0,-1,-1,"zero",0
"K21302",0,-1,-1,"zero",0
"K21303",87.7060589553887,2.74416902227116,0.0312882491238943,"gamma_mle",1
"K21304",5.85446605778683,1.27327880591269,0.076678623650643,"zero_inflated_gamma",0.352564102564103
"K21305",3.76486288408643,1.13481990236347,0.0714915817044307,"zero_inflated_gamma",0.237179487179487
"K21306",0.472210946600818,5.40726389802361,0.587228200680494,"zero_inflated_gamma",0.0512820512820513
"K21307",17.1315973076159,1.04687725564447,0.0501398786310315,"zero_inflated_gamma",0.82051282051282
"K21308",1.08332198430421,1.61270749261554,0.0763419828430574,"zero_inflated_gamma",0.0512820512820513
"K21309",0,-1,-1,"zero",0
"K21313",1.20606378751355,1.78338439986784,0.25592567141814,"zero_inflated_gamma",0.173076923076923
"K21314",0.151703116431949,-1,-1,"mean_only",0.00641025641025641
"K21316",0,-1,-1,"zero",0
"K21336",0,-1,-1,"zero",0
"K21337",0.294349109680212,1.68888434456088,0.0735601456900269,"zero_inflated_gamma",0.0128205128205128
"K21344",8.01203758969423,1.9731628668001,0.115243971772025,"zero_inflated_gamma",0.467948717948718
"K21345",5.57206892444044,1.57061319815697,0.10299188813143,"zero_inflated_gamma",0.365384615384615
"K21350",0,-1,-1,"zero",0
"K21354",0.646999745669055,4.92608767282613,0.439254215542363,"zero_inflated_gamma",0.0576923076923077
"K21355",0,-1,-1,"zero",0
"K21357",0,-1,-1,"zero",0
"K21358",0.335112611472427,22.9835801802377,1.75858069362016,"zero_inflated_gamma",0.0256410256410256
"K21363",4.32347596678733,1.72664805516832,0.158722269912764,"zero_inflated_gamma",0.397435897435897
"K21364",1.81009039354003,1.82303538609079,0.180770795051193,"zero_inflated_gamma",0.179487179487179
"K21366",4.79665697326043,1.36348185437585,0.0601312237706717,"zero_inflated_gamma",0.211538461538462
"K21367",5.21015161663701,1.62975775604732,0.0761959158043097,"zero_inflated_gamma",0.243589743589744
"K21374",0,-1,-1,"zero",0
"K21377",1.69875229210667,2.58546676502724,0.487814055675755,"zero_inflated_gamma",0.320512820512821
"K21378",0,-1,-1,"zero",0
"K21379",3.39939195429138,0.852024343928934,0.0305266933411231,"zero_inflated_gamma",0.121794871794872
"K21392",0,-1,-1,"zero",0
"K21393",384.209273100361,3.13929352877976,0.00817079063044825,"gamma_mle",1
"K21394",188.655537679458,2.32268433942204,0.0123117739770167,"gamma_mle",1
"K21395",486.742116819136,5.15658863899686,0.0105940876304175,"gamma_mle",1
"K21397",253.525266354879,2.49350897149737,0.00983534701431696,"gamma_mle",1
"K21399",2.99575127667133,1.54818723775771,0.0894451704134127,"zero_inflated_gamma",0.173076923076923
"K21400",7.12104020151824,1.65140584669824,0.110006285812454,"zero_inflated_gamma",0.474358974358974
"K21401",1.17285294465145,1.56223189729805,0.0939225824310968,"zero_inflated_gamma",0.0705128205128205
"K21405",70.6227704335869,2.48700182487709,0.034312340516221,"zero_inflated_gamma",0.974358974358974
"K21407",0,-1,-1,"zero",0
"K21415",0.454608558946291,1.62305679939665,0.183088682301238,"zero_inflated_gamma",0.0512820512820513
"K21416",29.0591609728627,1.29169132742491,0.0359022461126203,"zero_inflated_gamma",0.807692307692308
"K21417",37.6469460756209,1.31221173368197,0.030163611257459,"zero_inflated_gamma",0.865384615384615
"K21420",0.200288412899052,-1,-1,"mean_only",0.00641025641025641
"K21429",0,-1,-1,"zero",0
"K21430",3.34189834655418,0.64330450480436,0.0370186019863915,"zero_inflated_gamma",0.192307692307692
"K21431",0,-1,-1,"zero",0
"K21437",0.156845514415646,-1,-1,"mean_only",0.00641025641025641
"K21440",0.915886144432298,2.04921251422527,0.129081326992769,"zero_inflated_gamma",0.0576923076923077
"K21449",242.119199434061,2.18791620312926,0.00903652501843462,"gamma_mle",1
"K21453",0,-1,-1,"zero",0
"K21457",0.434394650985337,1.55433957266581,0.160559082179232,"zero_inflated_gamma",0.0448717948717949
"K21460",0,-1,-1,"zero",0
"K21463",2.30071717174518,1.70788725661841,0.0904117689972946,"zero_inflated_gamma",0.121794871794872
"K21464",105.804475486527,1.9645570646261,0.0185678068493074,"gamma_mle",1
"K21465",2.56385158563157,1.73388933864862,0.134389578012683,"zero_inflated_gamma",0.198717948717949
"K21466",0,-1,-1,"zero",0
"K21467",17.4679679910626,1.2664133637857,0.0594865070503099,"zero_inflated_gamma",0.82051282051282
"K21468",2.91965830141701,2.33325091214451,0.158805855767645,"zero_inflated_gamma",0.198717948717949
"K21469",78.4578817918553,2.02323413107292,0.0256222145640879,"zero_inflated_gamma",0.993589743589744
"K21470",15.880231010506,0.846267272470788,0.0392847480319444,"zero_inflated_gamma",0.737179487179487
"K21471",2617.7191892042,21.1737361741978,0.00808862014746311,"gamma_mle",1
"K21472",95.9314138780618,2.05410532700386,0.0214122282156169,"gamma_mle",1
"K21473",0.535030736316062,24.866913054567,0.595865911961968,"zero_inflated_gamma",0.0128205128205128
"K21478",19.0839471446965,1.61465312907282,0.068879526994483,"zero_inflated_gamma",0.814102564102564
"K21479",2.85046079450006,1.77233779570292,0.239143223537028,"zero_inflated_gamma",0.384615384615385
"K21480",0.12510513661761,-1,-1,"mean_only",0.00641025641025641
"K21481",1.4392497487381,5.50199926075499,0.122526427610649,"zero_inflated_gamma",0.032051282051282
"K21487",1.47612080350777,1.39955828895426,0.145866557349135,"zero_inflated_gamma",0.153846153846154
"K21488",0.846484550690926,2.33196124222669,0.141275769196277,"zero_inflated_gamma",0.0512820512820513
"K21490",1.09865642886024,4.00957005575576,0.280732408899962,"zero_inflated_gamma",0.0769230769230769
"K21491",0.769309128698076,1.59282793822347,0.092905499029998,"zero_inflated_gamma",0.0448717948717949
"K21492",0.2469942402898,1.73640717454821,0.135195240282563,"zero_inflated_gamma",0.0192307692307692
"K21493",4.80096667408027,1.2746028708301,0.0867944146824537,"zero_inflated_gamma",0.326923076923077
"K21495",21.5820845767805,1.41601284942392,0.0365905096381097,"zero_inflated_gamma",0.557692307692308
"K21497",0.730885151883795,2.70551444713461,0.189830550346639,"zero_inflated_gamma",0.0512820512820513
"K21498",112.897951415496,1.72005841798229,0.0144542064184808,"zero_inflated_gamma",0.948717948717949
"K21499",0,-1,-1,"zero",0
"K21502",0.400838654198156,1.39776708924218,0.067059740995668,"zero_inflated_gamma",0.0192307692307692
"K21507",1.10565687847096,0.755021712467206,0.0787928801388545,"zero_inflated_gamma",0.115384615384615
"K21511",2.96986258588023,0.833473827759808,0.0611659788798681,"zero_inflated_gamma",0.217948717948718
"K21512",64.6176570531061,1.36746282243818,0.020619745962777,"zero_inflated_gamma",0.974358974358974
"K21514",9.67645353649147,1.66189880975131,0.117800610319753,"zero_inflated_gamma",0.685897435897436
"K21515",0.22561561399535,1.49050433404969,0.127045927265308,"zero_inflated_gamma",0.0192307692307692
"K21523",1.63719913562469,2.12800857808929,0.0916515796102587,"zero_inflated_gamma",0.0705128205128205
"K21525",2.57521618996587,2.64901617008934,0.158255043142578,"zero_inflated_gamma",0.153846153846154
"K21527",2.35545096240852,1.16972103597431,0.0827669559277824,"zero_inflated_gamma",0.166666666666667
"K21528",135.232839820366,1.54045017638089,0.0112450556918367,"zero_inflated_gamma",0.987179487179487
"K21537",0,-1,-1,"zero",0
"K21555",1.4566777704225,1.1559843866279,0.0966534761667863,"zero_inflated_gamma",0.121794871794872
"K21556",32.1692937213351,1.40383039839023,0.0341278043700264,"zero_inflated_gamma",0.782051282051282
"K21557",104.362786160167,1.43756115817669,0.0135980548156319,"zero_inflated_gamma",0.987179487179487
"K21558",0.311988343616514,2.63106683280941,0.378413788948869,"zero_inflated_gamma",0.0448717948717949
"K21559",0.369264759710413,11.4514096061269,0.795163577393237,"zero_inflated_gamma",0.0256410256410256
"K21562",8.54512856632568,1.26841023473293,0.0561395012047362,"zero_inflated_gamma",0.378205128205128
"K21563",24.5279926220644,1.71751111406169,0.0588009369771772,"zero_inflated_gamma",0.83974358974359
"K21564",0.445758552106293,4.04639355071919,0.232757577611054,"zero_inflated_gamma",0.0256410256410256
"K21566",0.886987620245082,1.81544517899426,0.104961727361214,"zero_inflated_gamma",0.0512820512820513
"K21567",5.41036748539195,0.846812302451997,0.0321059684303269,"zero_inflated_gamma",0.205128205128205
"K21571",175.855508342349,1.229463354526,0.00690169455178031,"zero_inflated_gamma",0.987179487179487
"K21572",2924.45155309303,2.10791687128329,0.000720790491144866,"gamma_mle",1
"K21573",2518.77053838928,1.9274554640483,0.000765236624246401,"gamma_mle",1
"K21574",116.939021816187,1.20518681968612,0.0100418540817465,"zero_inflated_gamma",0.974358974358974
"K21575",104.23546877252,1.50554939141177,0.0142585579902825,"zero_inflated_gamma",0.987179487179487
"K21576",23.6441447943677,2.11023168789798,0.080667954430951,"zero_inflated_gamma",0.903846153846154
"K21577",22.761919418272,1.61034262071505,0.0671191616042482,"zero_inflated_gamma",0.948717948717949
"K21578",2.64894916853267,1.60632030829409,0.112728031964184,"zero_inflated_gamma",0.185897435897436
"K21583",0.51756602911484,3.11223962334554,0.269824080628844,"zero_inflated_gamma",0.0448717948717949
"K21585",0,-1,-1,"zero",0
"K21586",2.23623155564988,1.1962251734856,0.072009676908692,"zero_inflated_gamma",0.134615384615385
"K21591",1.95470661556338,2.30943552451662,0.181765268595131,"zero_inflated_gamma",0.153846153846154
"K21592",10.9104485185328,1.23170122583129,0.0636826083290239,"zero_inflated_gamma",0.564102564102564
"K21594",1.24338878611997,5.02742261062142,0.285106116559941,"zero_inflated_gamma",0.0705128205128205
"K21598",0.271996610109823,-1,-1,"mean_only",0.00641025641025641
"K21600",704.597958455223,13.9944340856206,0.0198615876155848,"gamma_mle",1
"K21601",0.307401824963909,-1,-1,"mean_only",0.00641025641025641
"K21602",5.36872009466707,0.858587348566657,0.0420313153363393,"zero_inflated_gamma",0.262820512820513
"K21603",6.89461672493372,2.01817295314884,0.0975724024344149,"zero_inflated_gamma",0.333333333333333
"K21604",5.71208364840365,2.20863726398009,0.118972469319349,"zero_inflated_gamma",0.307692307692308
"K21606",0,-1,-1,"zero",0
"K21607",0.386944722854264,37.8809423370737,1.25509686061405,"zero_inflated_gamma",0.0128205128205128
"K21610",1.74354960794571,1.19964032917723,0.0529265269544303,"zero_inflated_gamma",0.0769230769230769
"K21611",0.926293147046341,3.82153995156957,0.238016938209485,"zero_inflated_gamma",0.0576923076923077
"K21612",0.532927108173033,1.88094283218772,0.0904988743296755,"zero_inflated_gamma",0.0256410256410256
"K21613",41.5829419698436,2.27403811430143,0.0525834634666048,"zero_inflated_gamma",0.961538461538462
"K21616",0,-1,-1,"zero",0
"K21617",0,-1,-1,"zero",0
"K21618",0,-1,-1,"zero",0
"K21619",3.83841192323526,1.14790029578579,0.095851297054043,"zero_inflated_gamma",0.320512820512821
"K21620",0,-1,-1,"zero",0
"K21621",7.95871573382365,1.35541487269789,0.0786026434431757,"zero_inflated_gamma",0.461538461538462
"K21622",3.03813905357024,2.29201972177591,0.324011859983079,"zero_inflated_gamma",0.429487179487179
"K21624",0,-1,-1,"zero",0
"K21636",1108.45370537167,40.2601710625161,0.0363210216785885,"gamma_mle",1
"K21637",2.52168092922266,0.831341820083745,0.0338130913839211,"zero_inflated_gamma",0.102564102564103
"K21638",0.800855705493139,1.4085297518935,0.056371184029665,"zero_inflated_gamma",0.032051282051282
"K21645",11.1863877181716,1.26893287527292,0.0661706765899747,"zero_inflated_gamma",0.583333333333333
"K21647",0,-1,-1,"zero",0
"K21672",45.9265643706698,1.80559597144959,0.0372987034784823,"zero_inflated_gamma",0.948717948717949
"K21676",0,-1,-1,"zero",0
"K21677",0.249707822699243,17.2163164572392,0.883921070137585,"zero_inflated_gamma",0.0128205128205128
"K21678",0.756076736275651,21.0719378288168,1.25058162279067,"zero_inflated_gamma",0.0448717948717949
"K21679",0.334533913136523,5.65439059813037,0.541740196650358,"zero_inflated_gamma",0.032051282051282
"K21681",12.757567395577,0.804758190426638,0.0355840690177028,"zero_inflated_gamma",0.564102564102564
"K21685",0.716844096561525,1.79040722423304,0.0480312362527388,"zero_inflated_gamma",0.0192307692307692
"K21686",41.1917916313879,1.02972491050923,0.017787254441083,"zero_inflated_gamma",0.711538461538462
"K21687",6.40249069387162,3.11929857247997,0.143661773642031,"zero_inflated_gamma",0.294871794871795
"K21688",204.472174725675,1.42598175050764,0.00697396480680452,"gamma_mle",1
"K21691",0,-1,-1,"zero",0
"K21695",5.22953488169633,0.971485075488289,0.0250073553467801,"zero_inflated_gamma",0.134615384615385
"K21696",0,-1,-1,"zero",0
"K21698",5.05093282201867,0.772294278782948,0.0362650558714389,"zero_inflated_gamma",0.237179487179487
"K21699",0.256430674700726,351.177469651375,17.5574753574049,"zero_inflated_gamma",0.0128205128205128
"K21700",4.3564293173595,0.824779718942861,0.0230587788323266,"zero_inflated_gamma",0.121794871794872
"K21701",98.0273442994547,2.33758123211624,0.0235404953429279,"zero_inflated_gamma",0.987179487179487
"K21702",1.27629158670403,3.41376014613005,0.29147910045967,"zero_inflated_gamma",0.108974358974359
"K21703",321.688297499324,6.77511322457571,0.0210611118814166,"gamma_mle",1
"K21711",3.68242455565661,1.98671172051116,0.152170011732003,"zero_inflated_gamma",0.282051282051282
"K21712",0.901142801929674,1.01856006082179,0.0507185076726222,"zero_inflated_gamma",0.0448717948717949
"K21721",10.3283008925165,1.83774625235583,0.114059658187575,"zero_inflated_gamma",0.641025641025641
"K21723",0,-1,-1,"zero",0
"K21727",0,-1,-1,"zero",0
"K21737",0,-1,-1,"zero",0
"K21739",122.791104838437,2.67552306841027,0.0215098764204893,"zero_inflated_gamma",0.987179487179487
"K21741",41.615526362522,1.85733588606156,0.0383367469206539,"zero_inflated_gamma",0.858974358974359
"K21742",3.99584431714391,0.594954518542317,0.0324511077665753,"zero_inflated_gamma",0.217948717948718
"K21743",79.4965392052082,2.46401159168927,0.0303991441331729,"zero_inflated_gamma",0.980769230769231
"K21744",164.32800311775,3.97148800311935,0.0241680536960798,"gamma_mle",1
"K21745",196.756927201491,4.37389172284839,0.0222299249386491,"gamma_mle",1
"K21746",1.71525574843897,0.995645084738286,0.081860379384842,"zero_inflated_gamma",0.141025641025641
"K21747",21.9669635409203,1.15126396367447,0.039978568978184,"zero_inflated_gamma",0.762820512820513
"K21749",7.60647521189598,1.04196571445851,0.0772730489299128,"zero_inflated_gamma",0.564102564102564
"K21750",0,-1,-1,"zero",0
"K21752",0,-1,-1,"zero",0
"K21755",115.737237331385,3.49383219388652,0.0301876239181587,"gamma_mle",1
"K21756",2.28382711989587,2.00333076731467,0.12932803318031,"zero_inflated_gamma",0.147435897435897
"K21757",142.672282735994,3.79785068349345,0.0266194008441089,"gamma_mle",1
"K21759",7.51208477629809,1.68238549547706,0.0416330697953525,"zero_inflated_gamma",0.185897435897436
"K21767",0,-1,-1,"zero",0
"K21772",7.59253819356436,0.993172123787805,0.0285096479679793,"zero_inflated_gamma",0.217948717948718
"K21778",1.61893837831075,1.51894874222796,0.102243833191425,"zero_inflated_gamma",0.108974358974359
"K21780",4.37061891440184,1.69390787877527,0.161486270780551,"zero_inflated_gamma",0.416666666666667
"K21782",0.0646529448673115,3.44740230142406,1.02541652573397,"zero_inflated_gamma",0.0192307692307692
"K21787",0,-1,-1,"zero",0
"K21791",0,-1,-1,"zero",0
"K21792",0.274768526218705,1.63480335276588,0.114418221211059,"zero_inflated_gamma",0.0192307692307692
"K21797",0,-1,-1,"zero",0
"K21801",2.63602417154628,1.24522936309338,0.0635908545363816,"zero_inflated_gamma",0.134615384615385
"K21802",0.564799111677987,7.4429013604861,0.168948233701061,"zero_inflated_gamma",0.0128205128205128
"K21804",0,-1,-1,"zero",0
"K21807",0.211866392341874,-1,-1,"mean_only",0.00641025641025641
"K21808",2.521367895507,0.749831829449108,0.00381270365178019,"zero_inflated_gamma",0.0128205128205128
"K21809",0.220881983505358,-1,-1,"mean_only",0.00641025641025641
"K21810",1.01399014204133,0.799143961002345,0.0101040779122766,"zero_inflated_gamma",0.0128205128205128
"K21811",0.698309720202811,0.834019274604205,0.0153120520784281,"zero_inflated_gamma",0.0128205128205128
"K21814",7.82813463993883,1.22473852102345,0.0952761277183769,"zero_inflated_gamma",0.608974358974359
"K21816",17.9830983542547,1.55358217171579,0.0670085902523102,"zero_inflated_gamma",0.775641025641026
"K21825",9.62200971009244,1.07277041211683,0.0514575250400184,"zero_inflated_gamma",0.461538461538462
"K21826",38.544689832687,2.13468797194762,0.0539620993696378,"zero_inflated_gamma",0.974358974358974
"K21827",0,-1,-1,"zero",0
"K21828",0.12703606381456,-1,-1,"mean_only",0.00641025641025641
"K21829",10.6093444647836,1.28339716351341,0.0612597214472929,"zero_inflated_gamma",0.506410256410256
"K21830",0.316891705216605,2.45966810690404,0.149266481165301,"zero_inflated_gamma",0.0192307692307692
"K21831",3.39830405742608,1.66254900955429,0.0940825064423416,"zero_inflated_gamma",0.192307692307692
"K21832",16.7806271061301,1.68984831872989,0.0916649452226358,"zero_inflated_gamma",0.91025641025641
"K21833",6.82845111707803,2.05024345171708,0.130878269207176,"zero_inflated_gamma",0.435897435897436
"K21834",9.45670271789231,2.25376469940439,0.125273176443099,"zero_inflated_gamma",0.525641025641026
"K21835",0,-1,-1,"zero",0
"K21843",0.32772954785791,3.81599867993298,0.298557516823913,"zero_inflated_gamma",0.0256410256410256
"K21850",7.34163161483095,0.692550374284545,0.0332580567917376,"zero_inflated_gamma",0.352564102564103
"K21864",0.213900246785395,-1,-1,"mean_only",0.00641025641025641
"K21867",2.98116249101405,3.02125236637774,0.28584423221005,"zero_inflated_gamma",0.282051282051282
"K21879",0,-1,-1,"zero",0
"K21883",1.00084470090946,0.976205245266732,0.0687768893421896,"zero_inflated_gamma",0.0705128205128205
"K21885",10.6945690987376,1.31707742566323,0.0560507935591102,"zero_inflated_gamma",0.455128205128205
"K21887",0,-1,-1,"zero",0
"K21891",0,-1,-1,"zero",0
"K21898",36.5050709695413,1.66292164728117,0.0411730561021693,"zero_inflated_gamma",0.903846153846154
"K21900",188.288728052188,7.81793199190473,0.0415209772394756,"gamma_mle",1
"K21901",1.47924418708898,2.10265429018787,0.173123891199015,"zero_inflated_gamma",0.121794871794872
"K21902",34.7497359514783,1.39293975240274,0.035459720803012,"zero_inflated_gamma",0.884615384615385
"K21903",513.369340471568,9.33745077946937,0.0181885633662739,"gamma_mle",1
"K21904",0.181339632651002,-1,-1,"mean_only",0.00641025641025641
"K21905",3.96184394012669,0.574180124008364,0.0157933810355055,"zero_inflated_gamma",0.108974358974359
"K21906",1.86381833351147,0.86646734098624,0.0476808515247985,"zero_inflated_gamma",0.102564102564103
"K21907",1.0711879418205,0.738837234560927,0.0442138669982709,"zero_inflated_gamma",0.0641025641025641
"K21908",4.73397703395622,1.0502879684202,0.048354462759792,"zero_inflated_gamma",0.217948717948718
"K21909",1.28034531085855,1.21238517952823,0.0789100389068252,"zero_inflated_gamma",0.0833333333333333
"K21910",5.85358664922001,1.73913137085857,0.125698378328002,"zero_inflated_gamma",0.423076923076923
"K21911",0,-1,-1,"zero",0
"K21929",324.591122008797,7.82224973780926,0.0240987790713427,"gamma_mle",1
"K21935",0,-1,-1,"zero",0
"K21936",494.246746013663,17.924898955203,0.0362671056507219,"gamma_mle",1
"K21947",5.4604880827167,1.30202431842331,0.103937423409678,"zero_inflated_gamma",0.435897435897436
"K21948",5.28034189735053,1.02075352011643,0.0991343655061628,"zero_inflated_gamma",0.512820512820513
"K21949",0,-1,-1,"zero",0
"K21959",54.6630905573563,1.91107752429308,0.0342886948822372,"zero_inflated_gamma",0.980769230769231
"K21960",16.00691699053,1.55134522659313,0.0726878836588706,"zero_inflated_gamma",0.75
"K21961",90.388343450777,1.33196526724073,0.0141692588334996,"zero_inflated_gamma",0.961538461538462
"K21962",15.0713224064798,1.41884685173549,0.0531058340831939,"zero_inflated_gamma",0.564102564102564
"K21963",0.504634476854937,0.820910952265143,0.0521392209149437,"zero_inflated_gamma",0.032051282051282
"K21964",3.08483316294177,0.791622600864683,0.0361896669416201,"zero_inflated_gamma",0.141025641025641
"K21965",4.6947710485756,0.747061322585807,0.0295811622952272,"zero_inflated_gamma",0.185897435897436
"K21966",3.27670465561466,0.641086082145277,0.036370766176967,"zero_inflated_gamma",0.185897435897436
"K21967",4.19071590165489,0.899467459712501,0.0412756472980826,"zero_inflated_gamma",0.192307692307692
"K21968",2.50724924349932,1.20656821764218,0.0647812119611656,"zero_inflated_gamma",0.134615384615385
"K21969",0,-1,-1,"zero",0
"K21970",0,-1,-1,"zero",0
"K21971",0,-1,-1,"zero",0
"K21972",2.07101344845026,1.02979468545356,0.0414368259423971,"zero_inflated_gamma",0.0833333333333333
"K21973",10.0380049100702,0.918573154544563,0.069805349876835,"zero_inflated_gamma",0.762820512820513
"K21974",1.13038523566159,1.67778665451817,0.0570869593013028,"zero_inflated_gamma",0.0384615384615385
"K21975",1.45917849210844,1.20949710616847,0.0478205233831265,"zero_inflated_gamma",0.0576923076923077
"K21976",5.40953598252003,0.790340085136582,0.0112385593442399,"zero_inflated_gamma",0.0769230769230769
"K21977",8.93404717017845,1.02859930519559,0.051662025226452,"zero_inflated_gamma",0.448717948717949
"K21987",0,-1,-1,"zero",0
"K21990",5.9323361174386,1.1428145989031,0.0580394501890198,"zero_inflated_gamma",0.301282051282051
"K21993",121.356402455957,2.8390346881994,0.0230942640920704,"zero_inflated_gamma",0.987179487179487
"K22003",1.28833054056568,0.924392408762686,0.0137983044970623,"zero_inflated_gamma",0.0192307692307692
"K22010",358.830930347245,11.6676351879277,0.032515689705558,"gamma_mle",1
"K22011",0.430971028013229,17.390933684077,0.517344957699926,"zero_inflated_gamma",0.0128205128205128
"K22012",0,-1,-1,"zero",0
"K22014",4.41132211597832,0.736956545367151,0.0203470808980989,"zero_inflated_gamma",0.121794871794872
"K22015",59.9083997999318,0.932619484927639,0.0149686773095738,"zero_inflated_gamma",0.961538461538462
"K22024",73.3451009540604,1.74820938140938,0.0232242300805025,"zero_inflated_gamma",0.974358974358974
"K22025",0,-1,-1,"zero",0
"K22026",2.66137454072377,2.79169168345092,0.147931117240472,"zero_inflated_gamma",0.141025641025641
"K22027",0,-1,-1,"zero",0
"K22030",0,-1,-1,"zero",0
"K22038",0,-1,-1,"zero",0
"K22041",2.21027546211902,0.647291100383998,0.0281591728948603,"zero_inflated_gamma",0.0961538461538462
"K22042",17.1136207097664,1.33736187682662,0.0395739617257367,"zero_inflated_gamma",0.506410256410256
"K22043",2.83677982458416,1.76416099757405,0.0797293060633011,"zero_inflated_gamma",0.128205128205128
"K22044",42.9370304511072,1.64766391844252,0.0364060652648384,"zero_inflated_gamma",0.948717948717949
"K22051",6.45526309938927,0.427106819507537,0.0212064495703626,"zero_inflated_gamma",0.320512820512821
"K22066",0,-1,-1,"zero",0
"K22067",0,-1,-1,"zero",0
"K22068",0.260418731193793,14.6474419939073,0.721099119904941,"zero_inflated_gamma",0.0128205128205128
"K22069",0,-1,-1,"zero",0
"K22071",0,-1,-1,"zero",0
"K22073",0.301804457793092,-1,-1,"mean_only",0.00641025641025641
"K22074",62.5905839235894,1.35671617418642,0.0190360119206414,"zero_inflated_gamma",0.878205128205128
"K22078",9.00500009268451,1.16698253706843,0.0805800943425644,"zero_inflated_gamma",0.621794871794872
"K22081",0,-1,-1,"zero",0
"K22083",12.9656485864715,1.54700711410464,0.0856626467100042,"zero_inflated_gamma",0.717948717948718
"K22086",0,-1,-1,"zero",0
"K22099",0,-1,-1,"zero",0
"K22103",5.20064227133937,1.07762065414868,0.0358631217709502,"zero_inflated_gamma",0.173076923076923
"K22104",3.39777941481155,1.5016019748945,0.118982843034768,"zero_inflated_gamma",0.269230769230769
"K22105",8.50626527972168,0.837498898031136,0.0384990983342113,"zero_inflated_gamma",0.391025641025641
"K22106",62.0699202222546,1.68178963793994,0.0258792779584217,"zero_inflated_gamma",0.955128205128205
"K22107",4.80292175171335,1.3039633930478,0.0696137903645215,"zero_inflated_gamma",0.256410256410256
"K22108",46.2030486282432,1.77613428717135,0.03523843436553,"zero_inflated_gamma",0.916666666666667
"K22109",0,-1,-1,"zero",0
"K22110",5.27235658978476,1.24665097140931,0.0318298652869112,"zero_inflated_gamma",0.134615384615385
"K22111",5.59448819497271,0.404908577611803,0.0115987723753546,"zero_inflated_gamma",0.16025641025641
"K22115",0,-1,-1,"zero",0
"K22116",3.50172764540737,2.05217972547404,0.120214929975803,"zero_inflated_gamma",0.205128205128205
"K22118",0,-1,-1,"zero",0
"K22126",0,-1,-1,"zero",0
"K22129",55.6029317614505,1.67440056908294,0.0295344239254229,"zero_inflated_gamma",0.980769230769231
"K22130",19.7241570322752,1.28113275690291,0.0507961639817791,"zero_inflated_gamma",0.782051282051282
"K22131",1.98117708023486,0.989352977619319,0.0736260002154324,"zero_inflated_gamma",0.147435897435897
"K22132",604.883435274593,26.6587761849176,0.0440725842869471,"gamma_mle",1
"K22133",1.01899422406708,1.08907101664261,0.0959153057110697,"zero_inflated_gamma",0.0897435897435897
"K22134",2.44909775731951,1.84709968678844,0.0821880236213249,"zero_inflated_gamma",0.108974358974359
"K22135",0,-1,-1,"zero",0
"K22136",0,-1,-1,"zero",0
"K22138",0,-1,-1,"zero",0
"K22140",0,-1,-1,"zero",0
"K22148",2.71720592403948,1.81355557211538,0.136909534944352,"zero_inflated_gamma",0.205128205128205
"K22152",2.31306757946815,2.15415511085453,0.137306750050938,"zero_inflated_gamma",0.147435897435897
"K22153",2.18514855652849,4.46722222104971,0.327621202148578,"zero_inflated_gamma",0.16025641025641
"K22158",0.408260416838062,11.7291049353584,0.736653047883154,"zero_inflated_gamma",0.0256410256410256
"K22162",0,-1,-1,"zero",0
"K22164",50.0434645968887,1.81149128080122,0.0287730543311463,"zero_inflated_gamma",0.794871794871795
"K22166",0,-1,-1,"zero",0
"K22167",0.704776757274576,2.26450933895649,0.123580285725648,"zero_inflated_gamma",0.0384615384615385
"K22168",0.540658417409413,1.43105755706739,0.152704573255936,"zero_inflated_gamma",0.0576923076923077
"K22169",1.29711593292466,1.26141303324619,0.0311690758593781,"zero_inflated_gamma",0.032051282051282
"K22185",2.64093963238644,3.33869928999321,0.251220992012604,"zero_inflated_gamma",0.198717948717949
"K22186",0,-1,-1,"zero",0
"K22187",0.66121981178044,0.883072434474769,0.017122054218461,"zero_inflated_gamma",0.0128205128205128
"K22199",0,-1,-1,"zero",0
"K22200",0,-1,-1,"zero",0
"K22205",11.9607651663558,0.972560339933615,0.0370076358607856,"zero_inflated_gamma",0.455128205128205
"K22209",0.425387174957573,3.27404340389766,0.197349228682185,"zero_inflated_gamma",0.0256410256410256
"K22210",162.604376174811,1.61707760869504,0.00994485909134804,"gamma_mle",1
"K22211",7.21600501666761,1.45877305736648,0.0894160332641198,"zero_inflated_gamma",0.442307692307692
"K22212",8.45348122737823,1.14039391042298,0.048426460290291,"zero_inflated_gamma",0.358974358974359
"K22213",135.387962969554,2.24969621577381,0.0164036293026778,"zero_inflated_gamma",0.987179487179487
"K22214",81.2094488505959,1.32732577532492,0.015715840977006,"zero_inflated_gamma",0.961538461538462
"K22219",0,-1,-1,"zero",0
"K22220",0,-1,-1,"zero",0
"K22222",0.812246460468495,2.08224933624853,0.0657325223565295,"zero_inflated_gamma",0.0256410256410256
"K22223",210.478392931057,4.99785606339469,0.0237452215108453,"gamma_mle",1
"K22224",22.9790199976546,1.73543865879506,0.0701974228796996,"zero_inflated_gamma",0.92948717948718
"K22225",11.5283183532318,1.60856104096537,0.0831821105179585,"zero_inflated_gamma",0.596153846153846
"K22226",91.1579910371767,2.15351919974514,0.0234725948339266,"zero_inflated_gamma",0.993589743589744
"K22227",91.900054383571,3.10064061408033,0.0335229911818068,"zero_inflated_gamma",0.993589743589744
"K22230",246.210477704073,4.90341712458333,0.0199155501841675,"gamma_mle",1
"K22231",0.240714456446894,-1,-1,"mean_only",0.00641025641025641
"K22232",0.457861595894412,3.41856496270834,0.0957227169196025,"zero_inflated_gamma",0.0128205128205128
"K22233",2.82472818456939,1.56705606874151,0.0782358769330868,"zero_inflated_gamma",0.141025641025641
"K22244",0.747826636800189,1.04133106033672,0.116039713071332,"zero_inflated_gamma",0.0833333333333333
"K22250",0,-1,-1,"zero",0
"K22251",0.497771759302964,1.09577075899008,0.0423336884870111,"zero_inflated_gamma",0.0192307692307692
"K22252",0.0282315579831263,-1,-1,"mean_only",0.00641025641025641
"K22262",0,-1,-1,"zero",0
"K22267",0,-1,-1,"zero",0
"K22268",0,-1,-1,"zero",0
"K22270",0.166427739630142,-1,-1,"mean_only",0.00641025641025641
"K22278",688.047929149159,13.9589283423437,0.0202877266989312,"gamma_mle",1
"K22292",2.37459574573566,1.51482934626205,0.0899646939841013,"zero_inflated_gamma",0.141025641025641
"K22293",434.936292455325,4.90882095458193,0.0112862987976248,"gamma_mle",1
"K22294",0.145820503644422,-1,-1,"mean_only",0.00641025641025641
"K22295",0.0488017697912773,-1,-1,"mean_only",0.00641025641025641
"K22296",7.97176166745998,1.97438227726093,0.092083185156511,"zero_inflated_gamma",0.371794871794872
"K22297",0,-1,-1,"zero",0
"K22298",6.24825035521616,1.9197632970267,0.0945378890895457,"zero_inflated_gamma",0.307692307692308
"K22299",280.261987606875,4.18418010993516,0.0149295312777284,"gamma_mle",1
"K22300",19.5964992464823,1.16578084180906,0.035846080358317,"zero_inflated_gamma",0.602564102564103
"K22301",0.121463220018611,-1,-1,"mean_only",0.00641025641025641
"K22302",0.757459407839406,4.07465059736194,0.068966217439423,"zero_inflated_gamma",0.0128205128205128
"K22304",3.48393664470791,0.805063957610999,0.0118501957325346,"zero_inflated_gamma",0.0512820512820513
"K22305",64.0800185984135,2.88343438043035,0.0441320677041477,"zero_inflated_gamma",0.980769230769231
"K22306",66.6359993153378,1.54090261778764,0.0223830171183171,"zero_inflated_gamma",0.967948717948718
"K22307",1.13262071433926,2.78095239095632,0.346263836279205,"zero_inflated_gamma",0.141025641025641
"K22310",0,-1,-1,"zero",0
"K22311",1.27590411766859,1.16643418365438,0.0761835057131723,"zero_inflated_gamma",0.0833333333333333
"K22315",88.9503536338235,1.26062701042965,0.0130820806708134,"zero_inflated_gamma",0.923076923076923
"K22316",64.428513981342,1.29439430393647,0.0191889030469497,"zero_inflated_gamma",0.955128205128205
"K22317",0.9847708317993,3.84788564403121,0.325615997801966,"zero_inflated_gamma",0.0833333333333333
"K22318",1.34942543522453,2.82172288849915,0.174254588585304,"zero_inflated_gamma",0.0833333333333333
"K22319",0.213900246785395,-1,-1,"mean_only",0.00641025641025641
"K22320",6.667586600268,0.773367007485735,0.0364324566903761,"zero_inflated_gamma",0.314102564102564
"K22322",26.2568393755669,1.51890634032906,0.0493191508086305,"zero_inflated_gamma",0.852564102564103
"K22325",0.383855639421897,2.09894502741103,0.350516559741076,"zero_inflated_gamma",0.0641025641025641
"K22330",0,-1,-1,"zero",0
"K22332",0.628424996142643,91.8005064814326,2.80923637068607,"zero_inflated_gamma",0.0192307692307692
"K22334",0,-1,-1,"zero",0
"K22336",0,-1,-1,"zero",0
"K22339",3.08579826123985,2.83489665469121,0.253229069217063,"zero_inflated_gamma",0.275641025641026
"K22340",2.58475407141552,2.48992789731973,0.15437712664216,"zero_inflated_gamma",0.16025641025641
"K22343",0,-1,-1,"zero",0
"K22345",0,-1,-1,"zero",0
"K22347",107.169437102967,2.32197126363016,0.0212496961042241,"zero_inflated_gamma",0.980769230769231
"K22348",4.54635077834502,0.673344235733326,0.0484194423410703,"zero_inflated_gamma",0.326923076923077
"K22349",2.12086379528908,3.53662955571872,0.277923674587558,"zero_inflated_gamma",0.166666666666667
"K22350",0,-1,-1,"zero",0
"K22369",1.69302090187039,1.43231279755169,0.135578543092034,"zero_inflated_gamma",0.16025641025641
"K22372",0.116003310207428,2.42762650361221,0.268297660276456,"zero_inflated_gamma",0.0128205128205128
"K22373",123.298622214639,2.67057142045572,0.021659377635273,"gamma_mle",1
"K22374",0.724514846813473,1.51329328365564,0.107112758445917,"zero_inflated_gamma",0.0512820512820513
"K22379",0,-1,-1,"zero",0
"K22382",0,-1,-1,"zero",0
"K22384",0,-1,-1,"zero",0
"K22390",10.7865962665342,1.39377075135452,0.0886270108717135,"zero_inflated_gamma",0.685897435897436
"K22391",315.962926520037,9.31446518824964,0.0294796142409415,"gamma_mle",1
"K22393",0,-1,-1,"zero",0
"K22394",0.292597848530812,1.61121723471294,0.141194689694331,"zero_inflated_gamma",0.0256410256410256
"K22395",0,-1,-1,"zero",0
"K22396",3.24167324524959,0.963509377923741,0.0342953007845926,"zero_inflated_gamma",0.115384615384615
"K22397",14.16804219765,1.52497122558523,0.0765861411623486,"zero_inflated_gamma",0.711538461538462
"K22399",0,-1,-1,"zero",0
"K22405",590.658492848051,10.457098480196,0.0177041363271926,"gamma_mle",1
"K22407",0,-1,-1,"zero",0
"K22408",5.50133996417326,1.1353841163421,0.0701173673933977,"zero_inflated_gamma",0.33974358974359
"K22409",13.7002114261283,1.05067406208908,0.0486688784047837,"zero_inflated_gamma",0.634615384615385
"K22418",14.8257013622488,1.24403605207949,0.058629962738458,"zero_inflated_gamma",0.698717948717949
"K22419",0,-1,-1,"zero",0
"K22424",11.1839294241474,0.733812842164289,0.0298623953253102,"zero_inflated_gamma",0.455128205128205
"K22427",0,-1,-1,"zero",0
"K22430",9.26227943970367,1.55998760465796,0.0680172735329336,"zero_inflated_gamma",0.403846153846154
"K22431",149.224253642756,2.87215319999112,0.0190004684483526,"zero_inflated_gamma",0.987179487179487
"K22432",80.5109121147203,1.84181330472602,0.022436633378625,"zero_inflated_gamma",0.980769230769231
"K22438",12.8119825841496,0.945156765450923,0.0397230141915477,"zero_inflated_gamma",0.538461538461538
"K22441",62.6252978075212,1.54870352738537,0.0236200141504103,"zero_inflated_gamma",0.955128205128205
"K22443",1.32233726926985,0.801305781066624,0.0699204064670233,"zero_inflated_gamma",0.115384615384615
"K22444",1.53242880601296,0.855037327628604,0.0715336136848031,"zero_inflated_gamma",0.128205128205128
"K22445",0,-1,-1,"zero",0
"K22446",19.5378643686444,0.884294073095866,0.0362664493650582,"zero_inflated_gamma",0.801282051282051
"K22447",0.544533156493004,3.29099635658405,0.232450093141696,"zero_inflated_gamma",0.0384615384615385
"K22450",48.8640031423449,1.46266430449697,0.022258147208497,"zero_inflated_gamma",0.743589743589744
"K22452",59.7852505079654,2.19266106000136,0.0359703184796166,"zero_inflated_gamma",0.980769230769231
"K22455",2.99900129757182,0.988697845259849,0.0570592553757508,"zero_inflated_gamma",0.173076923076923
"K22457",2.25602177699523,1.94854835909958,0.0941222334503487,"zero_inflated_gamma",0.108974358974359
"K22462",0,-1,-1,"zero",0
"K22465",0,-1,-1,"zero",0
"K22468",83.8690333887768,2.38783947864201,0.0282885436907261,"zero_inflated_gamma",0.993589743589744
"K22474",0,-1,-1,"zero",0
"K22476",7.99045563917087,1.60189174443114,0.102808022841031,"zero_inflated_gamma",0.512820512820513
"K22477",141.963418436783,1.91316860818656,0.0130445513492517,"zero_inflated_gamma",0.967948717948718
"K22479",1.82686311412328,1.3066857980844,0.0871152458131735,"zero_inflated_gamma",0.121794871794872
"K22480",0.593895720986933,6.46314034901205,0.348801863598146,"zero_inflated_gamma",0.032051282051282
"K22481",0,-1,-1,"zero",0
"K22482",0,-1,-1,"zero",0
"K22484",0,-1,-1,"zero",0
"K22486",0,-1,-1,"zero",0
"K22487",0,-1,-1,"zero",0
"K22488",0.205196487403809,-1,-1,"mean_only",0.00641025641025641
"K22489",35.0936225423076,1.21325184819567,0.0283666553589699,"zero_inflated_gamma",0.82051282051282
"K22490",0,-1,-1,"zero",0
"K22491",16.9154502192013,1.61662358181794,0.0655517858059476,"zero_inflated_gamma",0.685897435897436
