"reaction","out_degree","in_degree","abundance"
"R00623",12,14,50.9170456035312
"R00624",83,83,50.9170456035312
"R00754",11,12,50.9170456035312
"R02124",3,1,58.3943410935773
"R02878",83,83,50.9170456035312
"R04805",82,82,50.9170456035312
"R04880",3,4,50.9170456035312
"R05233",2,2,50.9170456035312
"R05234",2,2,50.9170456035312
"R06917",0,0,50.9170456035312
"R06927",0,0,50.9170456035312
"R08281",0,0,50.9170456035312
"R08306",1,0,50.9170456035312
"R08557",2,5,50.9170456035312
"R08558",2,5,50.9170456035312
"R10783",0,0,50.9170456035312
"R08310",0,0,50.9170456035312
"R07105",0,0,50.9170456035312
"R07328",86,87,14.6386296406917
"R00625",97,100,14.6386296406917
"R00746",11,12,14.6386296406917
"R01041",9,6,15.8751578382997
"R05231",0,1,14.6386296406917
"R01481",6,7,14.6386296406917
"R01773",9,6,164.471320476109
"R01775",9,6,164.471320476109
"R02855",1,0,9.81367788683427
"R02946",0,2,9.81367788683427
"R01034",9,7,49.549103681431
"R10715",8,11,49.549103681431
"R10717",3,0,49.549103681431
"R05604",6,6,0.417412504349544
"R00868",14,10,10.1494132514387
"R07145",86,83,100.637661575816
"R00875",19,17,100.637661575816
"R01896",7,8,157.642049665458
"R00758",100,100,22.5811521472566
"R02703",13,14,22.5811521472566
"R01183",6,9,198.545284412513
"R09951",1,1,198.545284412513
"R02819",83,83,1.23652819760798
"R01036",9,6,1.23652819760798
"R01093",11,4,1.23652819760798
"R01758",2,2,1.23652819760798
"R02820",87,88,1.23652819760798
"R01095",11,4,1.23652819760798
"R01431",6,4,1.58653223851311
"R01759",2,2,1.23652819760798
"R01787",14,15,1.23652819760798
"R02531",88,89,1.23652819760798
"R02577",89,90,1.23652819760798
"R04285",0,2,1.36485419718742
"R11764",4,3,1.23652819760798
"R00286",26,16,456.332333925231
"R01158",5,1,121.765256882512
"R01163",5,1,121.765256882512
"R03012",1,1,121.765256882512
"R02413",6,6,343.686213248977
"R12885",109,110,343.510237769794
"R00717",25,25,180.378443369517
"R01388",9,8,185.459425706686
"R00703",65,68,104.76484756687
"R01000",10,12,104.76484756687
"R03104",0,4,104.76484756687
"R01361",6,5,20.4064482137889
"R02047",84,83,35.7844665047463
"R05066",4,2,36.4823406054105
"R02082",5,5,0.168851844407794
"R01779",89,91,1.17792381724835
"R01977",9,11,1.17792381724835
"R00342",25,27,67.5239877049844
"R07136",4,5,96.3580250531563
"R00214",91,94,217.431882559761
"R00217",62,22,306.651998266552
"R00216",91,94,89.2201157067912
"R00709",35,32,127.380142874546
"R00267",144,144,145.25897068116
"R01899",7,7,145.25897068116
"R00268",32,29,145.25897068116
"R02032",5,3,0.437407774705477
"R02034",90,90,0.437407774705477
"R10221",9,4,102.904047435719
"R01528",93,88,102.904047435719
"R01520",9,7,10.3663253750755
"R01521",9,7,10.3663253750755
"R01094",0,4,0.349895033134262
"R01096",0,4,0.349895033134262
"R01097",0,4,0.349895033134262
"R08544",0,4,0.349895033134262
"R00835",100,105,22.4411005757557
"R02736",87,93,22.4411005757557
"R10520",95,100,22.4411005757557
"R10907",4,8,22.4411005757557
"R04330",82,83,3.34983481054101
"R04831",0,0,3.34983481054101
"R04834",0,0,3.34983481054101
"R04844",0,1,3.34983481054101
"R04847",0,0,3.34983481054101
"R01895",4,4,0.404856945346486
"R02454",4,4,207.648231171799
"R02555",1,2,238.085453442505
"R01745",8,10,22.8435165844766
"R01747",8,10,22.8435165844766
"R01644",6,8,47.3209252739801
"R02352",7,3,1.09096129160588
"R02353",7,3,1.09096129160588
"R04681",2,3,0.637288791339485
"R04682",2,3,0.637288791339485
"R08945",0,0,0.637288791339485
"R08980",0,0,0.637288791339485
"R01738",92,90,108.502051934367
"R01740",95,94,108.502051934367
"R02258",85,87,78.9239583568242
"R03080",83,83,78.9239583568242
"R01781",4,6,78.9239583568242
"R02257",5,7,78.9239583568242
"R00465",25,25,5.14197165214591
"R01392",9,8,5.14197165214591
"R02527",6,7,5.14197165214591
"R10052",6,3,136.705439917582
"R04426",3,3,136.705439917582
"R01652",6,4,136.705439917582
"R00994",11,13,136.705439917582
"R04439",92,91,99.548772732414
"R03051",1,2,99.548772732414
"R04440",3,2,99.548772732414
"R05068",2,1,99.548772732414
"R05069",2,3,99.548772732414
"R05071",5,4,99.548772732414
"R02081",5,5,10.8541032072766
"R01487",83,83,0.327791029659183
"R01763",0,0,0.327791029659183
"R02611",3,3,0.327791029659183
"R04304",0,3,0.327791029659183
"R05282",0,0,0.327791029659183
"R05347",0,0,0.327791029659183
"R05348",0,0,0.327791029659183
"R00842",31,32,153.411261002806
"R00844",31,32,153.411261002806
"R11337",31,28,286.276501262437
"R01513",6,9,286.276501262437
"R08198",114,111,286.276501262437
"R02767",88,89,161.516782059597
"R04533",1,3,161.516782059597
"R04534",2,3,161.516782059597
"R04536",1,2,161.516782059597
"R04543",1,2,161.516782059597
"R04566",1,2,161.516782059597
"R04953",1,2,161.516782059597
"R04964",1,2,161.516782059597
"R07763",0,1,161.516782059597
"R10116",1,1,161.516782059597
"R10120",1,1,161.516782059597
"R01465",2,3,48.1784409270022
"R03048",0,0,0.365492314263207
"R08382",1,0,0.365492314263207
"R07148",82,82,0.341380542780445
"R08926",0,3,0.341380542780445
"R07675",0,1,37.0545603390296
"R01542",4,5,122.694102412916
"R00880",0,9,1.53044508740054
"R02777",3,4,721.511257121118
"R07133",103,103,15.4843402914823
"R05607",16,17,15.4843402914823
"R02580",85,85,0.283117964892141
"R02683",0,1,0.283117964892141
"R02935",0,3,12.3318108413715
"R01976",9,11,70.8429174883448
"R05576",94,97,70.8429174883448
"R06941",2,1,71.5407915890089
"R03192",2,1,215.75966075404
"R03191",2,1,215.75966075404
"R02792",85,86,20.1468511989478
"R02472",3,2,634.527619455102
"R01430",0,2,82.1342512920451
"R00814",88,90,72.8998006462598
"R07015",1,0,72.8998006462598
"R09420",2,0,75.7474199696875
"R03557",87,88,0.12832599957944
"R02581",3,2,0.12832599957944
"R02975",2,2,0.12832599957944
"R04552",86,87,0.0956869065829856
"R03458",1,1,206.339898516388
"R03119",0,1,7.93785360398665
"R02377",0,2,7.93785360398665
"R02103",1,6,104.156199349099
"R01768",5,5,104.156199349099
"R12987",10,12,104.156199349099
"R12988",145,144,104.156199349099
"R01130",4,6,270.968298391886
"R08240",1,1,270.968298391886
"R01739",8,6,0.600358398015459
"R08879",88,89,0.600358398015459
"R08880",87,88,0.600358398015459
"R11500",0,0,17.1546024329687
"R03123",0,0,17.1546024329687
"R03636",0,0,17.1546024329687
"R05038",0,0,17.1546024329687
"R07998",0,0,17.1546024329687
"R07999",0,0,17.1546024329687
"R05571",6,1,1.05982131815958
"R05679",0,26,27.6186969727885
"R05680",0,26,27.6186969727885
"R05837",87,85,48.0265635100282
"R05681",4,3,48.0265635100282
"R07406",3,2,48.0265635100282
"R05683",86,86,0.864439258227112
"R05684",88,89,0.864439258227112
"R05688",3,2,627.705889238717
"R00196",65,68,12.5533174210427
"R00197",62,6,38.3013965195015
"R01341",41,41,77.4512132095547
"R00475",57,57,77.4512132095547
"R00846",31,32,0.959810304651518
"R02107",1,6,0.194453345881155
"R00069",0,1,0.194453345881155
"R01769",5,5,0.194453345881155
"R07942",0,1,0.194453345881155
"R07977",0,2,0.194453345881155
"R07978",0,0,0.194453345881155
"R07979",0,0,0.194453345881155
"R08235",0,0,0.194453345881155
"R12989",10,12,0.194453345881155
"R12990",64,63,0.194453345881155
"R01025",2,5,4.33082233565754
"R00849",31,32,154.728529058258
"R08657",38,39,154.728529058258
"R00848",31,32,154.728529058258
"R05062",5,5,0.287798876472688
"R05198",11,12,0.287798876472688
"R05285",2,4,0.287798876472688
"R00361",19,9,2.45932464491619
"R00360",59,61,2.45932464491619
"R01257",25,27,2.45932464491619
"R06620",20,24,8.49030698699345
"R00874",39,41,12.4349888393347
"R06983",2,1,0.26210563763964
"R07140",88,88,0.26210563763964
"R00519",58,66,230.090098412179
"R10797",25,23,22.4495344192061
"R11944",4,1,157.044000281611
"R00538",108,108,10.0692846534337
"R00631",19,18,10.0692846534337
"R00710",35,42,10.0692846534337
"R00904",5,2,10.8290888888923
"R01752",11,9,9.76527785774742
"R02549",4,2,10.525082093206
"R02678",0,2,9.76527785774742
"R02940",83,83,9.76527785774742
"R03283",0,0,9.76527785774742
"R03869",0,2,9.76527785774742
"R04065",0,0,9.76527785774742
"R04506",84,83,9.76527785774742
"R04903",0,1,9.76527785774742
"R05050",0,1,9.76527785774742
"R05286",2,3,9.76527785774742
"R06366",0,0,9.76527785774742
"R08146",0,1,9.76527785774742
"R00264",32,29,9.76527785774742
"R01986",4,2,9.76527785774742
"R02957",2,2,9.76527785774742
"R05237",1,1,9.76527785774742
"R05238",1,1,9.76527785774742
"R02536",5,6,1.0063570951383
"R02695",4,3,1.0063570951383
"R03300",2,5,1.0063570951383
"R04882",3,4,0.304006795686277
"R04888",0,1,0.304006795686277
"R04891",0,2,0.304006795686277
"R04996",0,1,0.304006795686277
"R08282",0,0,0.304006795686277
"R08307",0,1,0.304006795686277
"R00634",111,112,0.304006795686277
"R00711",35,42,0.304006795686277
"R02537",5,6,0.304006795686277
"R02697",4,3,0.304006795686277
"R03302",2,5,0.304006795686277
"R04883",3,4,0.304006795686277
"R04889",0,1,0.304006795686277
"R04892",0,2,0.304006795686277
"R08283",0,0,0.304006795686277
"R07104",0,0,0.304006795686277
"R02565",2,3,4.48183417780549
"R02566",2,3,4.48183417780549
"R01058",6,20,3.25248950306558
"R00228",71,69,33.1807668635984
"R01172",9,0,55.1504726515213
"R02291",6,4,626.387727714565
"R01061",21,21,684.813188108278
"R00713",20,23,3.99413912270645
"R00714",20,23,3.99413912270645
"R02401",1,1,3.38669440853391
"R12215",2,4,0.759804235458624
"R00705",64,61,4.06039771052967
"R00706",64,61,4.06039771052967
"R00922",14,1,4.06039771052967
"R00935",14,2,4.06039771052967
"R11679",2,2,0.195028668210435
"R03098",1,2,0.195028668210435
"R04390",2,1,0.195028668210435
"R04863",1,1,0.195028668210435
"R03443",1,2,596.562294056407
"R03313",3,4,575.328680670578
"R00604",17,10,1.63993881586568
"R01063",21,21,1.56291602595041
"R04418",3,2,4.33241032941127
"R09129",82,82,2.53312107337479
"R10301",84,84,2.53312107337479
"R03145",26,64,31.0563353681311
"R00635",58,58,0.187705656418908
"R01709",0,4,0.187705656418908
"R02125",3,2,0.187705656418908
"R02657",1,0,0.187705656418908
"R03871",0,2,0.187705656418908
"R04904",0,1,0.187705656418908
"R08349",0,3,0.187705656418908
"R08384",0,1,0.187705656418908
"R04085",0,0,0.187705656418908
"R08408",0,0,0.187705656418908
"R00207",3,64,8.16599188353276
"R01699",10,5,7.98773138798462
"R00014",4,77,228.007842146098
"R03270",17,8,7.98773138798462
"R01700",41,33,3.47641789399591
"R00621",1,44,3.47641789399591
"R01933",5,4,80.0892378561219
"R01940",4,4,3.47641789399591
"R03316",17,5,3.47641789399591
"R01701",1,7,4.50336864566546
"R01702",1,4,4.50336864566546
"R04225",1,3,4.50336864566546
"R07599",1,22,4.50336864566546
"R07600",16,5,4.50336864566546
"R07601",1,19,4.50336864566546
"R07602",16,5,4.50336864566546
"R07603",1,18,4.50336864566546
"R07604",16,5,4.50336864566546
"R10996",1,27,4.50336864566546
"R10997",16,5,4.50336864566546
"R01196",142,143,616.281431875886
"R01199",11,16,345.769228143183
"R08034",1,0,399.190405372489
"R10516",59,58,270.512203732704
"R01197",65,63,753.99374604335
"R07161",53,54,556.960724231381
"R07160",3,7,0.561594307992348
"R08566",3,4,0.561594307992348
"R08567",2,3,0.561594307992348
"R10385",8,8,84.8754712143301
"R07157",25,28,20.0511355721297
"R09317",95,93,46.0331345097061
"R11743",0,0,86.6489065581243
"R03015",26,27,86.6489065581243
"R08060",17,1,86.6489065581243
"R00978",12,12,0.0515229665116139
"R01415",9,10,0.0515229665116139
"R08226",1,3,0.0515229665116139
"R01404",91,92,5.72748141875992
"R04430",3,2,5.72748141875992
"R04725",5,3,5.72748141875992
"R04956",3,2,5.72748141875992
"R04959",7,5,5.72748141875992
"R04962",5,3,5.72748141875992
"R04967",6,3,5.72748141875992
"R04970",7,4,5.72748141875992
"R10118",1,1,5.70465003845627
"R10122",1,1,5.70465003845627
"R01403",87,87,62.7749775180121
"R04429",3,2,62.7749775180121
"R04724",5,3,62.7749775180121
"R04955",3,2,62.7749775180121
"R04958",7,5,62.7749775180121
"R04961",5,3,62.7749775180121
"R04966",6,3,62.7749775180121
"R04969",7,4,62.7749775180121
"R07765",2,0,62.7749775180121
"R00384",82,82,2.16330020229085
"R01171",14,19,2.16330020229085
"R02391",2,3,7.56364249332995
"R02393",2,3,7.56364249332995
"R04198",4,4,138.028090840534
"R04199",4,4,138.028090840534
"R01505",2,1,4.49318590196002
"R04319",86,87,181.023084691578
"R12620",107,107,181.023084691578
"R01728",8,7,505.409269925973
"R00732",12,9,4.39616333408834
"R01867",4,4,162.955512057357
"R03220",2,1,3.2486133779472
"R09489",1,2,16.5230260856447
"R04178",1,1,6.3145657062368
"R03222",1,2,6.3145657062368
"R00388",34,34,0.0253821721415849
"R07934",1,1,0.0253821721415849
"R07950",1,1,0.0253821721415849
"R01175",14,19,80.9246644100585
"R01279",7,7,12.4440630429181
"R03777",4,4,12.4440630429181
"R03857",4,4,12.4440630429181
"R03990",3,3,12.4440630429181
"R04751",3,3,81.1937162400765
"R04754",3,3,12.4440630429181
"R07888",1,0,0.0253821721415849
"R07892",1,1,0.0253821721415849
"R07896",1,1,0.0253821721415849
"R12356",15,18,0.0253821721415849
"R02164",19,23,726.194263118627
"R01178",0,0,68.6604923512823
"R02661",3,3,80.9884430837929
"R03172",3,4,80.9884430837929
"R04432",15,18,68.6604923512823
"R00392",13,11,12.4186808707765
"R04095",4,5,14.5104303244848
"R02609",86,89,0.275515617708305
"R02893",0,2,0.275515617708305
"R01835",0,5,0.275515617708305
"R02219",2,1,0.275515617708305
"R02498",0,3,0.275515617708305
"R02841",0,1,0.275515617708305
"R03713",0,0,0.275515617708305
"R03850",87,87,0.275515617708305
"R04817",1,2,0.275515617708305
"R04823",0,1,0.275515617708305
"R02488",12,16,0.116028952514799
"R10074",6,6,0.116028952514799
"R03028",9,3,240.808284352452
"R02487",9,5,0.116028952514799
"R04096",4,5,2.27164043785028
"R01868",4,4,61.2150808018467
"R00396",66,68,30.3117848841329
"R00145",91,91,247.095805243246
"R00146",95,96,247.095805243246
"R00365",143,143,30.3117848841329
"R00243",70,75,8.59390858948286
"R00248",70,75,755.931351745418
"R01088",6,3,0.131284662321202
"R01434",9,6,0.131284662321202
"R02196",6,3,0.131284662321202
"R00093",56,54,1.17728690927617
"R00256",58,65,1975.8060104445
"R00114",56,54,546.518970468998
"R01340",43,43,0.0228782195419477
"R02457",1,3,0.0228782195419477
"R02894",1,1,0.0228782195419477
"R02923",3,1,0.0228782195419477
"R05861",102,103,1.63379754118825
"R07400",0,0,0.0228782195419477
"R00366",42,36,1.63379754118825
"R04221",0,0,0.0228782195419477
"R06124",42,42,0.0228782195419477
"R11354",71,70,0.00397062540446576
"R02173",1,1,0.00397062540446576
"R02382",3,1,0.304956088252202
"R02529",6,2,0.304956088252202
"R02532",4,0,0.00397062540446576
"R02613",3,4,0.304956088252202
"R02908",4,1,0.00397062540446576
"R02919",3,4,0.00397062540446576
"R04025",1,1,0.00397062540446576
"R04300",2,1,0.304956088252202
"R04674",1,0,0.00397062540446576
"R04890",2,0,0.00397062540446576
"R04893",2,0,0.00397062540446576
"R04894",2,0,0.00397062540446576
"R08347",1,1,0.00397062540446576
"R08348",1,1,0.00397062540446576
"R04907",0,0,0.00397062540446576
"R04908",0,1,0.00397062540446576
"R08346",1,0,0.00397062540446576
"R00277",3,6,9.34994227547937
"R00278",3,2,9.34994227547937
"R01710",6,4,9.34994227547937
"R01711",6,3,9.34994227547937
"R01853",43,43,0.300985462847737
"R03139",1,3,0.300985462847737
"R06154",49,46,0.300985462847737
"R04027",0,0,0.300985462847737
"R06740",2,2,0.300985462847737
"R00481",1,14,132.208529103419
"R00357",35,31,132.208529103419
"R03425",51,50,329.209532060687
"R00021",56,54,182.831150618854
"R10086",70,75,182.831150618854
"R09493",11,11,3.97847981037019
"R01374",8,1,3.97847981037019
"R01248",9,8,100.900310094034
"R01251",9,8,100.900310094034
"R03291",3,3,100.900310094034
"R03293",3,3,100.900310094034
"R00939",19,26,47.0894982574114
"R00936",19,26,47.0894982574114
"R00937",17,2,47.0894982574114
"R00940",17,2,47.0894982574114
"R02235",6,5,47.0894982574114
"R02236",6,5,47.0894982574114
"R11765",5,4,47.0894982574114
"R01220",12,12,283.59086500742
"R01655",12,9,283.863761839914
"R00943",37,45,733.293632135499
"R00941",17,5,3.70906658384574
"R00715",10,6,363.017528850534
"R02315",3,5,0.716488078549154
"R00245",37,39,5.88391185347916
"R00707",37,39,5.88391185347916
"R00708",37,39,5.88391185347916
"R04444",5,6,5.88391185347916
"R04445",5,6,5.88391185347916
"R05051",4,0,5.88391185347916
"R01218",12,12,0.48679707927956
"R00666",155,158,3.53153358845162
"R05706",10,12,427.207650118292
"R00610",30,25,429.569275758151
"R04433",7,7,0.975220124748765
"R01565",8,7,2.07366765270463
"R01588",7,4,1.26415546910452
"R02511",5,4,1.26415546910452
"R01253",9,8,15.8383225244797
"R04456",10,12,0.0516077028633415
"R04464",9,10,1.2049717985163
"R00112",164,164,109.203869137225
"R00100",1,1,1.99184137422811
"R11945",7,7,2164.91646930819
"R02364",86,87,74.2099371658026
"R00282",86,87,87.8306619801633
"R07358",82,82,35.063174101357
"R02964",2,1,13.6735980563133
"R03643",82,82,13.6735980563133
"R03816",0,0,13.6735980563133
"R07359",86,87,13.6735980563133
"R00787",29,37,32.0137125073246
"R01134",6,10,9.22828449112594
"R00790",29,37,45.4868411033017
"R00791",10,11,11.4228375409391
"R00783",9,12,0.659272271447824
"R00784",9,12,0.659272271447824
"R00081",4,4,4.05489900604114
"R00082",60,60,4.05489900604114
"R00280",9,12,0.659272271447824
"R00785",9,12,0.659272271447824
"R09497",10,11,53.2287224819887
"R02804",2,2,0.444369369632155
"R00858",21,26,74.9084936387649
"R08550",83,86,69.2748548235591
"R03815",2,2,69.2748548235591
"R07618",14,10,69.2748548235591
"R01698",82,82,69.2748548235591
"R00115",100,87,4.33828756166696
"R00094",97,95,4.33828756166696
"R02016",100,101,204.90524026212
"R00900",28,27,204.90524026212
"R03596",2,2,204.90524026212
"R09372",0,0,204.90524026212
"R00533",1,16,1.40843768056486
"R07176",57,62,60.9516421597503
"R02021",11,2,60.9516421597503
"R00859",21,26,1.10523525160213
"R03600",2,3,1.10523525160213
"R00860",43,48,83.8731958669263
"R08553",13,18,83.8731958669263
"R04927",36,37,83.8731958669263
"R04541",5,13,2.10326605835145
"R00068",1,0,0.839758748165909
"R11325",7,7,115.689199216465
"R11885",7,7,115.689199216465
"R11886",76,76,115.689199216465
"R00017",4,4,48.5819653841712
"R00274",2,13,8.32359765814221
"R07034",0,0,8.32359765814221
"R07035",0,1,8.32359765814221
"R00052",2,1,34.0942776550954
"R00700",82,82,7.28476313915338
"R04015",23,23,8.36721107954815
"R03025",8,8,6.47397924576758
"R00816",2,4,0.613376247795397
"R04089",0,1,0.613376247795397
"R05295",3,1,0.613376247795397
"R05404",1,1,0.613376247795397
"R05406",0,0,0.613376247795397
"R07795",1,0,0.613376247795397
"R01631",4,4,0.59822270499514
"R03549",4,5,0.59822270499514
"R02656",1,2,1.34616774019311
"R02519",0,1,0.215997308028389
"R03303",4,6,2.02185500919546
"R02521",1,5,1.47972017755485
"R01372",0,8,1.47972017755485
"R00025",9,0,259.672404776845
"R00319",26,8,3.64585231739924
"R00818",3,1,0.0979812876778055
"R05632",0,1,0.0979812876778055
"R06915",1,0,0.0979812876778055
"R06936",0,0,0.0979812876778055
"R06939",2,0,0.0979812876778055
"R01298",11,6,1.83753505944243
"R02698",3,3,2.25435367203599
"R03299",3,0,2.25435367203599
"R09662",82,82,0.686484454529262
"R05705",10,12,55.198790186584
"R09748",6,5,0.686484454529262
"R09750",4,3,1.73772657327197
"R03344",86,87,0.0775558931612757
"R04523",86,87,0.0775558931612757
"R08266",0,0,0.0775558931612757
"R10551",15,18,0.662787124524158
"R02879",1,1,0.0112636957241467
"R01347",0,9,0.0112636957241467
"R02281",6,4,0.0112636957241467
"R06945",1,1,0.0112636957241467
"R12540",15,10,0.141229009095485
"R01795",11,3,0.141229009095485
"R07211",0,4,0.141229009095485
"R03912",1,1,0.266860319672831
"R02222",2,0,0.0484484904267262
"R12173",5,6,0.0484484904267262
"R03814",1,0,0.00718060602414353
"R07933",0,0,0.00718060602414353
"R07063",3,5,0.00718060602414353
"R11110",1,0,0.00718060602414353
"R11111",1,0,0.00718060602414353
"R12167",1,1,0.00718060602414353
"R12168",0,0,0.00718060602414353
"R12170",0,0,0.00718060602414353
"R12171",1,0,0.00718060602414353
"R12172",5,6,0.00718060602414353
"R02807",86,87,17.1771343477368
"R00092",90,93,0.904810253049115
"R03391",1,1,18.746886823113
"R03392",1,1,18.746886823113
"R04294",14,14,76.0349088749077
"R02017",9,69,76.0349088749077
"R02018",2,45,76.0349088749077
"R02019",3,16,76.0349088749077
"R02024",3,6,76.0349088749077
"R08363",0,0,76.0349088749077
"R08364",0,0,76.0349088749077
"R11893",1,0,76.0349088749077
"R04315",16,16,0.0648140267417392
"R02014",9,74,0.0648140267417392
"R02020",3,7,0.0648140267417392
"R02022",4,8,0.0648140267417392
"R02023",2,5,0.0648140267417392
"R01195",86,87,186.850994521228
"R10159",86,87,186.850994521228
"R11485",105,106,186.850994521228
"R05875",82,82,4.29872208174228
"R02000",2,2,239.100199091523
"R00019",23,23,504.605968266443
"R05747",0,0,497.223094030897
"R02821",33,39,0.103243737015819
"R11063",29,31,48.7252714443574
"R00650",24,10,48.7252714443574
"R00946",46,53,290.743916286466
"R09365",3,2,388.986248420214
"R04405",24,10,98.242332133748
"R00597",70,68,664.786434081983
"R02917",70,68,142.419923307802
"R00594",71,69,6.97407248264177
"R00380",76,76,727.607831903499
"R04858",69,67,727.607831903499
"R04427",0,0,74.7838545475198
"R07481",0,0,74.7838545475198
"R02101",18,22,1000.28045706568
"R10716",69,67,830.731241109121
"R07233",69,67,301.806629618264
"R07234",69,67,715.816970914892
"R03805",70,68,10.9237621175507
"R08700",3,2,820.034054275979
"R04314",8,8,507.993975342187
"R08769",0,1,41.0246720472819
"R04988",0,1,41.0246720472819
"R12657",77,75,41.5406993486681
"R02056",1,5,6.73122874727049
"R03424",1,2,6.73122874727049
"R01320",12,9,6.73122874727049
"R02961",69,67,2764.33361663608
"R04190",69,67,29.8982092802366
"R03411",69,67,93.6191879863992
"R02623",71,69,152.219407998117
"R04347",5,13,0.675933823664372
"R12291",4,13,0.675933823664372
"R04496",0,0,8.31029700113217
"R01942",1,2,70.2945448200847
"R06578",0,1,70.2945448200847
"R03003",69,67,311.947739938001
"R08771",0,0,0.516027301386145
"R04711",0,0,0.516027301386145
"R05149",1,1,104.569936570056
"R07774",1,1,112.41074399019
"R07775",1,1,112.348964002775
"R05763",70,68,57.9324954127448
"R00945",62,60,190.371807297411
"R09099",3,16,190.371807297411
"R04325",22,25,245.314296700596
"R04326",21,27,245.314296700596
"R04560",25,28,357.330932181178
"R01127",6,7,357.414040238558
"R02287",53,60,47.0666025439662
"R03189",17,23,47.0666025439662
"R02301",6,2,516.763677849507
"R03940",17,6,612.147571819527
"R04125",45,55,60.843107722701
"R02300",2,6,60.843107722701
"R01226",2,7,70.3764606888124
"R01216",19,17,70.3764606888124
"R01397",27,18,634.236015989709
"R01398",4,14,765.360302105605
"R00565",34,27,4.26668315560648
"R01686",0,5,4.26668315560648
"R01989",3,8,4.26668315560648
"R01641",35,36,226.924425072741
"R01067",13,37,226.924425072741
"R01830",37,37,226.924425072741
"R06590",0,0,226.924425072741
"R06861",37,37,226.95603058094
"R06863",30,31,226.924425072741
"R08575",46,46,205.564855391312
"R01827",40,40,205.564855391312
"R00259",1,37,446.790989791567
"R02282",11,9,266.40065719448
"R02058",3,7,103.889908073738
"R00230",62,60,236.242703556602
"R00921",14,16,238.718990351061
"R00238",66,65,71.3452980725921
"R00927",73,72,71.3452980725921
"R01177",97,96,71.3452980725921
"R02569",66,66,172.795105413167
"R00851",7,22,2.20759877061793
"R02617",69,73,2.20759877061793
"R09380",33,37,2.20759877061793
"R00391",2,66,0.837612092963944
"R00829",71,68,1.92314990077799
"R03778",90,89,0.837612092963944
"R03858",90,89,0.837612092963944
"R03991",90,89,0.837612092963944
"R04742",90,89,0.837612092963944
"R04747",90,89,0.837612092963944
"R05506",65,0,0.837612092963944
"R05586",5,1,0.837612092963944
"R07891",1,1,0.837612092963944
"R07895",1,1,0.837612092963944
"R07899",0,1,0.837612092963944
"R07937",1,0,0.837612092963944
"R07953",0,0,0.837612092963944
"R08091",0,1,0.837612092963944
"R08095",4,1,0.837612092963944
"R02616",88,86,119.240930669063
"R01174",9,10,267.871502763945
"R02251",3,23,0.317150976929008
"R02694",69,71,0.317150976929008
"R09474",0,2,0.317150976929008
"R01999",0,2,0.161997981021292
"R03065",88,86,312.941282874217
"R00371",26,23,218.420013943663
"R00586",23,16,738.243511330944
"R01776",8,6,283.250711926733
"R01777",8,6,283.250711926733
"R00830",2,22,0.815989830329468
"R01626",40,27,539.980028813007
"R02768",18,19,61.3465619118315
"R04355",1,6,61.3465619118315
"R04726",1,8,61.3465619118315
"R04952",1,7,61.3465619118315
"R04957",1,7,61.3465619118315
"R04960",2,10,61.3465619118315
"R04963",1,7,61.3465619118315
"R04968",1,8,61.3465619118315
"R07762",1,9,61.3465619118315
"R10115",1,6,61.3465619118315
"R10119",1,6,61.3465619118315
"R10707",1,63,494.950490603781
"R03210",1,1,61.1971870551182
"R10124",1,2,61.1971870551182
"R02241",20,22,287.041967220396
"R02760",63,68,287.041967220396
"R09381",27,32,287.041967220396
"R00212",136,141,293.406807432702
"R06987",23,27,293.406807432702
"R03910",88,86,159.324662693882
"R01154",1,7,159.324662693882
"R02570",17,19,7.40254932989237
"R02571",5,5,7.40254932989237
"R01556",92,88,172.913608510382
"R04348",88,86,35.5567314856658
"R03767",89,87,39.4507639647004
"R01889",88,86,77.7585413292664
"R03760",88,86,24.7350804836343
"R02911",0,2,24.7350804836343
"R03390",2,2,0.2419007137664
"R00832",1,7,2.64568854335629
"R04365",5,4,136.871187465714
"R08386",88,86,8.6150028805098
"R04024",88,86,8.6150028805098
"R12920",45,40,94.6365510947526
"R04567",1,21,94.6365510947526
"R05333",3,14,0.106691185295256
"R04159",1,1,4.53504561337077
"R01262",2,18,4.53504561337077
"R01687",0,5,4.53504561337077
"R03867",0,0,4.53504561337077
"R04935",1,1,4.53504561337077
"R03916",35,4,4.53504561337077
"R03970",0,1,4.53504561337077
"R03971",0,0,4.53504561337077
"R00494",36,13,4.53504561337077
"R03749",6,1,20.6218744378952
"R02743",16,1,20.6218744378952
"R04058",0,0,56.0256552767573
"R11443",0,0,17.319540815583
"R11444",0,0,17.319540815583
"R03813",1,2,17.319540815583
"R01821",25,29,193.128899973455
"R02111",12,0,193.128899973455
"R02120",14,5,7.24421048869233
"R00803",31,25,36.9712865736488
"R01555",20,3,9.61848665774103
"R05140",25,25,1.94251995140787
"R00292",2,15,22.6963947204787
"R02889",0,15,3.85290956995855
"R07256",14,10,0.0845528416746983
"R00806",9,26,0.0845528416746983
"R08676",91,83,0.0845528416746983
"R00766",22,14,0.270283076128046
"R00836",74,68,3.69620839262507
"R02737",4,15,3.69620839262507
"R11783",85,87,0.547668416694692
"R02335",1,21,0.0797326889791208
"R00952",29,2,83.9841881295987
"R02421",6,7,136.476087722843
"R03118",0,15,0.115956449573135
"R04548",50,48,0.973782006420398
"R04423",48,47,0.973782006420398
"R12807",60,51,11.885062454398
"R01009",12,9,566.097945738342
"R04182",48,47,0.305367370184084
"R04584",48,47,0.134661056093329
"R03490",49,48,0.134661056093329
"R05109",48,47,0.134661056093329
"R12962",49,48,0.134661056093329
"R11399",2,2,20.8756156435816
"R04072",5,3,20.8756156435816
"R01005",0,2,5.45006460546833
"R05908",0,0,1.39498095301967
"R10436",51,49,1.39498095301967
"R05927",0,0,2.52608323269394
"R05986",0,1,1.15612719109484
"R07259",62,55,1.15612719109484
"R11879",0,0,0.047391173376944
"R02790",63,56,0.047391173376944
"R04654",62,55,0.047391173376944
"R02791",51,49,0.536297208061449
"R04531",50,48,0.536297208061449
"R04606",1,2,160.276531473307
"R03681",59,50,4.79735772616819
"R05327",62,55,4.58307244072727
"R06015",1,0,1.38491726633279
"R01876",14,16,132.769420317588
"R02296",6,8,44.2779868831924
"R02484",12,13,134.064500434878
"R01570",11,11,45.5730670004829
"R02298",2,2,44.2779868831924
"R08229",4,2,88.4914334343954
"R01969",6,8,99.3134242537135
"R02748",7,6,99.3134242537135
"R08222",4,1,1.29508011729052
"R08230",4,2,1.29508011729052
"R00190",38,40,165.257901402892
"R04378",3,2,165.257901402892
"R01132",10,9,91.922787903047
"R01229",11,14,249.50108484969
"R02142",7,6,249.50108484969
"R08237",1,0,91.922787903047
"R08238",0,0,91.922787903047
"R08245",0,0,91.922787903047
"R00966",25,26,792.404780649418
"R01870",10,9,290.827321323431
"R08231",0,3,290.827321323431
"R01724",8,8,634.538925839627
"R01072",18,16,994.407034521564
"R01071",7,6,449.053556186075
"R01073",9,12,314.567924182515
"R03348",5,1,320.198313189136
"R04148",2,1,392.335042645122
"R05925",0,3,1.54349622387395
"R01402",9,8,41.6040240856251
"R10209",7,8,659.841820435411
"R04176",83,84,37.7371176643746
"R11312",7,7,221.303706306679
"R10712",5,3,221.303706306679
"R03223",5,3,221.303706306679
"R00177",78,78,363.100040318066
"R04771",2,1,363.100040318066
"R00660",28,20,1119.06065541837
"R01122",2,5,588.963204260021
"R00066",6,1,337.934514028424
"R04457",1,3,282.60122552148
"R01658",8,8,193.083548808999
"R02003",11,7,193.083548808999
"R03067",1,3,120.530553125894
"R03066",1,3,120.530553125894
"R01920",17,20,98.9905356080967
"R08359",0,2,98.9905356080967
"R12183",81,79,78.0103696031034
"R12184",81,80,78.0103696031034
"R01492",2,0,78.0103696031034
"R05220",2,0,78.0103696031034
"R07268",3,0,78.0103696031034
"R08511",15,14,0.649151329834064
"R03522",3,13,0.649151329834064
"R07093",0,0,0.649151329834064
"R07094",0,1,0.649151329834064
"R07100",0,1,0.649151329834064
"R07113",0,0,0.649151329834064
"R07116",0,0,0.649151329834064
"R08512",15,14,0.649151329834064
"R07002",0,1,0.649151329834064
"R07003",0,1,0.649151329834064
"R07004",0,1,0.649151329834064
"R07023",0,1,0.649151329834064
"R07024",0,1,0.649151329834064
"R07025",0,1,0.649151329834064
"R07026",0,1,0.649151329834064
"R07069",0,0,0.649151329834064
"R07070",0,0,0.649151329834064
"R07083",0,1,0.649151329834064
"R07084",0,0,0.649151329834064
"R07091",0,0,0.649151329834064
"R07092",1,0,0.649151329834064
"R08280",0,0,0.649151329834064
"R09409",0,1,0.649151329834064
"R11905",3,0,0.649151329834064
"R03460",2,2,793.155038442329
"R06223",3,1,2.13008313169065
"R00702",2,1,2.8861598679663
"R02872",3,2,2.13008313169065
"R04311",1,1,33.0181496650122
"R09247",0,1,303.198399130478
"R06447",4,1,560.13874213095
"R05329",8,10,1.55601501342118
"R07477",88,91,1.55601501342118
"R07479",4,3,1.55601501342118
"R07480",1,1,1.55601501342118
"R07478",83,83,1.55601501342118
"R00355",86,81,98.5294800993184
"R00694",12,9,237.268327654485
"R00734",15,12,237.268327654485
"R00895",17,17,98.5294800993184
"R00896",17,17,98.5294800993184
"R02433",6,5,98.5294800993184
"R02619",2,0,98.5294800993184
"R05052",4,5,98.5294800993184
"R00258",117,118,115.048088038844
"R07396",24,25,4.54190519037472
"R03243",2,1,134.196942364792
"R01343",23,23,6.71517449294228
"R00667",10,10,6.71517449294228
"R00668",59,58,6.71517449294228
"R00768",6,29,829.114619479147
"R02283",4,2,391.810240396762
"R04475",2,1,428.37503467397
"R01648",9,15,7.75307861975467
"R00908",9,9,21.6049295035312
"R01148",68,69,12.3613595413675
"R01344",68,69,12.3613595413675
"R01582",9,7,12.3613595413675
"R02459",3,3,12.3613595413675
"R02851",1,0,12.3613595413675
"R02924",3,2,12.3613595413675
"R05053",4,5,12.3613595413675
"R01939",6,4,0.317494453497097
"R12688",98,96,0.374110142928448
"R01956",1,3,0.374110142928448
"R03445",1,1,0.374110142928448
"R03954",0,1,0.374110142928448
"R04171",1,0,0.374110142928448
"R01090",6,3,128.426571007094
"R01214",9,6,128.426571007094
"R02199",6,3,128.426571007094
"R10991",11,12,128.426571007094
"R00369",62,8,7.33886139711673
"R00372",92,86,7.33886139711673
"R10992",11,12,7.33886139711673
"R00588",63,52,7.33886139711673
"R00585",22,17,7.33886139711673
"R04173",4,2,303.316464063352
"R05085",4,3,303.316464063352
"R03120",51,50,3.46454767302108
"R10845",52,51,3.46454767302108
"R01731",6,5,3.46454767302108
"R03231",2,2,130.172165073082
"R01215",9,6,127.055448703775
"R06977",8,4,16.0952689904431
"R10908",26,1,4.59680736054507
"R04217",1,2,4.60338684985672
"R02848",90,87,0.646065730242522
"R00299",14,22,558.036191129028
"R00760",19,11,302.152024116812
"R00867",13,11,302.152024116812
"R01326",6,3,0.646065730242522
"R01600",6,4,558.036191129028
"R01786",10,11,558.036191129028
"R01961",6,4,32.3975911242116
"R02865",97,96,0.646065730242522
"R03920",13,0,302.152024116812
"R00725",37,40,0.646065730242522
"R00876",39,34,0.646065730242522
"R01139",36,43,0.646065730242522
"R01140",39,38,0.646065730242522
"R01327",18,17,0.646065730242522
"R01330",17,20,0.646065730242522
"R01964",17,16,0.646065730242522
"R01965",16,19,0.646065730242522
"R02849",12,11,0.646065730242522
"R02850",11,14,0.646065730242522
"R02867",19,20,0.646065730242522
"R02868",18,23,0.646065730242522
"R00866",2,11,0.440215845407606
"R03819",89,86,0.440215845407606
"R03014",1,1,104.752268849858
"R01902",3,3,104.752268849858
"R01092",1,2,621.045775035431
"R04779",3,13,130.399576229084
"R00756",6,18,130.399576229084
"R00767",31,29,130.399576229084
"R00769",70,66,130.399576229084
"R00770",28,28,130.399576229084
"R01843",98,94,130.399576229084
"R03236",6,7,400.884054159442
"R03237",6,7,130.399576229084
"R03238",6,7,130.399576229084
"R03239",6,7,130.399576229084
"R01737",6,7,94.594509116718
"R01051",10,12,135.115238172435
"R02750",2,2,135.115238172435
"R01526",12,11,104.377297310832
"R02439",4,4,100.965590739115
"R01639",12,12,547.75907937981
"R01523",3,8,3.36902718309565
"R00185",34,34,36.9738742925213
"R01567",5,3,90.2659127023277
"R02099",5,3,90.2659127023277
"R08233",0,1,90.2659127023277
"R00104",85,81,591.275554511969
"R00130",54,3,467.04027709629
"R00509",8,6,17.1801478875021
"R04928",89,87,17.1801478875021
"R11536",1,1,1.51224636031416
"R01059",20,4,1.86270293964917
"R01011",26,5,1.86270293964917
"R07636",36,35,1.86270293964917
"R00847",16,16,625.916754446437
"R08572",2,7,550.106233972465
"R03018",1,2,226.972338365799
"R02971",2,0,226.972338365799
"R04391",1,0,226.972338365799
"R00174",3,4,140.751004016183
"R01909",1,2,140.751004016183
"R02493",3,3,140.751004016183
"R02245",3,3,7.88980763535138
"R01771",5,5,347.500491296795
"R00200",158,157,74.6746541021529
"R00430",28,18,74.6746541021529
"R00572",82,81,74.6746541021529
"R00659",121,118,74.6746541021529
"R00724",80,81,74.6746541021529
"R01138",9,12,74.6746541021529
"R01858",3,3,74.6746541021529
"R02320",70,72,74.6746541021529
"R01541",4,7,695.675642389025
"R00964",18,21,178.722949411819
"R00513",18,17,178.722949411819
"R00517",18,17,177.547956804797
"R00968",18,21,177.547956804797
"R08232",0,1,177.547956804797
"R04448",1,1,447.039768385584
"R03241",1,1,6.30742368896637
"R12695",93,90,6.30742368896637
"R01901",3,4,8.33530147646984
"R07127",1,3,8.33530147646984
"R03576",1,0,9.87421361826916
"R02071",3,3,199.010636564187
"R03387",1,1,11.5196382692503
"R01201",3,5,4.39283762082063
"R02650",90,87,3.51825286174862
"R02705",2,5,3.51825286174862
"R02185",27,31,21.382194203111
"R02187",6,4,21.382194203111
"R02189",10,11,21.382194203111
"R05626",4,0,59.7009607900576
"R02412",4,4,497.171069230773
"R01131",7,8,1.58281916175106
"R01228",9,12,1.58281916175106
"R00764",19,20,114.631411430898
"R02073",13,16,114.631411430898
"R01888",88,85,48.9885381905553
"R04143",2,1,14.2298247424268
"R02240",7,14,705.065528309004
"R04401",88,85,4.69620813201501
"R03150",88,85,1.64459483656412
"R04657",3,1,135.663087820419
"R05805",6,18,0.26001123029958
"R09084",3,13,0.26001123029958
"R05804",119,124,0.26001123029958
"R12594",100,101,0.26001123029958
"R09085",10,11,0.26001123029958
"R09086",10,10,0.26001123029958
"R05634",2,2,613.91311832762
"R00315",27,34,232.66784962226
"R01353",5,5,232.66784962226
"R00150",49,52,86.2739380276774
"R01395",4,5,376.875606239964
"R12185",74,80,86.2739380276774
"R01512",7,10,590.200118915957
"R00480",1,14,989.963276219661
"R01688",4,3,271.382411550853
"R02649",1,1,636.017332127637
"R00239",1,37,574.679121692425
"R02184",88,85,712.684625728469
"R03245",2,1,6.28577996916497
"R00127",93,94,169.849380475996
"R01547",10,11,169.849380475996
"R11319",0,15,169.849380475996
"R00331",88,85,7.34208080104909
"R00124",88,85,7.34208080104909
"R00139",1,0,7.34208080104909
"R00156",51,46,7.34208080104909
"R00330",28,18,7.34208080104909
"R00570",12,9,7.34208080104909
"R00722",10,9,7.34208080104909
"R01137",9,12,7.34208080104909
"R01857",4,6,7.34208080104909
"R02093",5,3,7.34208080104909
"R02326",5,4,7.34208080104909
"R02331",2,5,7.34208080104909
"R03530",1,1,7.34208080104909
"R12853",1,1,7.34208080104909
"R11894",0,0,7.34208080104909
"R11895",1,1,7.34208080104909
"R03471",1,2,353.945270870981
"R04509",3,2,353.945270870981
"R00332",22,24,172.041479054201
"R02090",4,4,172.041479054201
"R12852",2,2,172.041479054201
"R02094",7,9,155.11863007141
"R02098",5,7,155.11863007141
"R00512",21,19,325.916809905588
"R01665",6,8,325.916809905588
"R00617",15,6,171.252746238212
"R01049",14,16,778.935174353284
"R00619",17,16,534.918339921195
"R03503",2,1,292.306099571976
"R00429",1,7,1309.96279653051
"R00137",83,82,272.113123871887
"R03005",7,6,272.113123871887
"R03035",3,5,589.702416573818
"R00529",5,7,101.836338535112
"R04929",2,0,101.836338535112
"R00444",31,33,569.910281983617
"R00435",85,83,832.799381402734
"R00441",25,17,569.910281983617
"R00442",10,8,569.910281983617
"R00443",10,5,569.910281983617
"R10813",4,4,569.910281983617
"R07282",27,29,169.92005042802
"R00437",76,79,169.92005042802
"R00438",54,55,169.92005042802
"R00439",24,26,169.92005042802
"R00440",15,16,169.92005042802
"R00289",32,25,289.490542172115
"R00955",43,35,435.219102677828
"R00885",13,11,402.799590511844
"R01890",1,2,12.5183760367121
"R02590",0,0,12.5183760367121
"R00416",27,23,295.540679085785
"R10183",11,11,15.0373623386909
"R02328",2,13,633.742871389923
"R09382",100,94,142.880639110021
"R09383",2,2,142.880639110021
"R09384",2,2,142.880639110021
"R09386",2,2,142.880639110021
"R00948",15,15,1035.71997368161
"R00956",12,12,117.539353974445
"R03351",6,4,177.876669988438
"R00856",3,13,35.8897456287096
"R01799",4,9,537.971898118862
"R03473",1,1,37.8803577030024
"R03474",1,1,37.8803577030024
"R02599",0,0,9.36949076673589
"R01117",4,4,9.36949076673589
"R04215",0,0,9.36949076673589
"R02226",2,1,22.7005743570389
"R00379",29,31,1939.13347900395
"R07285",20,19,161.930330890626
"R04733",0,0,95.0824799910858
"R05633",2,2,633.691500856992
"R11025",2,1,85.5120992966121
"R01801",1,3,559.983581271032
"R01535",27,27,376.202533687039
"R01625",19,57,357.484603589263
"R01800",24,18,201.544935149235
"R05629",1,6,230.188243119628
"R05630",1,5,230.188243119628
"R01007",39,34,0.452128242270626
"R04511",17,15,13.5306064810857
"R05081",0,2,13.5306064810857
"R10849",0,1,13.5306064810857
"R00206",16,64,833.456904524284
"R00199",70,72,40.9871872526112
"R03595",3,3,254.948236603609
"R01931",11,2,42.755718230908
"R03105",64,65,3.32469882640762
"R12689",64,65,3.32469882640762
"R12690",36,36,3.32469882640762
"R01078",4,3,367.832398119885
"R02586",6,5,0.363200370764139
"R02996",2,2,76.1740750718821
"R00928",93,98,12.9640326749127
"R01449",8,8,12.9640326749127
"R05508",7,2,12.9640326749127
"R01780",20,20,12.8265250254488
"R00410",12,13,12.8265250254488
"R02990",1,3,2.64746048949647
"R00393",87,89,21.2363606560974
"R01179",11,11,21.2363606560974
"R01359",12,13,21.2363606560974
"R07832",0,0,21.2363606560974
"R01365",8,16,20.2244264128933
"R03884",80,83,6.58523888431926
"R04000",1,1,6.58523888431926
"R05509",4,3,6.58523888431926
"R08219",0,4,86.4674195016089
"R01369",21,23,13.5976128453286
"R02250",23,23,13.5976128453286
"R02687",13,14,13.5976128453286
"R02688",23,21,13.5976128453286
"R05209",21,21,13.5976128453286
"R07291",23,24,42.8580536325635
"R01309",23,21,42.8580536325635
"R02744",27,29,42.8580536325635
"R02746",4,3,42.8580536325635
"R02747",4,8,42.8580536325635
"R03416",2,1,42.8580536325635
"R03417",2,1,42.8580536325635
"R01026",6,0,0.0770998386437218
"R02362",5,1,93.970042711685
"R01519",13,11,1.08196798421558
"R02933",3,3,1.08196798421558
"R03751",2,1,22.6484748025495
"R04785",2,1,1.08196798421558
"R02991",1,1,87.3297448078471
"R04238",2,1,674.446397127252
"R02035",8,8,246.828883413313
"R01314",35,32,1.01818810599542
"R01316",8,9,1.01818810599542
"R02054",2,5,1.01818810599542
"R04034",0,2,1.01818810599542
"R07860",11,9,1.01818810599542
"R01313",31,27,0.969806674031736
"R01315",4,9,0.969806674031736
"R01317",18,11,0.969806674031736
"R07064",14,12,0.969806674031736
"R07859",11,9,0.969806674031736
"R02053",2,5,0.969806674031736
"R03107",10,8,0.969806674031736
"R07379",2,1,0.969806674031736
"R07387",2,3,0.969806674031736
"R03062",0,0,127.131549626125
"R03893",0,0,2.11694846954954
"R05510",0,1,2.11694846954954
"R05511",0,0,2.11694846954954
"R06835",0,0,2.11694846954954
"R06838",0,0,2.11694846954954
"R08120",0,0,2.11694846954954
"R08121",0,1,2.11694846954954
"R09136",0,0,2.11694846954954
"R09220",0,0,2.11694846954954
"R09222",0,0,2.11694846954954
"R10983",5,3,0.241419863602146
"R08149",0,0,0.241419863602146
"R04608",5,3,0.241419863602146
"R08150",0,0,0.241419863602146
"R00227",26,58,98.9326108510349
"R04090",14,12,300.21408527838
"R01736",6,1,300.21408527838
"R00527",17,2,26.0549675774791
"R04014",0,3,28.1690180390067
"R08157",1,5,28.1182941975418
"R08158",0,2,28.1182941975418
"R12329",62,62,28.1690180390067
"R00383",78,77,18.943652560526
"R01301",9,4,0.220317254188957
"R00626",5,5,108.286058770059
"R02135",6,6,624.27051484208
"R03024",0,0,211.558805337807
"R01010",30,29,108.286058770059
"R04620",3,3,90.0728033268637
"R00548",11,13,168.092451828125
"R11527",8,10,18.2132554431949
"R00582",20,2,109.141580304054
"R02853",3,3,109.141580304054
"R07297",1,1,55.5323054087025
"R00183",4,32,55.5323054087025
"R00511",5,15,55.5323054087025
"R00963",4,18,55.5323054087025
"R01126",3,6,55.5323054087025
"R01227",3,10,55.5323054087025
"R02323",3,4,55.5323054087025
"R02719",2,2,55.5323054087025
"R03346",3,6,55.5323054087025
"R01569",7,8,132.751396337899
"R01664",3,7,132.751396337899
"R01968",3,4,132.751396337899
"R02088",4,4,132.751396337899
"R02102",2,6,132.751396337899
"R12958",3,3,132.751396337899
"R00188",32,33,475.878485063062
"R00508",6,2,231.551363112039
"R03371",0,2,4.28543035438036
"R00304",28,32,102.270449671495
"R00947",18,19,102.270449671495
"R02778",6,4,4.43342393305004
"R03013",2,1,602.822439553013
"R03457",1,1,463.026486007137
"R00164",51,50,1151.71263542204
"R01334",6,1,1611.40627537023
"R07343",52,54,97.8891030061133
"R01185",3,1,97.8891030061133
"R01186",3,0,97.8891030061133
"R01187",3,4,97.8891030061133
"R03372",0,2,1.36685422663232
"R02029",4,1,95.2381926695489
"R02239",20,21,10.2863639920206
"R04162",0,0,10.2863639920206
"R06520",2,1,10.2863639920206
"R06521",2,1,10.2863639920206
"R06522",7,1,10.2863639920206
"R09644",6,8,10.2863639920206
"R05627",4,4,1374.10328061029
"R02732",2,13,1.90960049489794
"R00763",19,18,2.38187834301361
"R02731",13,2,2.38187834301361
"R02585",2,2,1313.10830872943
"R01312",15,9,0.620878603300094
"R02027",15,3,0.620878603300094
"R02052",15,5,0.620878603300094
"R03332",16,3,15.2177844813411
"R07381",0,1,0.620878603300094
"R12035",2,5,50.5693330159517
"R03060",1,1,34.3898703289717
"R01562",4,1,34.3898703289717
"R01877",4,1,34.3898703289717
"R02148",3,1,34.3898703289717
"R02370",5,1,34.3898703289717
"R03423",1,1,49.5265249030935
"R03537",1,0,49.5265249030935
"R03538",1,0,49.5265249030935
"R03929",1,0,49.5265249030935
"R05135",1,0,49.5265249030935
"R03422",1,1,7.70432001910158
"R04373",6,4,40.9535616355562
"R00857",16,17,260.791142522469
"R01030",18,6,260.791142522469
"R01470",15,2,260.791142522469
"R01856",3,5,560.1852758526
"R01243",2,2,45.3948283826801
"R03980",5,0,45.3948283826801
"R04856",1,0,73.8917704965144
"R03404",5,0,0.737366008958496
"R08941",0,0,0.737366008958496
"R08942",0,1,0.737366008958496
"R01028",5,4,144.586245885189
"R12961",3,3,28.4969421138343
"R00336",16,16,14.6730156359186
"R01982",2,3,33.0815198792936
"R02360",1,3,18.4076861207777
"R00010",18,6,5.21103588206957
"R01478",4,0,39.68318819735
"R08260",0,0,39.68318819735
"R04979",0,0,39.68318819735
"R08127",0,0,39.68318819735
"R01498",6,6,174.394016912763
"R03617",6,7,3.92599421771686
"R03162",8,7,1225.88063852367
"R03122",1,0,26.2581726240239
"R04320",5,4,28.6176954407388
"R07413",2,1,28.6176954407388
"R03255",7,7,26.8221090930256
"R03256",3,1,26.8221090930256
"R00839",28,2,99.7289700919978
"R05133",6,0,99.7289700919978
"R05134",6,0,99.7289700919978
"R00837",28,4,33.111888001459
"R05979",1,0,2.48842351382192
"R00838",28,1,19.5568312212029
"R01480",8,9,76.9503710616524
"R02341",4,4,56.4971367619912
"R01245",9,4,56.4971367619912
"R01677",5,4,56.4971367619912
"R01770",6,4,56.4971367619912
"R02143",5,2,56.4971367619912
"R01080",12,6,4.69579649826435
"R01273",4,2,1.38507278312098
"R10046",5,3,1.38507278312098
"R00182",9,32,52.881330226768
"R00194",1,57,196.614885882752
"R12621",3,3,196.614885882752
"R01401",9,7,196.614885882752
"R03037",1,1,1.77794158894249
"R07644",0,1,27.8520843086709
"R10648",35,35,933.474468445669
"R00485",21,3,225.380601939865
"R06134",20,20,648.406352102359
"R01579",3,1,31.3563162001808
"R03909",20,20,8.87504908276443
"R00321",25,31,8.87504908276443
"R02540",4,2,8.87504908276443
"R03096",0,1,8.87504908276443
"R03180",2,0,8.87504908276443
"R05551",3,3,8.87504908276443
"R05590",4,1,8.87504908276443
"R00131",46,3,43.5390033960071
"R00905",5,5,11.214279070089
"R04666",0,1,11.214279070089
"R08228",0,1,11.214279070089
"R01959",20,24,42.4205958625505
"R00988",3,1,42.4205958625505
"R04911",1,0,42.4205958625505
"R00944",33,5,28.7872198933085
"R02170",1,0,0.638183738552071
"R04103",4,6,0.638183738552071
"R00669",9,2,63.2308405424178
"R09107",4,1,63.2308405424178
"R02734",3,1,588.102995519218
"R01268",7,7,54.3855580591738
"R05835",30,0,89.3552603126991
"R02797",11,0,89.3552603126991
"R03975",27,0,89.3552603126991
"R03977",8,0,89.3552603126991
"R04486",26,22,89.3552603126991
"R04487",7,5,89.3552603126991
"R02059",6,5,220.031241939157
"R05168",0,0,220.031241939157
"R03421",20,13,1.62779343121496
"R01424",4,0,55.1197623650297
"R02333",0,1,8.78947089699043
"R00524",41,0,3.47159100034273
"R00005",25,1,7.90007896008779
"R00525",52,1,0.497122068998884
"R01918",20,1,2.83134607964914
"R01917",20,19,2.83134607964914
"R05635",16,22,343.699942759657
"R04268",16,22,343.699942759657
"R02269",3,3,34.2306015977442
"R03055",3,2,34.2306015977442
"R08227",1,1,34.2306015977442
"R01993",4,4,727.971935769937
"R02425",2,1,41.5433927067962
"R03743",44,43,154.080447471336
"R04318",1,1,154.080447471336
"R06363",0,0,154.080447471336
"R02288",3,1,265.70604156766
"R00251",35,3,151.057939568244
"R01884",1,0,118.598372506902
"R03187",0,1,34.1086136402131
"R00551",12,7,29.1811467772118
"R00552",11,9,52.5771569678199
"R06138",1,1,140.861579391329
"R02285",35,2,13.1413931880855
"R01157",7,2,253.490454748003
"R02513",7,7,20.0631276081678
"R00776",25,23,12.7191529961587
"R04189",2,1,2.65724056238929
"R00974",13,15,15.0594726983539
"R01411",9,0,15.0594726983539
"R02922",1,1,15.0594726983539
"R01244",13,14,321.981889407111
"R01676",8,10,158.323517148326
"R01560",3,4,63.071683099014
"R02556",5,5,63.071683099014
"R01878",4,5,160.542862986725
"R02485",2,2,160.542862986725
"R08221",1,1,160.542862986725
"R01663",8,11,642.533459361196
"R02325",2,3,129.641047364545
"R00424",37,30,117.618265839961
"R00428",1,7,117.618265839961
"R04639",6,1,117.618265839961
"R05046",1,1,117.618265839961
"R05048",1,1,117.618265839961
"R04037",1,1,326.089281826642
"R00425",3,7,174.420759274346
"R03464",2,3,0.408680048773394
"R00540",24,2,6.02900097417937
"R01887",0,0,5.04429928141687
"R03093",0,0,5.04429928141687
"R03542",0,0,5.04429928141687
"R05591",4,0,5.04429928141687
"R07855",4,0,5.04429928141687
"R05358",3,1,0.984701692762503
"R00997",11,0,0.216137588276069
"R00004",67,66,594.785888881363
"R00539",19,19,73.6046317499441
"R00317",26,4,73.6046317499441
"R01421",4,0,73.6046317499441
"R01515",7,10,73.6046317499441
"R01532",64,63,1.60045296197852
"R00087",32,74,1.60045296197852
"R00426",8,7,1.60045296197852
"R00515",16,8,2.78013720960636
"R00662",24,21,1.60045296197852
"R11323",5,1,1.60045296197852
"R00103",83,82,66.8813668521473
"R00160",8,6,2.45247797428478
"R00287",29,15,27.3769379412977
"R03004",7,6,66.8813668521473
"R03036",3,5,1.60045296197852
"R01054",9,1,715.676676646377
"R00855",12,3,0.452908930473665
"R09538",15,15,0.452908930473665
"R01232",0,7,2.62827450948704
"R00184",78,2,11.0375508256299
"R00969",9,0,2.62827450948704
"R02805",0,0,2.62827450948704
"R02100",5,4,267.88107609863
"R11896",0,1,267.88107609863
"R01797",9,10,2.9797690564546
"R00187",68,0,0.66947345693632
"R04035",1,1,321.857513081224
"R03042",50,49,120.34037441174
"R03409",1,2,120.34037441174
"R00125",68,2,11.8611734568315
"R00335",16,7,638.073914121196
"R00987",5,7,0.894959805611871
"R02668",1,0,0.894959805611871
"R03936",1,1,0.894959805611871
"R00543",80,82,75.3016142295995
"R01085",68,1,110.439633124997
"R03830",1,1,126.453005223652
"R05287",6,1,131.114008271723
"R02336",5,7,4.66100304807058
"R02857",6,8,4.66100304807058
"R02337",3,5,0.371841902417935
"R05284",1,1,0.371841902417935
"R05367",1,1,0.371841902417935
"R05368",1,1,0.371841902417935
"R07669",1,0,0.371841902417935
"R07670",0,1,0.371841902417935
"R03523",10,9,0.371841902417935
"R05369",1,0,0.371841902417935
"R05370",0,1,0.371841902417935
"R01963",4,3,2.08454377902997
"R00522",18,23,3.0244323134283
"R12212",78,82,459.067015335924
"R01366",6,5,0.655335934385187
"R02948",1,4,16.7116304646377
"R01764",0,3,0.108372980344288
"R02672",0,2,0.108372980344288
"R01908",2,3,15.2550571324117
"R00233",65,60,0.283109081067216
"R05373",13,15,0.283109081067216
"R00489",5,14,235.146421370826
"R00261",4,37,27.9284926599687
"R01682",9,6,27.9284926599687
"R02466",0,1,27.9284926599687
"R00670",7,9,43.4890627889891
"R00462",11,5,18.255968095354
"R00566",3,7,735.868131175341
"R00451",11,6,607.356992020481
"R07405",1,2,639.42254119278
"R07404",1,1,139.983817729275
"R01167",4,3,9.44552611690311
"R00965",17,1,693.680750562936
"R00685",1,3,0.70400661732211
"R11932",0,0,0.70400661732211
"R02080",1,0,0.746646135293201
"R02701",2,1,0.70400661732211
"R00699",1,3,0.70400661732211
"R00736",1,9,0.746646135293201
"R04909",1,1,0.70400661732211
"R00345",52,57,162.804795447249
"R00431",29,32,31.7412010671658
"R00726",29,32,31.7412010671658
"R01121",5,1,7.59166844642259
"R03269",2,2,259.571932717386
"R03197",3,2,53.5325134403342
"R04972",0,0,53.5325134403342
"R00024",6,72,3.41927770781387
"R03140",7,2,3.41927770781387
"R03470",2,1,741.698747775508
"R00013",4,21,3.7706368868524
"R03508",3,3,227.21463357966
"R00341",52,57,498.256345980662
"R00178",4,67,34.4979050698574
"R01238",11,6,13.6434946634259
"R02055",9,5,199.993621684097
"R00474",0,49,0.064584191325511
"R00272",37,36,0.064584191325511
"R01066",21,21,523.412200694266
"R00751",31,23,269.189648853314
"R06171",27,22,269.189648853314
"R00761",6,18,110.01004208641
"R01621",23,23,110.01004208641
"R00762",19,20,147.794589560173
"R04780",13,16,147.794589560173
"R01845",10,9,236.744943193997
"R01068",46,48,244.610871827685
"R01070",43,46,244.610871827685
"R01829",32,33,244.610871827685
"R02568",31,30,244.610871827685
"R05605",80,84,114.730137579577
"R10283",81,81,112.166023158517
"R00470",81,81,112.166023158517
"R01826",1,23,918.842366443936
"R03254",2,2,135.736262501032
"R02262",30,1,96.5450574057706
"R12696",28,29,96.5450574057706
"R02263",30,1,72.5671949848921
"R01785",28,29,72.5671949848921
"R03277",64,68,3.74739562434257
"R02754",68,73,3.74739562434257
"R01064",20,1,7.76390826388288
"R11037",0,2,65.9667430337833
"R03504",6,2,124.978083718252
"R11073",3,1,65.9667430337833
"R01069",45,45,76.6328022803897
"R00479",42,41,4.75106319373735
"R00472",91,85,5.90604451895943
"R12768",67,69,66.601290793933
"R01811",5,5,66.601290793933
"R01360",69,65,4.56365740670658
"R08090",1,0,4.56365740670658
"R01978",69,68,4.37879333929418
"R01323",81,83,90.0559823349207
"R00354",79,1,96.5084542054469
"R00351",80,79,766.868252204768
"R01213",70,64,688.330440964883
"R00006",2,64,220.020110758113
"R00226",64,65,220.020110758113
"R03050",75,78,220.020110758113
"R04672",77,79,220.020110758113
"R04673",25,29,220.020110758113
"R08648",2,77,220.020110758113
"R01804",5,5,9.17800623845171
"R04435",1,2,9.17800623845171
"R00271",2,86,27.0946313529363
"R00986",3,6,202.428445874572
"R00985",3,6,202.428445874572
"R00931",14,15,1.18394977217041
"R04150",55,58,33.1673338279993
"R07263",2,2,33.1673338279993
"R05636",81,82,825.036037310418
"R01716",2,6,93.0395253205593
"R05552",11,6,93.0395253205593
"R00750",72,76,127.224211136411
"R00673",3,3,35.7163989633927
"R12758",8,7,35.7163989633927
"R11100",3,4,234.730735999146
"R11099",62,64,593.345470671271
"R00728",12,10,0.162569067116514
"R12759",14,13,0.162569067116514
"R00034",0,0,8.19391838257048
"R08765",0,0,8.19391838257048
"R10760",27,27,2.73167924399977
"R00132",24,26,102.283885139603
"R10092",6,27,102.283885139603
"R01082",14,16,990.516019848517
"R01324",8,8,234.442173818941
"R01325",6,5,234.442173818941
"R01900",8,7,234.442173818941
"R04425",1,2,1.58206901801938
"R03032",2,2,2.42656360224617
"R03033",1,1,63.39743824929
"R01540",3,5,415.476211298396
"R05606",4,5,559.755929689429
"R01209",9,1,298.647089124809
"R04441",9,2,298.647089124809
"R05070",5,1,298.647089124809
"R00658",16,18,258.341967562046
"R04206",0,0,258.341967562046
"R02036",2,4,3.66128108956048
"R02685",5,4,10.555681989474
"R03026",11,15,10.555681989474
"R03045",4,5,10.854965859807
"R04170",4,3,10.555681989474
"R04204",3,3,10.555681989474
"R04224",1,1,10.555681989474
"R04738",3,2,10.555681989474
"R04740",3,2,10.555681989474
"R04744",3,2,10.555681989474
"R04746",3,2,10.555681989474
"R04749",3,2,10.555681989474
"R07889",1,1,10.555681989474
"R07893",1,1,10.555681989474
"R07897",1,1,10.555681989474
"R07314",46,45,10.555681989474
"R03224",2,2,10.555681989474
"R04137",3,3,10.555681989474
"R05595",9,13,10.555681989474
"R06411",0,0,10.555681989474
"R06412",0,0,10.555681989474
"R06942",1,1,10.555681989474
"R08093",1,0,10.555681989474
"R02722",25,19,321.201770612268
"R02340",4,4,321.201770612268
"R00674",5,3,321.201770612268
"R01290",30,27,13.7882932131966
"R00891",15,16,13.7882932131966
"R01289",27,24,13.7882932131966
"R04942",23,20,13.7882932131966
"R00036",1,2,149.560333621212
"R02376",2,3,32.481680213747
"R10170",3,2,207.440689634661
"R04001",3,3,207.440689634661
"R03968",3,2,207.440689634661
"R03896",1,1,207.440689634661
"R03898",2,2,207.440689634661
"R02752",7,8,4.00481790610585
"R08056",3,3,4.00481790610585
"R02279",6,7,0.269234434532507
"R05608",5,6,24.0888769591004
"R02426",2,1,115.78152753191
"R06513",6,2,769.603614078639
"R00888",7,9,211.674475353276
"R02914",2,1,185.389933725821
"R01373",10,10,153.721981686313
"R00691",6,3,153.721981686313
"R10147",2,68,718.084501483619
"R10208",4,4,59.9146876359378
"R04428",3,3,59.9146876359378
"R04535",4,4,59.9146876359378
"R04537",3,3,59.9146876359378
"R04544",3,3,59.9146876359378
"R04568",3,3,59.9146876359378
"R04954",3,3,59.9146876359378
"R04965",3,3,59.9146876359378
"R10117",1,1,59.9146876359378
"R10121",1,1,59.9146876359378
"R07639",3,3,2.89529461710502
"R03165",3,1,135.645117750998
"R04424",1,1,4.02272967424448
"R02826",46,44,0.0217632638155555
"R04020",1,0,0.0217632638155555
"R05379",2,1,0.0217632638155555
"R07854",1,0,0.0217632638155555
"R02828",3,2,0.0217632638155555
"R05596",1,0,0.0217632638155555
"R07780",0,0,0.0217632638155555
"R10079",29,30,2.53980855342216
"R03546",4,5,2.53980855342216
"R07316",46,7,6.78381735749404
"R04382",2,1,4.0442849864959
"R02361",1,3,0.0919586799599659
"R01466",7,3,190.23639439086
"R05086",0,3,190.23639439086
"R01016",6,26,667.828577924505
"R03083",5,1,568.783620901179
"R01714",11,6,691.038422747501
"R09959",1,3,88.6992551009327
"R04286",2,3,88.6992551009327
"R00897",41,17,160.768827021249
"R03601",29,32,160.768827021249
"R04859",15,2,476.476052210013
"R07274",15,2,160.768827021249
"R03260",22,21,15.2834423590266
"R00999",11,3,15.2834423590266
"R01288",25,18,15.2834423590266
"R02508",33,33,15.2834423590266
"R03217",5,3,15.2834423590266
"R04944",4,2,15.2834423590266
"R04945",34,36,15.2834423590266
"R04946",4,2,15.2834423590266
"R00651",52,57,315.707225188764
"R01287",9,3,315.707225188764
"R00490",25,21,186.928835512978
"R01168",2,4,76.449362654381
"R06132",27,32,99.5265719915416
"R02302",6,6,228.281137325038
"R00084",1,1,104.968665321199
"R00671",15,14,74.9012988761807
"R00195",61,63,25.1917888597471
"R00223",61,63,25.1917888597471
"R00220",103,106,309.462783771997
"R00590",3,16,198.851767968637
"R06131",10,10,326.882556963002
"R00221",64,66,17.4197731910056
"R00996",11,3,110.611015803359
"R11101",4,4,110.611015803359
"R11098",11,13,469.225750475484
"R01086",16,1,661.94206326238
"R01083",37,40,239.656656466445
"R04559",4,3,239.656656466445
"R12851",1,1,239.656656466445
"R01001",27,30,1.33691514405063
"R08632",20,21,1.33691514405063
"R00782",75,78,252.910639768431
"R02408",0,0,98.6869926767409
"R04770",0,2,34.5573385962864
"R04930",16,16,1.33691514405063
"R09366",0,0,98.6869926767409
"R02530",6,6,536.20666162996
"R12188",61,63,97.3500775326902
"R01286",9,5,97.3500775326902
"R02953",61,63,97.3500775326902
"R03528",61,63,97.3500775326902
"R04941",2,5,97.3500775326902
"R00654",3,25,33.2204234522358
"R08635",27,28,33.2204234522358
"R00089",1,74,100.226802319346
"R00434",1,7,100.226802319346
"R05637",3,1,560.668324246778
"R03364",18,15,14.596905878041
"R11329",8,11,23.7715836448188
"R00401",16,15,842.735309370198
"R00260",37,37,620.494765228951
"R01255",9,6,16.8920707651261
"R02735",5,5,595.840131128168
"R00491",0,14,198.126093371341
"R03791",2,1,3.63327194687765
"R04161",0,0,3.63327194687765
"R01778",3,4,0.697874100664145
"R01975",9,11,0.697874100664145
"R04203",2,2,0.697874100664145
"R04737",2,2,0.697874100664145
"R04739",2,2,0.697874100664145
"R04741",2,2,0.697874100664145
"R04743",2,2,0.697874100664145
"R04745",2,2,0.697874100664145
"R04748",2,2,0.697874100664145
"R07890",1,1,0.697874100664145
"R07894",1,1,0.697874100664145
"R07898",1,1,0.697874100664145
"R05305",1,0,0.697874100664145
"R08094",1,1,0.697874100664145
"R03276",5,5,0.253757708217491
"R01529",15,14,707.072251586197
"R00291",32,23,311.392152213343
"R00418",36,30,330.264420881111
"R02984",1,1,311.392152213343
"R01602",12,10,305.139633041775
"R10619",1,4,305.139633041775
"R02652",1,1,53.6391506384248
"R01207",10,8,53.6391506384248
"R02770",1,1,111.239110330309
"R02087",3,6,111.239110330309
"R06514",2,5,612.458036837211
"R00420",29,22,107.019725146023
"R00414",5,21,109.690645150389
"R02707",51,49,107.019725146023
"R02739",10,13,200.426165805454
"R04729",0,0,1.71984955464595
"R08734",0,1,1.71984955464595
"R08739",0,1,1.71984955464595
"R01087",6,9,0.960642874697915
"R04273",0,0,2481.4041365838
"R01015",41,41,720.11739103999
"R12991",2,2,118.175494814313
"R01761",4,4,118.175494814313
"R12986",0,0,33.7564802972612
"R00307",7,7,33.7564802972612
"R00878",20,17,33.7564802972612
"R01432",9,6,33.7564802972612
"R01056",16,17,235.641017918985
"R09030",0,1,235.641017918985
"R00772",23,24,226.012299915471
"R01819",17,19,226.012299915471
"R02740",17,18,145.342219813645
"R00771",31,33,145.342219813645
"R03321",17,19,145.342219813645
"R01482",6,7,109.754213556109
"R01983",2,3,109.754213556109
"R02437",4,1,156.852671761375
"R04640",0,1,547.558959031587
"R04383",2,3,267.734793573886
"R01394",4,4,20.9055396001973
"R03509",2,2,324.832142383028
"R03163",4,2,74.139318406096
"R01577",4,4,74.139318406096
"R03240",6,3,236.86922203453
"R03966",0,2,19.4643229283684
"R05389",0,1,19.4643229283684
"R02644",1,1,0.585540864505568
"R09955",6,1,0.585540864505568
"R01837",6,2,0.585540864505568
"R02216",3,1,0.585540864505568
"R02499",5,2,0.585540864505568
"R02840",2,0,0.585540864505568
"R03327",0,0,0.585540864505568
"R04163",1,0,0.585540864505568
"R04678",0,1,0.585540864505568
"R04849",0,0,0.585540864505568
"R09920",2,0,0.585540864505568
"R01123",6,6,105.724739779093
"R04100",3,2,0.140307774699963
"R04756",0,0,0.140307774699963
"R04379",2,2,19.50778831779
"R04482",3,3,19.50778831779
"R01518",6,11,1124.2797993686
"R01516",6,8,328.106542500296
"R08639",24,28,255.473229047531
"R00959",16,18,255.473229047531
"R01057",9,11,351.018861032446
"R03319",0,0,255.473229047531
"R02728",6,10,146.52114929881
"R11310",14,19,146.52114929881
"R02749",3,3,95.5456319849154
"R01818",8,10,174.283616109362
"R00661",16,15,22.0515791658177
"R00461",1,5,122.032627258867
"R03275",1,1,44.429262675824
"R02852",2,1,44.429262675824
"R02272",1,2,209.770853521202
"R00262",35,37,26.3177084982212
"R00833",12,11,343.335564904976
"R00505",11,10,200.103899268818
"R09009",0,0,200.103899268818
"R03959",1,2,0.491982595917593
"R06989",1,2,0.491982595917593
"R05300",1,1,0.491982595917593
"R05390",1,1,0.491982595917593
"R08116",1,1,0.491982595917593
"R09229",0,2,0.491982595917593
"R03307",2,2,2.22968182102938
"R07324",6,17,117.96343341515
"R02918",0,9,667.979248048714
"R03664",0,3,716.970911311168
"R03663",0,3,776.768696376239
"R03657",1,2,846.549600203865
"R03656",0,3,962.459558470966
"R03038",1,8,1192.03067416522
"R03665",0,3,967.336802987199
"R03659",1,25,315.546270919578
"R04773",0,2,315.546270919578
"R03662",0,16,226.536502385385
"R08218",2,16,226.536502385385
"R05577",0,14,829.267032868229
"R03654",0,22,810.863769521406
"R03661",0,7,778.045613670145
"R03650",0,16,764.592279893107
"R05578",1,37,1053.06604417157
"R03652",12,10,565.917589056047
"R03646",0,7,743.663927491922
"R03660",0,3,1322.54995802337
"R03655",0,4,667.702925862368
"R03648",1,3,567.735207205682
"R00235",78,81,33.6194228351412
"R00236",61,58,33.6194228351412
"R00316",26,32,33.6194228351412
"R00925",14,5,33.9213733975578
"R00926",14,16,33.9213733975578
"R01354",5,5,33.9213733975578
"R00389",53,54,1.32926441846729
"R01176",9,3,1.32926441846729
"R00390",56,54,597.881615480283
"R01280",5,7,597.881615480283
"R00432",20,20,0.0362674611897347
"R00727",20,20,0.0362674611897347
"R02405",84,76,0.0362674611897347
"R02406",66,67,0.0362674611897347
"R00405",20,20,54.1144752459774
"R02404",4,5,54.1144752459774
"R01616",1,1,0.88604245186118
"R01943",2,0,0.88604245186118
"R02194",1,2,0.88604245186118
"R02221",0,0,0.88604245186118
"R02255",2,1,0.88604245186118
"R06583",1,0,0.88604245186118
"R00229",78,81,14.8971980489114
"R00920",16,18,14.8971980489114
"R03209",2,0,18.1965639061151
"R01357",8,6,0.0932925334480295
"R01406",18,19,17.8424367462363
"R04449",25,31,56.4450769578184
"R04030",2,1,76.2742430601623
"R02539",2,5,365.60746044711
"R00483",24,14,665.797877026584
"R00253",12,62,1404.58705487132
"R00189",81,3,318.612384045222
"R02473",1,6,214.770368610457
"R00894",2,53,66.9853804636279
"R10993",1,2,66.9853804636279
"R00497",15,23,1.08444122833245
"R10994",0,1,1.08444122833245
"R01150",11,8,757.496839684838
"R04591",2,2,581.745382378483
"R03193",2,4,657.705023654013
"R02783",2,3,659.880133164696
"R02788",2,4,958.908040821998
"R04573",2,3,220.035315538285
"R04617",1,4,220.035315538285
"R04208",2,1,713.174389164973
"R03182",3,4,25.6710947301669
"R12933",26,29,25.6710947301669
"R12934",104,101,25.6710947301669
"R00573",10,5,234.865503935201
"R00571",10,5,234.865503935201
"R01135",26,19,830.749851621146
"R01954",1,19,782.783289019595
"R00774",3,2,21.0979352525132
"R04144",1,1,634.014670008462
"R00149",49,52,0.411128793980361
"R00257",81,3,257.983203874383
"R01231",8,2,223.955960852472
"R01230",8,2,223.955960852472
"R08244",0,1,223.955960852472
"R04463",1,1,1043.77874339134
"R00578",24,14,260.516687502259
"R00575",7,11,290.601668212287
"R10948",94,90,290.601668212287
"R10949",39,47,290.601668212287
"R07641",114,114,290.601668212287
"R00344",78,82,469.643992488554
"R04385",89,87,180.086786429545
"R00742",70,64,563.132866039356
"R04386",66,62,512.346729320848
"R01859",2,21,160.436417853293
"R08924",98,95,160.436417853293
"R04138",1,4,10.2290904770214
"R00381",8,10,12.2543403407923
"R00382",118,120,675.951231688554
"R04274",1,1,3.47261419649869
"R11786",1,1,30.7262847485374
"R03486",51,49,0.0483756861717882
"R02423",2,1,7.18197029075708
"R00804",50,49,460.886331082582
"R09543",1,5,89.8691451203221
"R09725",1,1,69.8694407401577
"R11632",58,59,10.143549032379
"R07773",1,1,312.019698755736
"R07772",1,1,292.457211296834
"R05807",1,3,336.083787884612
"R05815",1,1,85.373360295807
"R09598",123,121,85.373360295807
"R09599",123,121,85.373360295807
"R05224",1,1,85.373360295807
"R11173",2,4,347.464218784856
"R04594",2,2,347.464218784856
"R06529",1,3,182.03690435634
"R07302",3,2,182.03690435634
"R05217",1,1,0.614475073076563
"R05227",1,1,141.524546945778
"R05221",1,3,117.793108666703
"R06558",1,3,117.793108666703
"R05222",2,3,117.793108666703
"R05225",4,3,404.885971251544
"R05223",2,3,182.33342337712
"R11174",10,13,182.33342337712
"R07411",0,3,4.54624390701396
"R10177",27,26,1.77799756916497
"R02065",2,4,1.77799756916497
"R04218",5,1,1.77799756916497
"R07270",1,1,1.77799756916497
"R07916",23,23,1.77799756916497
"R11335",7,7,9.43430475038002
"R03947",4,2,45.4766106624943
"R03194",3,2,32.4168829339149
"R07237",71,68,32.4168829339149
"R07238",71,68,32.4168829339149
"R03950",72,69,32.4168829339149
"R02864",4,2,45.4766106624943
"R00375",15,19,1050.88849372202
"R00376",9,13,1050.88849372202
"R00377",8,3,1050.88849372202
"R00378",8,1,1050.88849372202
"R11029",0,1,1050.88849372202
"R01717",13,5,98.2081457592396
"R05692",10,8,48.9441086535706
"R07059",7,5,48.9441086535706
"R07060",91,92,48.9441086535706
"R10764",0,0,135.121164003472
"R04212",0,1,538.579328392466
"R03905",1,1,541.704672787187
"R00162",88,85,964.806444355782
"R01530",9,8,187.962990697592
"R03317",1,3,53.2172691983101
"R00421",1,21,66.1384780129156
"R08057",37,27,930.029117914865
"R04109",1,1,109.310315325352
"R10806",70,68,634.975277350663
"R06895",2,1,284.224919564322
"R01645",66,71,14.1106055155196
"R01647",6,71,14.1106055155196
"R05146",24,23,54.3570197545624
"R09248",1,1,138.480254490603
"R04658",2,6,11.7195178750936
"R05074",5,4,11.7195178750936
"R09763",22,20,11.7195178750936
"R09765",18,15,11.7195178750936
"R12926",2,2,24.4382025130634
"R04587",1,1,24.4382025130634
"R12803",1,1,66.9457859724206
"R04550",2,1,66.9457859724206
"R10757",2,3,257.338074374113
"R04031",1,1,43.9125129336049
"R08165",1,1,174.469849737371
"R02601",1,4,0.7392236725914
"R04781",3,2,0.7392236725914
"R05297",2,3,0.7392236725914
"R10901",90,90,22.0723396512447
"R05075",22,4,1.16044526468663
"R12197",21,19,1.16044526468663
"R05662",2,1,90.6189791027422
"R05032",1,1,90.6189791027422
"R00765",19,7,651.440317825022
"R03071",9,2,11.07691935885
"R00792",9,2,11.07691935885
"R05185",24,2,1.50509916776131
"R00002",88,85,1.50509916776131
"R00067",23,23,1.50509916776131
"R00153",45,51,1.50509916776131
"R02802",24,23,1.50509916776131
"R04782",22,23,1.50509916776131
"R05496",0,0,1.50509916776131
"R09838",1,1,5.3356906773726
"R09839",62,1,1.08553780781405
"R09820",1,1,1.54151960500858
"R09836",1,1,1.54151960500858
"R05553",3,2,138.582783566139
"R03817",0,0,2.75875253724379
"R08409",0,1,2.75875253724379
"R04111",2,3,52.5412283309189
"R11170",5,4,119.56917854714
"R11172",2,2,119.56917854714
"R03232",2,11,1473.43950128605
"R05570",1,3,91.9404876909457
"R02738",6,22,103.423941723916
"R05820",5,9,13.5770234046156
"R04393",1,0,29.3237529241129
"R02630",6,3,255.63858628306
"R02704",2,1,98.9705992388946
"R05199",3,5,485.494836274685
"R04438",56,54,125.825890810795
"R00811",0,5,254.686193053109
"R04076",0,2,5.36492247206006
"R02780",4,6,11.5567556667489
"R07671",0,0,94.3675973128757
"R09492",2,2,0.0732225085218577
"R08856",39,34,36.5865956520049
"R10137",39,34,36.5865956520049
"R04477",47,47,21.9960905806506
"R07281",1,8,203.614429621741
"R05850",9,9,395.214787176975
"R07125",2,1,11.3464277476685
"R03244",3,4,51.0875818717611
"R07584",3,1,0.499148486206068
"R07583",3,1,0.499148486206068
"R03434",0,0,0.499148486206068
"R09532",2,1,0.499148486206068
"R05320",13,5,3.45634137829235
"R10685",0,102,39.647526608298
"R03472",1,1,525.986164002525
"R07459",2,1,364.576981927446
"R10247",2,7,274.212009169471
"R10246",2,9,440.354137270155
"R03923",33,30,156.689934156343
"R07461",2,3,176.737902311345
"R11562",6,6,184.395940331687
"R11563",6,6,184.395940331687
"R11564",10,10,184.395940331687
"R07463",2,22,1.6109193216463
"R10245",23,22,1.6109193216463
"R05862",64,59,1.6109193216463
"R05863",54,52,1.6109193216463
"R05000",1,4,8.99373111291118
"R05615",1,5,8.99373111291118
"R05616",0,4,8.99373111291118
"R07273",0,4,8.99373111291118
"R01302",18,8,6.35435628039791
"R04985",1,1,51.2200949262119
"R04986",1,1,51.2200949262119
"R09736",71,70,325.305523120984
"R09737",70,68,329.308645410231
"R12067",2,2,3.97089912137045
"R11225",7,6,98.0650357145913
"R05711",86,87,6.77770724643818
"R04549",1,1,162.839212129514
"R03350",3,3,191.580273585131
"R09768",9,8,32.2094539231866
"R05645",10,9,32.2094539231866
"R09769",1,9,32.2094539231866
"R05646",2,2,29.3633545659888
"R05644",2,1,26.923385900735
"R05647",2,2,36.9101194363424
"R09771",1,1,36.9101194363424
"R05176",0,1,28.2084553448722
"R01997",0,0,7.62942120285381
"R01994",0,0,5.12469829850118
"R01996",0,0,13.2028249142119
"R01904",4,5,0.766311049044513
"R01459",2,0,0.220317254188957
"R02782",5,4,109.079882806117
"R08603",1,1,42.2249285920462
"R08503",1,1,41.1931254327255
"R05661",1,2,31.4579680634727
"R05378",31,31,0.418224176741322
"R02755",3,2,180.761610845529
"R01151",8,6,0.299869489186733
"R09078",1,0,42.1666922020573
"R03707",0,1,42.1666922020573
"R02718",0,9,6.36787358492154
"R02231",1,1,0.128246196183307
"R06622",0,0,0.128246196183307
"R00817",2,4,0.0322821843059196
"R04258",1,0,0.0322821843059196
"R05299",2,1,0.0322821843059196
"R08114",0,1,0.0322821843059196
"R08115",1,2,0.0322821843059196
"R09134",0,0,0.0322821843059196
"R05559",0,0,7.13146341372553
"R06966",0,0,7.13146341372553
"R05712",29,37,59.4834613901272
"R11931",4,1,95.69555330671
"R11928",4,1,95.1016575857231
"R11943",4,1,144.233588462321
"R04323",1,0,3.97083696785785
"R03948",1,2,96.4941263304627
"R05808",1,1,96.4698860721032
"R03877",1,2,32.7237187173085
"R02622",3,3,13.9532225643262
"R02624",7,5,144.001185508974
"R00930",14,17,44.4348929964337
"R00353",65,60,44.4348929964337
"R00409",16,17,7.48128981816308
"R11104",105,105,65.2809138901688
"R04237",2,1,10.7675175653334
"R10807",60,51,27.182452030118
"R04377",2,1,27.182452030118
"R02689",15,13,33.446532744756
"R04152",1,2,94.7729983407407
"R02060",6,7,727.489058724356
"R03482",26,32,0.119660181138059
"R00600",70,68,563.14958265166
"R01271",7,7,15.8295372957437
"R06613",25,34,323.110995138772
"R01825",8,9,3.84761724128712
"R04210",4,4,129.809343184577
"R05838",1,2,144.585964447104
"R11889",2,1,47.9537220629899
"R04292",1,29,321.26790049341
"R11168",25,28,470.534392031059
"R04562",2,1,230.507204157267
"R01074",1,2,230.507204157267
"R05145",2,1,230.507204157267
"R08689",2,1,337.417098303235
"R10859",2,1,337.417098303235
"R05884",5,3,324.058757385064
"R08210",4,4,324.058757385064
"R10819",0,0,179.946152950467
"R09832",0,0,1301.77011725386
"R00078",2,11,72.2625161203597
"R09641",38,31,285.701486327729
"R09395",1,1,47.3576258279675
"R11372",1,1,404.468966883505
"R09726",1,1,176.785553402811
"R09394",1,7,375.239830125871
"R07767",2,5,42.3652564187615
"R12423",126,130,42.3652564187615
"R12424",122,123,42.3652564187615
"R00191",32,1,23.9628518121146
"R03519",19,19,1.73418831634109
"R03913",83,83,10.6030386433982
"R03914",87,88,10.6030386433982
"R09993",1,0,90.2593888867121
"R02133",2,3,90.2593888867121
"R10613",38,37,611.639160878493
"R00749",13,14,23.0772093371606
"R07158",26,26,51.5052667786661
"R08571",7,4,51.5052667786661
"R02322",5,4,204.998220541814
"R09735",3,1,204.649451825588
"R11581",0,1,56.508738543681
"R11555",5,6,30.7324183363008
"R11556",4,5,30.7324183363008
"R11557",1,1,30.7324183363008
"R12202",0,0,30.7324183363008
"R11591",65,67,3.8712771081683
"R00704",65,67,334.54387640022
"R00339",20,23,211.729004013078
"R00009",30,22,18.8086547905987
"R00602",11,4,18.8086547905987
"R02670",0,1,18.8086547905987
"R03532",65,63,0.598128412833767
"R00698",1,3,0.598128412833767
"R02596",0,0,0.598128412833767
"R03919",0,0,0.598128412833767
"R04007",0,0,0.598128412833767
"R07443",0,0,0.598128412833767
"R11906",0,0,0.598128412833767
"R08368",2,2,98.018344136423
"R10244",2,2,98.018344136423
"R01561",11,13,98.018344136423
"R01863",7,7,98.018344136423
"R02147",6,8,98.018344136423
"R02297",5,6,98.018344136423
"R02557",11,13,98.018344136423
"R02294",5,5,98.018344136423
"R02295",6,5,98.018344136423
"R03084",9,11,696.994225303606
"R04316",88,86,1133.46433499034
"R11143",2,2,29.5994272327581
"R07770",1,2,29.5994272327581
"R07771",2,1,29.5994272327581
"R12433",117,112,29.5994272327581
"R12449",125,113,29.5994272327581
"R12429",115,112,29.5994272327581
"R07766",7,5,28.8207287633188
"R12427",21,20,28.8207287633188
"R12428",21,20,28.8207287633188
"R07769",2,0,28.8207287633188
"R09592",109,99,3.2717929835263
"R09593",98,92,3.2717929835263
"R06178",4,4,193.04457905761
"R04519",3,4,193.04457905761
"R08938",0,0,187.295669855353
"R08871",0,0,187.295669855353
"R05002",21,19,7.20082253900717
"R06238",0,0,7.20082253900717
"R05652",75,74,2.54633002855278
"R05651",14,3,0.795986731713246
"R02654",67,58,1.53211253872089
"R05274",4,1,0.918198462927665
"R02163",89,89,21.3895760450437
"R10090",1,1,2.53535362820613
"R10091",0,1,2.72626533917578
"R03168",1,1,2.94777034184276
"R00448",1,5,1.94768886615781
"R11108",6,3,0.0199388769566193
"R03370",1,1,0.0199388769566193
"R08161",2,4,0.0199388769566193
"R11109",6,3,0.0199388769566193
"R00630",24,24,2.64626010303697
"R06728",0,0,2.64626010303697
"R08255",0,0,2.64626010303697
"R08258",0,0,2.64626010303697
"R08220",1,0,2.64626010303697
"R08249",0,0,2.64626010303697
"R08251",2,0,2.64626010303697
"R08295",0,1,2.64626010303697
"R08300",0,0,2.64626010303697
"R04141",25,31,0.180309067854191
"R11494",1,2,24.6402542141577
"R06268",1,2,24.6402542141577
"R06269",1,1,24.6402542141577
"R06270",1,1,24.6402542141577
"R06282",0,0,0.844449524187048
"R05332",2,4,280.503316747094
"R04710",78,78,1886.12270684485
"R09597",9,5,585.672813822203
"R07210",11,0,2.73394850304398
"R10206",11,0,2.73394850304398
"R01715",13,8,657.994703548525
"R12548",20,26,121.647298685628
"R03704",26,31,121.647298685628
"R04061",0,0,0.856886572253761
"R03891",0,0,0.856886572253761
"R09565",2,3,0.253901788863346
"R03550",5,4,0.253901788863346
"R01632",0,4,0.0930167541334177
"R04280",2,0,0.0930167541334177
"R09272",0,0,0.0930167541334177
"R01974",1,0,1.13118899220874
"R05316",4,4,2.7789408954796
"R01422",6,10,1.41007350023608
"R02451",0,4,57.8173144602755
"R00283",111,112,57.8173144602755
"R05311",0,1,0.15054611012536
"R03009",1,0,0.179658455067814
"R06336",1,0,0.179658455067814
"R03008",1,1,0.0428704369802867
"R03809",1,0,0.0428704369802867
"R06337",1,0,0.0428704369802867
"R06338",1,1,0.0428704369802867
"R06342",0,1,0.0428704369802867
"R06343",0,1,0.0428704369802867
"R06344",0,1,0.0428704369802867
"R06345",0,1,0.0428704369802867
"R04147",0,0,0.668172497782134
"R02225",0,2,2.9311007788708
"R04384",12,10,0.129942261597937
"R09098",4,4,1.26453089308007
"R11528",29,30,583.393787971776
"R07460",2,17,583.393787971776
"R11529",8,8,583.393787971776
"R02884",88,85,0.626658428796992
"R00294",1,5,0.895196005682518
"R00275",50,50,155.826536830802
"R03658",1,5,982.992061242919
"R01099",43,37,0.726008954380562
"R01098",1,4,0.726008954380562
"R02978",2,0,4.27908006984268
"R06526",2,0,0.272956661711147
"R06525",1,3,0.272956661711147
"R06519",7,0,0.272956661711147
"R01495",1,7,2.12616347012462
"R01926",1,3,22.3095235326623
"R02976",1,3,22.3095235326623
"R09083",1,7,60.3297781909455
"R06530",1,1,428.268564758402
"R03632",88,85,959.392348038654
"R06602",1,1,3.32910868084741
"R03696",1,1,18.9088156179944
"R03732",143,145,33.3801165205792
"R02584",90,87,86.3951142516983
"R01708",6,3,341.133896012306
"R06562",0,0,1.07969353191606
"R06563",86,87,1.07969353191606
"R07747",0,0,1.07969353191606
"R07751",0,0,1.07969353191606
"R01836",8,5,0.636795523448179
"R01838",8,5,0.453672500266393
"R03406",1,2,0.453672500266393
"R03407",1,2,0.453672500266393
"R09956",1,0,0.453672500266393
"R09957",1,2,0.453672500266393
"R00134",58,66,29.7247281583138
"R03161",3,2,116.875093619059
"R00747",12,14,87.2051243132065
"R01538",4,7,0.236754244496683
"R02265",2,2,1.9259667080792
"R01823",16,5,59.4280238352721
"R02727",20,6,3.33764830731648
"R01557",9,7,50.5312508770539
"R01525",9,8,29.9706211044571
"R09322",4,6,0.695086637477656
"R01873",4,6,0.695086637477656
"R02415",6,6,0.695086637477656
"R02786",1,1,4.82508873889845
"R04613",1,2,5.16160587889267
"R08779",0,2,5.16160587889267
"R05707",4,3,1.29736739948846
"R01874",62,0,44.5837634707063
"R03446",1,0,52.4671217963772
"R09796",10,11,7.52799886581171
"R00411",35,1,2.34159969032894
"R05980",1,1,0.410727541669868
"R05981",0,1,0.410727541669868
"R07188",85,89,0.0225897833024233
"R05621",4,7,0.0225897833024233
"R05622",4,7,0.0225897833024233
"R08100",0,0,0.0225897833024233
"R08101",0,0,0.0225897833024233
"R08108",1,0,0.0225897833024233
"R08109",1,0,0.0225897833024233
"R08110",1,0,0.0225897833024233
"R10960",128,129,0.0766539623996912
"R06643",1,7,0.0766539623996912
"R09269",0,1,0.0766539623996912
"R11516",0,7,0.0766539623996912
"R00284",24,28,337.797846882118
"R00143",24,2,337.797846882118
"R02286",1,2,0.468957338682313
"R03352",54,55,0.0812484599858384
"R03158",2,2,0.0812484599858384
"R05064",1,1,0.0812484599858384
"R02765",2,3,38.400484696447
"R09979",0,2,38.400484696447
"R06782",1,1,1.21028754562719
"R06783",1,2,1.21028754562719
"R06784",1,1,0.819594239317122
"R06785",1,1,0.819594239317122
"R06786",1,0,1.81601496769817
"R06787",1,0,1.81601496769817
"R04376",1,2,1.79048443609659
"R06788",1,2,1.79048443609659
"R02603",18,20,2.66095984199235
"R06789",10,1,2.66095984199235
"R06836",7,3,5.13310970634903
"R10185",1,0,70.7645160882595
"R00813",3,2,0.168688530704814
"R08111",1,1,0.168688530704814
"R08112",1,1,0.168688530704814
"R08113",1,1,0.168688530704814
"R04364",0,4,23.3705955208689
"R02733",2,3,21.0226572811358
"R01934",5,5,0.250360516123814
"R01936",4,1,0.250360516123814
"R04862",1,3,0.250360516123814
"R09775",3,1,0.0415302595400054
"R02113",59,50,7.6137520867135
"R01012",26,5,124.378292936083
"R01488",87,88,117.501387865271
"R10189",90,90,28.8340373481719
"R10984",105,103,0.757177506905633
"R06126",105,102,0.757177506905633
"R06830",2,3,0.757177506905633
"R01872",4,6,0.175975479183369
"R06846",4,6,0.175975479183369
"R06847",6,6,0.175975479183369
"R12992",0,0,0.0557141277964881
"R03401",0,0,0.0557141277964881
"R05812",1,1,96.7590131584254
"R05150",1,0,96.7590131584254
"R03748",2,2,27.0294994027125
"R09884",1,5,27.0294994027125
"R09520",6,5,0.246125280745754
"R00083",60,60,0.563167578615271
"R00090",82,82,5.67646785902811
"R05724",82,82,1.66364863156307
"R05725",86,87,1.66364863156307
"R12118",78,84,0.0417017122058698
"R12119",2,2,0.0417017122058698
"R12120",2,2,0.0417017122058698
"R12121",78,84,0.0417017122058698
"R05640",0,0,0.0417017122058698
"R05731",0,0,0.0417017122058698
"R05743",45,44,393.009078127637
"R04133",1,1,26.5706941935318
"R04380",0,2,26.5706941935318
"R12011",69,67,26.6608964830264
"R07236",0,0,5.70893152344251
"R07504",0,0,5.70893152344251
"R10491",0,0,5.70893152344251
"R10492",0,0,5.70893152344251
"R02037",1,1,0.279838007517705
"R06868",1,1,0.279838007517705
"R06869",2,1,0.279838007517705
"R05180",1,1,84.2232286699526
"R05809",1,0,84.2232286699526
"R11580",1,1,87.0494492060932
"R05181",0,1,180.11938638599
"R05810",1,2,180.11938638599
"R04864",8,1,17.2622352683739
"R05566",49,47,47.1036759434936
"R10706",38,39,45.4967266589924
"R09675",89,86,94.2465535214947
"R01810",73,78,166.834801797914
"R08600",4,4,166.834801797914
"R08601",4,4,166.834801797914
"R05797",44,43,0.118929691869882
"R05118",0,0,0.118929691869882
"R05789",3,1,9.09738667436801
"R04118",6,6,1.37615238174366
"R02192",22,22,84.9748907604032
"R05782",4,4,5.46526586404639
"R00254",35,0,5.46526586404639
"R05814",1,1,153.023082792401
"R05177",1,1,153.023082792401
"R01824",0,1,0.336383661359332
"R07323",2,3,6.14218215197487
"R07322",0,4,6.14218215197487
"R01047",1,5,8.87776963660771
"R03357",86,87,1.60475162753792
"R02756",7,8,1.60475162753792
"R04360",0,1,1.60475162753792
"R07353",34,34,0.504539269001034
"R01742",8,6,3.19066652982897
"R01741",8,6,3.19066652982897
"R10186",1,1,20.1639576318995
"R10204",2,1,21.4993803393904
"R10205",3,1,179.238637090517
"R10645",80,80,212.194906925721
"R10646",78,79,212.194906925721
"R10647",69,67,212.194906925721
"R03020",1,1,850.385638108981
"R02324",5,2,3.97496380539953
"R10089",65,71,110.942940424418
"R10088",26,31,110.942940424418
"R07456",3,28,110.942940424418
"R08878",86,87,620.082127064108
"R07182",9,9,33.3700416571763
"R11880",76,76,2.25456801582689
"R11881",76,76,2.25456801582689
"R11882",76,76,2.25456801582689
"R03824",2,1,0.0453327683516372
"R04801",1,2,0.0453327683516372
"R05341",2,4,0.0453327683516372
"R06962",0,0,0.0453327683516372
"R07856",0,1,0.0453327683516372
"R10508",0,0,0.0453327683516372
"R05049",1,1,3.15499408541906
"R09952",5,5,35.1789951406321
"R02411",0,6,3.48561256235001
"R06978",0,2,0.0895176910541782
"R08247",0,0,23.974786866931
"R10531",88,85,6.24196592289528
"R06975",2,3,0.614298565253548
"R12062",122,118,17.3958875310175
"R12059",4,4,17.3958875310175
"R12060",38,38,17.3958875310175
"R12061",5,5,17.3958875310175
"R12066",122,118,17.3958875310175
"R12063",4,4,17.3958875310175
"R12064",38,38,17.3958875310175
"R12065",5,5,17.3958875310175
"R07605",0,1,150.345467131534
"R10486",5,1,38.7321193810991
"R10339",0,2,74.7524320477727
"R12017",36,34,159.112961002803
"R02156",0,0,112.717319966756
"R12580",73,71,1.09827665826706
"R12581",25,24,1.09827665826706
"R12582",4,4,1.09827665826706
"R12583",51,50,1.09827665826706
"R09978",1,1,151.238112922088
"R03613",2,2,32.1935382307497
"R02319",9,9,8.6370967269371
"R00086",68,74,8.6370967269371
"R00615",18,19,8.6370967269371
"R10496",3,2,1.21031717678749
"R10776",1,1,77.2190909291966
"R02171",10,12,142.965445783556
"R00510",3,15,142.965445783556
"R12955",25,26,142.965445783556
"R12956",12,15,142.965445783556
"R07232",69,67,3.96725029226363
"R10093",5,0,0.655551768771464
"R09378",1,1,0.189035152597247
"R11102",0,11,0.16372712219638
"R10337",53,53,0.16372712219638
"R09749",94,95,10.9559627217527
"R07164",138,139,9.25402528920264
"R07165",143,145,9.25402528920264
"R07407",1,14,9.25402528920264
"R07410",1,14,9.25402528920264
"R09707",0,0,28.3572873669509
"R12105",1,1,190.960119201312
"R12106",2,2,190.960119201312
"R12107",1,1,190.960119201312
"R12108",2,2,190.960119201312
"R05790",1,0,11.098275407049
"R09770",1,1,36.8204852408973
"R11188",0,0,244.327121951023
"R10611",74,72,1.17925846729717
"R11154",11,14,7.43923227337593
"R11159",11,14,7.43923227337593
"R11160",8,8,7.43923227337593
"R10342",89,85,495.251199632159
"R11024",1,1,22.5485546367429
"R08555",4,6,181.244592834337
"R09646",20,20,0.0630097508607556
"R04556",83,83,0.805063875090912
"R04557",88,89,0.805063875090912
"R06601",0,0,16.6609799000125
"R11582",0,1,266.635661489063
"R04216",0,0,2.94266356457567
"R01291",9,1,470.549486206505
"R08991",1,1,185.32842499017
"R11816",9,3,0.0849612490094527
"R11817",9,3,0.0849612490094527
"R09541",94,98,4.01803291377339
"R11861",2,13,3.23181100789964
"R00215",61,63,0.582962861667185
"R02545",1,1,0.582962861667185
"R06180",3,3,0.582962861667185
"R01751",8,8,0.582962861667185
"R01333",8,11,3.20961010236855
"R01446",7,6,3.31627575578338
"R00203",62,7,3.31627575578338
"R04188",4,1,4.07675998231053
"R02274",2,3,4.10665192208979
"R02134",6,6,3.06488695369908
"R01378",7,7,3.35547354275967
"R03342",5,4,3.35547354275967
"R09781",4,5,4.62473364660159
"R09773",3,3,4.62473364660159
"R09774",4,5,4.62473364660159
"R12207",3,3,4.62473364660159
"R09669",1,4,5.188160196338
"R09670",0,5,5.188160196338
"R05151",0,0,2.71114635545277
"R04120",14,14,105.087400504665
"R07606",36,37,105.087400504665
"R07607",14,14,74.1988097777315
"R09501",0,0,78.394513863572
"R07229",2,0,195.99465997873
"R11659",1,1,26.1157824183077
"R04494",62,55,4.52804665343238
"R00544",26,26,23.3488330359705
"R00638",19,18,23.3488330359705
"R07162",11,3,1.21257166393732
"R01278",6,2,1.21257166393732
"R03776",3,2,1.21257166393732
"R03856",2,3,1.21257166393732
"R03989",2,2,1.21257166393732
"R04753",2,2,1.21257166393732
"R06985",2,2,1.21257166393732
"R10455",74,72,1.08679878654822
"R10463",7,3,769.572664616791
"R10220",87,89,639.612903151817
"R11082",5,2,2.5089655387828
"R08574",8,4,0.381613687777594
"R07290",19,25,70.7984498423249
"R12917",136,131,26.563256154656
"R12918",136,131,26.563256154656
"R12919",93,89,26.563256154656
"R07659",1,1,35.1948316495736
"R02560",5,0,32.5665916047222
"R02973",1,0,0.824613757295145
"R07349",82,82,0.681522474900249
"R07350",86,87,0.681522474900249
"R03840",91,88,2.57231357231223
"R02248",0,0,4.62612052133605
"R02832",0,0,1.88110344171578
"R02637",3,3,7.67749489075481
"R02639",3,3,7.67749489075481
"R05338",20,17,8.31800010820618
"R05339",19,2,11.2237455765351
"R09780",14,13,11.2237455765351
"R07476",16,15,0.249380855561164
"R02394",2,2,0.685693407906565
"R04291",39,34,34.7999470625194
"R05776",0,0,4.42709401284968
"R07175",137,139,5.64768756812705
"R11702",6,4,10.1754149743265
"R05226",5,3,16.1435604560392
"R01697",11,9,0.0903403114606596
"R02925",8,2,0.0903403114606596
"R04540",4,1,32.1653059565701
"R11600",2,2,34.5261959752343
"R10643",6,6,17.0605281427221
"R10644",5,5,17.0605281427221
"R10675",4,4,16.7102635099191
"R04638",0,3,14.3706579774243
"R10719",83,83,2.490756046541
"R01668",5,3,9.66806517471809
"R11182",114,112,25.6419709941817
"R10848",6,6,66.6582224016443
"R09494",37,45,6.12065980167225
"R11488",14,16,55.5727564977577
"R10149",15,2,55.5727564977577
"R02628",73,75,722.594809369874
"R07651",11,8,110.695179466836
"R01384",0,3,92.3962638306092
"R01385",6,3,142.088923184563
"R08166",1,1,35.6806902297277
"R01623",4,18,10.2441827908886
"R07582",0,0,0.0946436040036273
"R02822",44,43,0.0946436040036273
"R05842",2,0,0.0946436040036273
"R07108",0,1,0.0946436040036273
"R07109",0,1,0.0946436040036273
"R07110",0,1,0.0946436040036273
"R07111",0,1,0.0946436040036273
"R04168",1,1,3.31457894323496
"R02806",10,10,3.31457894323496
"R02030",0,6,185.643342731115
"R03744",88,85,0.401741706139478
"R04358",88,85,0.194605700957161
"R04420",1,2,108.692569177949
"R07392",2,2,0.832592557517344
"R07393",3,2,4.80558196135945
"R07394",3,4,3.14273016534104
"R07363",2,3,0.348754856777073
"R07364",4,5,0.348754856777073
"R07608",36,37,34.6680391044238
"R02025",24,0,34.6680391044238
"R12755",90,87,29.6855999698675
"R09640",88,85,29.6855999698675
"R12544",13,12,0.258207585988006
"R12756",7,6,0.258207585988006
"R12545",13,12,0.258207585988006
"R12539",7,10,0.258207585988006
"R12546",10,11,0.258207585988006
"R12547",10,11,0.258207585988006
"R09936",2,12,0.258207585988006
"R09937",20,23,0.258207585988006
"R12625",3,3,4.24400880407189
"R09980",5,3,4.24400880407189
"R12623",3,3,4.24400880407189
"R12624",3,3,4.24400880407189
"R09947",5,2,4.24400880407189
"R09948",1,2,4.24400880407189
"R09949",5,8,4.24400880407189
"R09950",2,2,4.24400880407189
"R07245",1,7,87.6585842577341
"R11921",1,1,250.113816708423
"R11625",1,0,54.3120903447091
"R01155",8,6,6.23146687500499
"R12214",4,3,6.23146687500499
"R07292",46,44,0.158236784784214
"R04053",2,1,16.9092087178344
"R03998",0,0,1.59398647437693
"R03999",0,0,1.59398647437693
"R07414",0,7,4.27356279557055
"R07417",1,0,1.05520445427896
"R07418",1,0,1.05520445427896
"R07419",3,9,1.97696578844323
"R03169",2,2,0.0891608458760409
"R07163",0,2,38.2164564797921
"R02610",86,89,10.9558975391692
"R02208",0,2,10.9558975391692
"R02497",1,3,10.9558975391692
"R02892",87,88,10.9558975391692
"R07429",0,0,10.9558975391692
"R07447",0,0,10.9558975391692
"R08954",0,1,10.9558975391692
"R10242",1,5,10.9558975391692
"R09677",64,57,0.0689249648968237
"R09676",65,57,0.0689249648968237
"R03651",34,37,3.42937920320039
"R02662",7,12,0.325674866720685
"R03174",6,11,0.325674866720685
"R04097",62,5,0.325674866720685
"R10998",20,1,0.325674866720685
"R09379",1,6,0.771190785507264
"R00397",27,20,18.5063142698687
"R00863",8,1,18.5063142698687
"R03647",0,14,18.1196929420803
"R12500",48,47,573.90580618266
"R12806",18,17,108.81999424547
"R07512",3,0,7.91547330886161
"R06954",0,0,1.38049773560629
"R07535",0,0,0.0327818171085213
"R07521",0,0,0.0327818171085213
"R07524",0,0,0.0327818171085213
"R07527",0,0,0.0327818171085213
"R07529",0,0,0.0327818171085213
"R07533",0,0,0.0327818171085213
"R12753",1,0,0.0327818171085213
"R12115",6,6,0.0907957738368297
"R07541",0,1,0.0907957738368297
"R07857",1,2,0.0907957738368297
"R07858",1,1,0.0907957738368297
"R07560",1,2,0.0907957738368297
"R12116",6,6,0.0907957738368297
"R07849",0,1,0.0907957738368297
"R07395",3,2,0.193747550307186
"R03754",88,85,1.72301066319085
"R02757",7,3,1.72301066319085
"R02758",89,86,1.72301066319085
"R00158",61,61,597.250287181182
"R01898",5,5,64.6739678248611
"R07658",1,3,4.0239404525192
"R07660",1,1,4.0239404525192
"R07661",0,1,60.9097486460995
"R10002",1,1,159.39990834113
"R09659",5,5,0.509182329155757
"R04798",3,3,0.509182329155757
"R04800",3,2,0.509182329155757
"R09691",6,5,0.509182329155757
"R09692",1,5,0.509182329155757
"R04787",3,3,0.509182329155757
"R09693",7,6,0.509182329155757
"R09716",6,7,0.509182329155757
"R00889",10,8,0.333886822757698
"R07672",10,8,0.333886822757698
"R07613",6,6,729.56824375658
"R02172",4,4,3.31072371514338
"R02137",3,5,3.31072371514338
"R02604",20,26,1.70399605627162
"R05296",19,25,1.70399605627162
"R05362",6,6,1.70399605627162
"R05865",18,3,1.70399605627162
"R03889",0,1,0.283393077967282
"R02762",1,2,0.283393077967282
"R05353",3,2,0.283393077967282
"R00008",61,63,17.2540684713445
"R00350",79,2,17.2540684713445
"R04279",2,0,1.7474741837663
"R04278",2,0,1.7474741837663
"R04419",3,2,1.7474741837663
"R04277",2,4,0.608036502848488
"R07264",17,21,13.976898394615
"R10826",0,0,0.121030408601368
"R07759",0,0,0.121030408601368
"R02813",1,3,467.572342595276
"R02089",4,4,22.6243958270918
"R03347",6,7,0.534243474250392
"R11996",65,68,2.63236841393266
"R04466",88,86,23.1807670965806
"R01416",2,2,80.6334947940693
"R07226",61,62,79.2004248837174
"R07227",25,22,30.2189857474957
"R07228",19,22,32.3503688869135
"R02227",90,86,3.10505700949497
"R07354",82,82,11.3015678885115
"R01793",4,3,11.3015678885115
"R07355",86,87,11.3015678885115
"R01794",4,3,11.3015678885115
"R11720",1,1,82.9019325000034
"R08124",89,86,94.4039138761857
"R10822",99,102,2.0559306359543
"R10823",8,10,2.0559306359543
"R00053",3,2,0.130508752294709
"R02814",2,1,0.652445209482083
"R01706",2,4,0.652445209482083
"R08159",0,3,0.652445209482083
"R08162",0,2,0.652445209482083
"R08163",0,1,0.652445209482083
"R02825",2,1,9.4020201436047
"R01689",85,84,50.6751321582885
"R02252",3,1,50.6751321582885
"R07342",27,33,1.41720244264721
"R01241",28,34,1.41720244264721
"R06893",1,1,1.41720244264721
"R01274",5,7,2.63208575853635
"R08174",0,0,2.63208575853635
"R08175",0,0,2.63208575853635
"R08176",2,2,2.63208575853635
"R08177",4,0,2.63208575853635
"R08178",2,0,2.63208575853635
"R08179",0,0,2.63208575853635
"R08180",0,1,2.63208575853635
"R08181",1,1,2.63208575853635
"R08182",0,1,2.63208575853635
"R08183",8,0,2.63208575853635
"R09450",3,2,2.63208575853635
"R09977",1,2,0.383093896681015
"R05704",0,22,4.73399967295909
"R00374",25,21,4.73399967295909
"R08223",0,1,1.28920007366199
"R11226",0,0,0.411571161142496
"R11518",0,0,0.411571161142496
"R02063",4,3,0.411571161142496
"R08379",3,1,55.9944161417347
"R00861",21,26,3.54151613651158
"R00295",0,0,3.54151613651158
"R08035",0,1,3.54151613651158
"R08559",3,1,4.3681828135564
"R11169",3,4,3.32203416081212
"R12024",31,31,79.2508963985434
"R09767",0,1,0.513828309910048
"R09398",1,2,1.52258563514918
"R12648",8,9,1.52258563514918
"R12649",8,9,1.52258563514918
"R01844",10,9,10.8525243193063
"R11183",89,86,13.7470095778166
"R11219",72,70,2.36409258570688
"R11216",72,70,2.36409258570688
"R11217",69,67,2.36409258570688
"R10939",2,2,9.87188828550874
"R08569",5,0,4.92770207474962
"R08776",0,0,32.7354857541837
"R03599",10,2,188.859853184483
"R03986",60,60,25.7764849793192
"R03459",1,2,174.058070510095
"R00549",8,4,346.620058619429
"R00161",13,15,325.814031289153
"R02237",5,2,110.416233342378
"R01654",126,122,110.416233342378
"R04241",0,0,110.416233342378
"R00942",16,22,110.416233342378
"R05197",119,118,110.416233342378
"R10666",1,6,36.6185840497385
"R08587",1,1,5.11067675673663
"R08588",0,2,35.9978871367503
"R01181",10,12,0.299029116356794
"R10223",1,1,818.45454549095
"R09399",1,1,9.86074754511154
"R09400",8,1,9.86074754511154
"R01152",7,2,213.568952117427
"R08197",3,7,3.10483819087764
"R01990",3,8,0.183594568845606
"R09076",7,0,0.40804333821394
"R03132",0,2,22.5537128649109
"R01493",26,27,0.188696971730514
"R01494",2,7,0.188696971730514
"R06518",2,0,0.188696971730514
"R06528",1,3,0.188696971730514
"R02541",6,6,0.519861205909366
"R04813",0,0,0.697219574654418
"R04809",0,0,0.697219574654418
"R09698",5,4,6.25083445258286
"R07935",0,1,6.25083445258286
"R07951",0,1,6.25083445258286
"R04263",2,1,0.0775500821402455
"R08721",0,0,0.0775500821402455
"R08723",0,0,0.0775500821402455
"R08724",0,0,0.0775500821402455
"R08728",0,0,0.0775500821402455
"R04264",88,89,0.0775500821402455
"R00293",0,15,0.670461440485639
"R04265",1,2,2.13805636316167
"R04266",0,1,0.179577183878144
"R07501",0,0,1.13568536657002
"R10709",1,0,1.13568536657002
"R10710",0,0,1.13568536657002
"R08528",0,8,1.52303726080641
"R05744",55,57,2.41082363598051
"R10303",5,5,5.60337854626446
"R02261",4,1,2.77530593096089
"R03774",2,0,3.79577995885051
"R00193",57,56,178.443602993444
"R09660",0,8,178.443602993444
"R11223",7,7,1.30873011704581
"R12206",8,8,1.30873011704581
"R12187",9,9,1.30873011704581
"R12200",7,7,1.30873011704581
"R12211",11,12,1.30873011704581
"R10906",20,22,2.36318100535155
"R11204",24,21,3.18659817656593
"R11205",24,21,3.18659817656593
"R11938",21,19,155.488483761805
"R11937",21,19,41.7303354200377
"R10460",0,5,169.999404610565
"R10140",1,1,98.2395465174054
"R10141",1,1,38.6448515718059
"R10100",2,1,35.208841702294
"R09600",0,2,1.17616127876145
"R00486",21,1,0.252511179276858
"R01267",7,2,0.252511179276858
"R04231",1,18,254.881332610019
"R08937",1,1,114.322545649455
"R10525",28,32,0.324987821341377
"R08946",6,26,0.324987821341377
"R11306",6,37,0.324987821341377
"R08947",39,36,10.213462448983
"R08962",88,85,113.658139749736
"R08967",89,86,113.658139749736
"R08968",2,5,113.658139749736
"R08956",10,5,0.149139137133534
"R08970",1,1,23.3566869924905
"R08981",0,1,0.700243593919744
"R00557",11,9,0.0966303746442793
"R00558",1,7,0.0966303746442793
"R00111",5,1,0.0966303746442793
"R02640",6,5,2.08831093850847
"R01399",7,7,50.2140676045281
"R04452",3,1,14.3749994771489
"R09722",2,2,2.12120360995728
"R06439",0,1,0.984163760142471
"R06427",0,1,0.361960709645651
"R05526",0,2,7.78144923521027
"R10104",160,158,0.0828876067363064
"R09470",4,2,0.0828876067363064
"R11878",0,0,27.7041999768685
"R04603",48,47,5.14417680641541
"R05931",0,0,5.14417680641541
"R07336",49,46,5.14417680641541
"R01318",12,3,0.581683172575546
"R03438",1,3,0.581683172575546
"R04480",8,1,0.581683172575546
"R03437",3,2,0.556504057811094
"R03804",0,0,54.9566124274163
"R00269",32,0,54.9566124274163
"R00348",19,1,54.9566124274163
"R11207",5,5,66.2915036433845
"R03337",88,87,0.751230358568325
"R03339",92,92,0.751230358568325
"R03373",0,1,0.751230358568325
"R12252",1,0,0.751230358568325
"R01370",8,7,0.751230358568325
"R01371",8,7,0.751230358568325
"R11507",0,0,0.126818408895384
"R07796",0,2,9.98403187833909
"R12492",3,3,9.98403187833909
"R12493",0,0,9.98403187833909
"R02203",0,0,0.842792661824404
"R01249",8,2,0.842792661824404
"R04343",51,47,0.368849752216267
"R05191",1,2,0.368849752216267
"R11703",24,22,6.06822183794323
"R11704",2,2,6.06822183794323
"R05164",1,1,15.8771669791539
"R09663",12,15,2.39224370600841
"R10134",3,4,0.603801820286714
"R07650",4,2,1.94993262192255
"R09080",1,7,0.733977937553027
"R09079",1,11,0.733977937553027
"R09082",0,1,177.918995926139
"R09081",6,1,177.918995926139
"R01234",8,1,0.135568369742058
"R02085",4,5,0.831810144383985
"R02061",5,6,184.078379653116
"R08058",3,11,0.0397834914533225
"R02526",0,0,0.614165504459669
"R09097",14,16,22.0140573543743
"R08944",41,35,17.0245451194664
"R09482",17,5,2.81349956432514
"R11019",0,1,0.308540066549402
"R04455",3,4,0.189138524998348
"R03540",1,2,4.40432411009068
"R10000",10,19,1.21179057590771
"R10016",14,12,4.8267155011293
"R09124",4,4,4.8267155011293
"R10095",0,0,40.2060518474284
"R08433",3,58,25.9819989375764
"R10243",79,82,38.8324004321773
"R01021",6,5,0.888133669884302
"R01468",2,3,0.888133669884302
"R00716",10,6,0.139157321065447
"R02313",3,5,0.139157321065447
"R03771",3,3,44.8258302491435
"R02429",2,2,3.89222398163249
"R00748",12,1,0.792074451766855
"R08618",24,25,3.85640336591953
"R09484",101,101,0.111701443416548
"R09485",105,106,0.111701443416548
"R00821",3,1,0.393643999269184
"R04122",2,1,0.00638005499777273
"R01842",0,5,0.00638005499777273
"R02354",0,4,0.00638005499777273
"R02355",0,4,0.00638005499777273
"R02356",6,5,0.00638005499777273
"R02503",0,3,0.00638005499777273
"R03088",0,2,0.00638005499777273
"R03089",2,2,0.00638005499777273
"R03090",0,2,0.00638005499777273
"R03408",5,1,0.00638005499777273
"R03629",0,0,0.00638005499777273
"R04121",1,9,0.00638005499777273
"R03697",1,0,0.00638005499777273
"R05259",0,0,0.00638005499777273
"R07000",1,0,0.00638005499777273
"R07001",2,0,0.00638005499777273
"R07021",2,0,0.00638005499777273
"R07022",2,0,0.00638005499777273
"R07042",1,1,0.00638005499777273
"R07043",3,0,0.00638005499777273
"R07044",0,1,0.00638005499777273
"R07045",0,1,0.00638005499777273
"R07046",7,3,0.00638005499777273
"R07048",1,4,0.00638005499777273
"R07050",1,4,0.00638005499777273
"R07051",1,4,0.00638005499777273
"R07052",1,4,0.00638005499777273
"R07054",0,4,0.00638005499777273
"R07055",3,4,0.00638005499777273
"R07056",3,4,0.00638005499777273
"R07079",0,0,0.00638005499777273
"R07080",0,0,0.00638005499777273
"R07081",1,0,0.00638005499777273
"R07085",0,0,0.00638005499777273
"R07087",0,0,0.00638005499777273
"R07098",0,1,0.00638005499777273
"R07099",2,0,0.00638005499777273
"R07939",3,1,0.00638005499777273
"R07943",4,1,0.00638005499777273
"R07945",0,2,0.00638005499777273
"R08265",0,1,0.00638005499777273
"R08267",0,0,0.00638005499777273
"R08270",0,0,0.00638005499777273
"R08286",2,0,0.00638005499777273
"R08287",2,0,0.00638005499777273
"R08293",1,0,0.00638005499777273
"R08294",0,0,0.00638005499777273
"R08312",0,0,0.00638005499777273
"R08343",2,0,0.00638005499777273
"R08344",0,0,0.00638005499777273
"R08345",1,1,0.00638005499777273
"R08390",0,1,0.00638005499777273
"R08391",0,1,0.00638005499777273
"R08392",0,1,0.00638005499777273
"R09404",0,0,0.00638005499777273
"R09405",1,0,0.00638005499777273
"R09406",0,1,0.00638005499777273
"R09407",0,0,0.00638005499777273
"R09408",1,0,0.00638005499777273
"R09416",0,0,0.00638005499777273
"R09418",0,0,0.00638005499777273
"R09421",0,0,0.00638005499777273
"R09423",0,0,0.00638005499777273
"R09424",0,1,0.00638005499777273
"R09425",0,1,0.00638005499777273
"R09442",0,0,0.00638005499777273
"R00106",86,87,0.00638005499777273
"R05102",86,87,0.00638005499777273
"R08539",86,87,0.00638005499777273
"R08551",86,87,0.00638005499777273
"R10652",80,79,187.652775745414
"R10653",78,78,187.652775745414
"R10654",69,67,187.652775745414
"R09291",10,13,0.0461339004176978
"R09289",6,6,16.6321854748547
"R00740",13,11,0.352696098041765
"R09283",0,0,1.61397870475582
"R11950",4,4,9.40859280587557
"R10782",8,12,24.1339008374607
"R03031",9,0,24.1339008374607
"R07575",0,0,0.486938425014409
"R09374",3,0,0.0940104325452865
"R09375",0,2,16.4208533581862
"R09376",0,2,16.4208533581862
"R07640",120,118,3.2874580311925
"R00436",9,11,3.2874580311925
"R03114",0,0,2.47972669914786
"R08979",0,0,21.5665068183339
"R06390",0,0,21.5665068183339
"R06392",0,0,21.5665068183339
"R06391",0,0,21.5665068183339
"R06393",0,0,21.5665068183339
"R06398",0,0,0.0656161239653965
"R09385",0,0,0.0656161239653965
"R09389",0,0,0.0656161239653965
"R09393",0,0,0.0656161239653965
"R09401",0,9,4.1118098363349
"R05554",3,1,8.56198777521637
"R09280",7,11,11.9711312916393
"R02289",17,2,12.8504014946009
"R03793",4,3,1.90645436511022
"R07664",3,2,1.90645436511022
"R04160",1,0,1.90645436511022
"R00733",12,9,0.410702774819943
"R00606",11,5,0.17345530079661
"R00595",69,67,0.309833961506227
"R09126",1,1,1.84033351613031
"R07984",1,1,2.91825873111097
"R09472",8,0,0.178288438770247
"R01684",39,34,13.8518508837765
"R02600",0,3,2.9547943200954
"R10552",78,78,0.346929300958519
"R00601",71,69,44.1828735716497
"R09545",84,85,3.92567950923175
"R09550",22,27,0.345711158033631
"R09555",0,4,0.487723659946477
"R09554",0,0,0.389942042812313
"R09557",140,141,9.71358432703492
"R01967",3,4,1.57727509968134
"R02321",15,16,22.2912825729407
"R01666",5,2,23.4662751799622
"R09622",92,90,0.641476208106748
"R09634",67,58,46.6217661067647
"R09651",27,33,1.98253085833205
"R09591",17,18,0.185140549738619
"R09530",29,31,46.6822874943965
"R05326",6,4,85.6738638247075
"R09632",3,1,21.0652508208977
"R09740",70,68,0.0703934570562404
"R09741",70,67,0.0703934570562404
"R11583",0,1,0.431015108889934
"R01627",8,8,5.15425612517208
"R09772",0,1,5.13546127882843
"R03203",86,87,2.71929332384822
"R02836",2,1,2.71929332384822
"R03848",0,1,2.71929332384822
"R04758",0,0,2.71929332384822
"R04840",1,0,2.71929332384822
"R09588",101,97,1.3142182576817
"R09800",1,0,0.132591920690132
"R09801",3,1,0.330958486945874
"R03397",6,4,1.69477454487311
"R03399",6,4,1.69477454487311
"R10649",81,80,172.845620502874
"R10650",79,79,172.845620502874
"R10651",69,67,172.845620502874
"R09837",1,1,18.2857214071131
"R02794",2,5,1.00212983180931
"R04580",54,54,1.00212983180931
"R04507",55,55,1.00212983180931
"R08733",1,1,1.00212983180931
"R08738",1,2,1.00212983180931
"R08743",0,2,1.00212983180931
"R12109",1,1,5.75898092002014
"R12110",1,1,5.75898092002014
"R11539",3,5,4.22625659605491
"R07295",3,5,4.22625659605491
"R11565",2,2,0.795028456835639
"R07318",0,0,0.795028456835639
"R11566",2,2,0.795028456835639
"R09730",0,4,0.421645887400588
"R10412",1,0,0.270103353716616
"R09697",3,21,22.8303395371841
"R09825",1,3,9.32836582755545
"R09842",1,1,3.28997401795259
"R09834",1,1,1.47324819496808
"R09841",1,1,13.8101294387055
"R09843",0,1,11.4342163737275
"R04529",1,1,2.94489402669483
"R10266",1,21,9.80832807479187
"R10099",2,1,19.1455693088518
"R10188",48,47,16.1621020063345
"R10184",17,18,44.487857502005
"R11543",14,13,8.52269066178871
"R09860",0,1,2.92558866361815
"R09953",4,4,7.10499055161086
"R09954",4,4,108.775573039116
"R09883",2,0,16.3954268886428
"R02643",1,1,1.72933816746899
"R01834",6,2,1.72933816746899
"R04827",1,0,1.72933816746899
"R10852",89,89,41.1101430798746
"R10851",2,2,41.1101430798746
"R03758",2,3,41.1101430798746
"R09945",1,3,0.582158623852584
"R09994",2,2,88.0729856466789
"R11530",1,16,114.573205372873
"R03868",1,1,0.133800663302572
"R05579",3,5,0.785028182040852
"R10014",7,7,1.70100212086628
"R09998",4,5,1.70100212086628
"R10015",16,13,0.620945056052734
"R09999",4,4,0.620945056052734
"R10010",0,5,2.12221111032785
"R09943",18,22,154.640718511554
"R01445",3,1,25.3915541788826
"R10810",2,2,25.3915541788826
"R09946",114,105,17.3465948603588
"R09932",86,87,1.68762518665079
"R03315",2,1,260.089828607049
"R01055",12,13,85.339361917087
"R06633",1,0,105.469588715471
"R05518",2,5,0.202609924881447
"R06428",6,5,0.202609924881447
"R11034",2,2,0.202609924881447
"R06426",1,0,3.53140823024872
"R07839",3,5,3.82277911857973
"R04478",3,4,0.126044556452891
"R10123",1,4,0.0300267059925324
"R06531",1,3,2.65670949808207
"R10113",82,82,2.17049411779866
"R10142",90,88,5.77489784776205
"R09720",3,2,0.251509127395855
"R03444",2,2,0.251509127395855
"R04371",3,3,0.251509127395855
"R10391",0,0,0.251509127395855
"R10392",1,0,0.251509127395855
"R10393",0,1,0.251509127395855
"R10394",0,0,0.251509127395855
"R10395",1,0,0.251509127395855
"R10396",0,1,0.251509127395855
"R03925",1,1,13.82750255737
"R05693",3,3,7.38514963428362
"R07137",4,5,4.43888351948457
"R07633",62,0,14.9091640341862
"R10815",1,1,1.0773563974811
"R00961",6,10,1.0773563974811
"R10235",2,2,1.0773563974811
"R01310",7,9,0.296749391598564
"R02051",7,5,0.296749391598564
"R07385",0,1,0.296749391598564
"R12425",5,5,1.32527483584524
"R10175",5,5,0.228010275287004
"R10172",71,62,0.333814021498419
"R02987",0,0,0.716302879323395
"R01667",5,3,8.48838092709025
"R10056",13,12,0.250288663555902
"R09510",10,9,0.250288663555902
"R09511",13,12,0.250288663555902
"R07177",1,2,10.8797301668778
"R09997",4,3,0.0772019444255812
"R10001",7,7,0.0772019444255812
"R10528",95,96,91.8672419783284
"R01440",26,18,0.0316055081981329
"R06862",29,27,0.0316055081981329
"R04520",3,0,0.911262753453698
"R01283",15,10,0.283706320906237
"R08633",25,26,0.283706320906237
"R10152",2,15,7.07612625841555
"R12096",0,0,0.456232236687426
"R12097",0,0,0.456232236687426
"R09499",14,14,0.448659599686
"R10059",11,9,2.71005875673848
"R09521",96,95,2.71005875673848
"R09522",87,88,2.71005875673848
"R10330",0,1,27.4872271644802
"R10407",1,0,5.90367091033023
"R10408",2,1,0.891158988167885
"R10344",0,0,2.05567488237136
"R10345",0,0,2.05567488237136
"R11180",2,2,128.847092728646
"R04527",3,2,14.5192471958055
"R09756",0,0,0.27062467162435
"R10399",0,0,0.27062467162435
"R10400",0,0,0.27062467162435
"R00977",12,12,11.4014271569584
"R01414",90,91,11.4014271569584
"R11026",9,10,11.4014271569584
"R02243",3,3,6.78296206484651
"R08678",11,1,2.07431878744048
"R11946",2,1,2.07431878744048
"R11947",15,13,2.07431878744048
"R02395",82,82,6.85812249255931
"R07346",8,2,29.9226446950721
"R09477",3,2,0.350004040905131
"R09989",87,88,0.106921380743836
"R09990",1,1,0.106921380743836
"R02553",82,82,2.32196536788885
"R02229",2,1,2.32196536788885
"R00041",65,64,0.229269949680496
"R10267",168,169,341.604428927354
"R10268",177,179,341.604428927354
"R10280",1,1,335.229182990256
"R10281",1,1,335.229182990256
"R09480",12,14,0.517906289705656
"R09590",88,85,157.799804335238
"R09833",0,0,0.111919252431707
"R07143",6,6,4.39367834283276
"R07144",6,6,4.39367834283276
"R01869",4,4,689.838624448513
"R09738",14,19,0.166818048778507
"R10325",0,1,1.31112311668216
"R10326",0,1,1.31112311668216
"R10331",0,1,1.31112311668216
"R03027",10,14,28.4345826070839
"R10517",82,82,627.316286755831
"R07171",116,116,12.0233777784912
"R05716",89,90,0.0575323126796141
"R06289",82,82,0.0575323126796141
"R05715",84,84,0.0575323126796141
"R10464",20,17,7.33515144165493
"R02461",5,4,14.1855700993467
"R11229",29,19,1.36526961781032
"R10279",3,3,8.15672899762683
"R09797",2,2,4.51973218451311
"R12769",3,3,4.51973218451311
"R12770",3,3,4.51973218451311
"R07634",62,3,4.80983418116182
"R07181",86,87,441.575624655446
"R10390",15,2,90.1106017574486
"R09508",82,82,11.2563900420523
"R03349",1,1,45.6805479755277
"R10564",8,1,79.9517034726259
"R03030",9,1,46.1844604705479
"R09125",1,1,0.956686582413626
"R09473",1,4,1.79516676060886
"R05275",0,0,7.35646008527935
"R01039",9,7,9.72826296350059
"R10343",97,100,59.5692543072683
"R00471",83,83,0.0174084618213207
"R00469",67,70,0.407111291470101
"R05771",0,0,1.07161696477351
"R03874",23,21,0.266860319672831
"R10575",31,28,0.608893628714637
"R10346",1,1,46.2574056876783
"R10579",1,1,66.5661100643202
"R10660",19,23,9.47144156472476
"R11449",0,0,5.663682388947
"R11525",0,0,5.663682388947
"R11526",0,0,5.663682388947
"R10555",4,3,5.16737039988516
"R10597",1,6,3.81324245778847
"R10668",1,1,0.0792224670488052
"R10667",2,1,32.0962094347918
"R00406",29,28,0.147182962688542
"R03154",1,1,0.147182962688542
"R02490",4,4,0.600454759976637
"R02491",5,5,0.600454759976637
"R03688",0,0,15.2693800536774
"R03942",0,0,0.0734460621061696
"R10788",0,2,0.0734460621061696
"R10995",0,2,0.0734460621061696
"R00589",22,18,18.4341410376704
"R02450",4,3,14.5585518576002
"R07222",1,1,0.409168507315939
"R07294",3,1,0.409168507315939
"R09960",1,3,0.0562182000570241
"R05864",2,1,0.0562182000570241
"R10419",96,96,7.74329747688639
"R10438",99,100,7.74329747688639
"R09717",43,37,3.307130130115
"R09718",42,36,3.307130130115
"R07312",3,2,7.81418875478095
"R10187",1,2,28.393035888101
"R10304",1,1,55.7783245947981
"R10182",0,1,69.879005201276
"R09879",77,73,8.40927631614282
"R09880",77,73,8.40927631614282
"R00138",69,68,15.7994700764689
"R10617",2,3,1.53542622124246
"R09876",0,2,37.8895084739138
"R10970",90,87,14.8755632765971
"R10765",1,1,38.5609985573606
"R09647",0,0,2.00670335975616
"R09648",4,4,2.00670335975616
"R02745",4,1,7.75946993605062
"R03415",1,2,7.75946993605062
"R10867",1,2,201.162161248901
"R01712",6,4,0.63730004522847
"R07674",1,0,40.8790369975568
"R10519",94,97,3.45595562026116
"R10547",0,0,4.84880996632126
"R01441",92,87,15.4277464369415
"R09942",9,2,52.7001695425735
"R10659",12,9,2.2920361866765
"R10769",0,1,2.36181747844795
"R10770",53,54,2.41962733062012
"R09643",54,55,280.980800792711
"R10614",82,85,12.8683437210908
"R02084",20,20,5.43587666176961
"R11621",16,15,15.8773180330981
"R11614",16,15,15.8773180330981
"R09941",17,21,4.37181197956695
"R10811",1,1,116.210190050119
"R10829",6,4,116.210190050119
"R10832",8,6,3.23523287577992
"R10432",51,49,4.63124037756814
"R08768",1,1,2.21192265010666
"R04987",1,1,2.21192265010666
"R09729",88,85,1.61345546072326
"R01192",1,11,0.143109348057004
"R10658",70,68,0.593852466210025
"R10657",89,86,0.593852466210025
"R07248",5,5,0.155152995907716
"R02191",91,89,0.356947548525204
"R03903",0,1,0.356947548525204
"R10785",108,102,110.374856091278
"R09595",99,95,36.5045082553813
"R09611",69,67,0.0617135165795397
"R09612",69,67,0.0617135165795397
"R09613",69,67,0.0617135165795397
"R10060",4,22,4.57222170806691
"R00367",30,25,4.57222170806691
"R07243",77,74,4.97817441223576
"R10061",2,6,0.405952704168846
"R07244",2,4,0.405952704168846
"R10817",13,10,19.4330993741462
"R10818",1,1,19.4330993741462
"R01169",2,4,0.0592250683303647
"R10523",73,70,0.0592250683303647
"R10524",69,67,0.0592250683303647
"R04436",70,68,0.0592250683303647
"R11013",0,2,3.9102664209312
"R05746",82,82,0.147524737884632
"R10836",38,40,0.0978393691072657
"R10837",17,18,0.0978393691072657
"R10838",25,26,0.0978393691072657
"R10846",1,0,0.242001383009937
"R10847",6,1,4.55838321479813
"R11083",5,6,4.55838321479813
"R10850",1,14,28.2124006767926
"R10601",0,0,0.375068250542844
"R10665",89,90,39.9796537543115
"R12552",2,2,39.9796537543115
"R12553",3,3,39.9796537543115
"R09536",9,5,0.0913661389520522
"R09537",1,3,0.0913661389520522
"R10190",2,3,56.1630240614384
"R08194",86,87,48.6728457144235
"R07515",1,0,0.316757442364882
"R10102",4,1,19.0401226304919
"R07262",2,1,78.3316981722764
"R11090",92,89,72.6659987228624
"R07279",7,8,1.90289818479333
"R10917",0,0,5.35008712252575
"R07985",0,1,0.812237781515094
"R10255",0,0,0.0143860110599598
"R10441",34,29,0.0143860110599598
"R00318",26,0,0.377818411241584
"R11001",78,79,0.328831722670085
"R00126",2,69,7.41232546717136
"R01618",2,6,7.41232546717136
"R00029",8,6,1.19793038316712
"R11394",3,3,5.28337716392499
"R11395",1,1,3.42536178665564
"R11031",10,3,0.0362679265302003
"R11032",10,3,0.0362679265302003
"R02144",0,0,0.191580221033876
"R11038",0,0,62.0758319197621
"R01669",23,31,0.0872620083013596
"R03361",1,3,2.31259117703471
"R10938",0,0,179.004818227271
"R11186",6,6,5.57906392508271
"R10422",84,84,0.889654910237246
"R10423",88,89,0.889654910237246
"R00305",20,24,0.176086875858409
"R10153",34,36,1.30560253931256
"R10602",8,8,2.37958090120718
"R06423",1,0,39.3087199072845
"R05283",0,1,4.48053433014981
"R08195",35,32,0.686579572869247
"R08196",35,32,0.686579572869247
"R10554",5,5,29.6173055683563
"R11075",5,6,1.83351961781918
"R11076",1,1,12.7034385928885
"R10484",58,60,0.817149028504617
"R10285",20,19,54.9204933001287
"R11171",14,8,1.79646413922649
"R08201",120,114,0.858468883217221
"R09798",32,32,0.314394567230316
"R04553",17,17,1.70340061596375
"R11095",4,4,5.05361081934221
"R10512",100,101,0.0711095207420173
"R10306",70,68,0.107937792685865
"R04481",69,67,0.107937792685865
"R08468",69,67,0.107937792685865
"R08469",70,68,0.107937792685865
"R11193",69,67,0.236900273321459
"R04404",1,1,0.105341080524934
"R09827",0,0,0.105341080524934
"R00346",29,32,0.26893591368489
"R09475",44,50,4.87646399351042
"R10963",0,0,0.221440037600082
"R02773",6,5,7.07402628087246
"R02772",142,139,7.07402628087246
"R01720",1,4,42.8614756016927
"R03164",1,2,0.549420951671377
"R03908",1,0,1.93492787690801
"R03070",1,1,10.3564964114678
"R03069",1,1,2.75057464297794
"R01355",67,1,9.75237985263478
"R09509",1,1,7.49035931679886
"R08936",18,6,8.13695439024612
"R02963",5,5,1.26453641602956
"R11078",3,2,1.11101019582877
"R06988",0,0,0.224001543941425
"R09284",0,0,0.224001543941425
"R09683",19,22,3.36692988229966
"R10051",0,0,6.48411965107637
"R10695",1,1,70.1594039351408
"R04194",18,5,0.454990767583382
"R11209",2,2,21.70313605094
"R11208",5,5,21.70313605094
"R04950",1,58,9.51338876446128
"R10972",1,1,26.5311915279189
"R10973",9,1,26.5311915279189
"R07280",1,1,1129.05380960586
"R11462",1,1,22.0410090760805
"R11398",8,6,7.33852077718365
"R11397",3,3,7.33852077718365
"R02921",13,11,30.8198787345151
"R11341",2,2,0.839865700347821
"R11440",2,2,5.60094251376724
"R11535",3,3,2.59401681888616
"R11544",1,1,24.4505943036876
"R11540",45,44,1.36599347464907
"R11541",2,3,1.36391340547631
"R11523",2,2,24.8081194824266
"R11524",16,17,24.8081194824266
"R10610",2,2,2.90650663771336
"R11149",1,1,0.0673753070914241
"R11147",83,84,0.0673753070914241
"R11148",2,1,0.0673753070914241
"R11439",6,8,6.84206557139641
"R11558",4,4,0.776952288188228
"R10465",26,27,87.7060589553887
"R01008",62,55,5.85446605778683
"R11224",46,45,3.76486288408643
"R11487",1,16,17.1315973076159
"R10988",59,50,0.215666581889685
"R10989",59,50,0.215666581889685
"R10990",59,50,0.215666581889685
"R10434",60,51,4.32347596678733
"R10433",51,49,1.81009039354003
"R10439",18,18,5.21015161663701
"R10962",69,67,1.69875229210667
"R10174",89,87,3.39939195429138
"R00399",99,96,10.1167914781896
"R11654",0,0,1.17285294465145
"R11547",0,0,0.100144206449526
"R11548",0,0,0.100144206449526
"R10431",77,75,0.434394650985337
"R11579",11,3,0.12510513661761
"R11741",74,72,0.719624874369052
"R11742",74,72,0.719624874369052
"R11612",17,16,0.488676653890844
"R11613",17,16,2.72761212963319
"R11622",4,4,5.71208364840365
"R11585",0,0,0.386944722854264
"R11628",1,0,2.66984275499206
"R11629",0,1,0.532927108173033
"R11624",4,4,3.83841192323526
"R02927",6,7,7.95871573382365
"R11623",19,7,3.03813905357024
"R11592",2,2,221.690741074334
"R11633",3,7,221.690741074334
"R11634",9,74,221.690741074334
"R11635",2,5,221.690741074334
"R11636",4,8,221.690741074334
"R04200",3,3,5.10295159674109
"R04201",3,3,5.10295159674109
"R04687",1,2,5.10295159674109
"R04688",1,2,5.10295159674109
"R11401",3,4,0.249707822699243
"R11410",2,2,0.334533913136523
"R11637",3,2,1.27629158670403
"R11655",31,28,10.3283008925165
"R11441",1,1,1.90161880297399
"R12056",7,6,0.728436485733641
"R06746",2,7,0.728436485733641
"R12057",1,1,0.728436485733641
"R06747",0,2,0.0646529448673115
"R05699",1,0,0.564799111677987
"R10803",29,34,17.9830983542547
"R11339",0,1,1.00084470090946
"R00672",11,10,36.5050709695413
"R11330",2,2,1.28034531085855
"R11332",1,1,5.85358664922001
"R11700",92,89,494.246746013663
"R11706",2,2,2.64017094867527
"R11707",2,2,2.64017094867527
"R02244",5,4,1.28833054056568
"R11626",0,3,0.215485514006614
"R11724",26,26,36.6725504770302
"R11726",28,28,36.6725504770302
"R04503",17,21,9.00500009268451
"R01586",0,5,12.9656485864715
"R11784",89,86,27.8014658807252
"R11803",91,88,27.8014658807252
"R11716",26,26,9.86207851613761
"R11717",26,26,9.86207851613761
"R11721",1,1,0.99058854011743
"R11722",1,1,0.99058854011743
"R01558",3,3,1.01899422406708
"R11874",8,8,52.9942761213354
"R01429",0,2,2.64093963238644
"R00340",18,21,0.425387174957573
"R01583",0,2,162.604376174811
"R11074",15,15,8.45348122737823
"R03567",0,0,135.387962969554
"R12000",0,1,11.5283183532318
"R03396",0,5,0.00705788949578159
"R03398",0,5,0.00705788949578159
"R02589",1,1,0.166427739630142
"R09721",25,31,688.047929149159
"R11785",2,3,2.37459574573566
"R09664",1,1,66.6359993153378
"R11788",46,45,0.377540238113085
"R11789",2,2,0.377540238113085
"R11790",2,2,0.377540238113085
"R11781",61,60,0.159488014708574
"R11782",62,61,0.159488014708574
"R11958",59,58,0.9847708317993
"R11775",114,110,0.213900246785395
"R11774",105,106,6.667586600268
"R11776",0,0,26.2568393755669
"R11812",0,0,0.383855639421897
"R11818",37,45,5.67055233265537
"R11876",0,0,107.169437102967
"R01450",11,12,123.298622214639
"R07141",83,83,0.181128711703368
"R07142",87,88,0.181128711703368
"R01782",63,65,14.16804219765
"R11941",110,105,11.1839294241474
"R11674",1,1,238.99744519718
"R05764",70,68,12.8119825841496
"R11875",4,4,0.713691518820702
"R11911",4,4,0.713691518820702
"R03983",0,0,59.7852505079654
"R01346",1,3,2.25602177699523
